"name","gender","locale"
"liamm","fr",
"aaliyah","f","de"
"aaron","m","de"
"abdul","m","de"
"abdullah","m","de"
"abigail","f","de"
"ada","f","de"
"adam","m","de"
"adele","f","de"
"adelina","f","de"
"adem","m","de"
"adnan","m","de"
"adrian","m","de"
"adriana","f","de"
"adriano","m","de"
"ahmad","m","de"
"ahmet","m","de"
"aiden","m","de"
"aisha","f","de"
"ajla","f","de"
"alan","m","de"
"alara","f","de"
"alaya","f","de"
"alaz","m","de"
"alba","f","de"
"albert","m","de"
"alea","f","de"
"alena","f","de"
"alessandro","m","de"
"alessia","f","de"
"alessio","m","de"
"alex","m","de"
"alexander","m","de"
"alexandra","f","de"
"alexandru","m","de"
"aleyna","f","de"
"alfred","m","de"
"ali","m","de"
"alia","f","de"
"alice","f","de"
"alicia","f","de"
"alin","f","de"
"alina","f","de"
"alisa","f","de"
"alissa","f","de"
"alma","f","de"
"alparslan","m","de"
"alva","f","de"
"alwin","m","de"
"amal","f","de"
"amalia","f","de"
"amanda","f","de"
"amar","m","de"
"amara","f","de"
"amaya","f","de"
"amelia","f","de"
"amelie","f","de"
"amilia","f","de"
"amin","m","de"
"amina","f","de"
"amir","m","de"
"amira","f","de"
"ammar","m","de"
"amy","f","de"
"anas","m","de"
"anastasia","f","de"
"anaya","f","de"
"andreas","m","de"
"andrej","m","de"
"angelina","f","de"
"anisa","f","de"
"anissa","f","de"
"anna","f","de"
"annabell","f","de"
"annalena","f","de"
"annelie","f","de"
"anni","f","de"
"annika","f","de"
"anouk","f","de"
"anton","m","de"
"antoni","m","de"
"antonia","f","de"
"antonio","m","de"
"aram","m","de"
"aras","m","de"
"arda","m","de"
"aren","m","de"
"ares","m","de"
"ari","m","de"
"arian","m","de"
"ariana","f","de"
"arianna","f","de"
"arin","f","de"
"arina","f","de"
"aris","m","de"
"arman","m","de"
"armin","m","de"
"arne","m","de"
"arno","m","de"
"arthur","m","de"
"arvid","m","de"
"arya","f","de"
"aseel","f","de"
"asel","f","de"
"asiya","f","de"
"aslan","m","de"
"asya","f","de"
"atilla","m","de"
"atlas","m","de"
"august","m","de"
"aurel","m","de"
"aurelia","f","de"
"aurelio","m","de"
"aurora","f","de"
"ava","f","de"
"avin","f","de"
"aya","f","de"
"ayaan","m","de"
"ayan","m","de"
"ayana","f","de"
"ayaz","m","de"
"ayla","f","de"
"aylin","f","de"
"ayliz","f","de"
"ayman","m","de"
"ayoub","m","de"
"azad","m","de"
"aziz","m","de"
"azra","f","de"
"baran","m","de"
"bastian","m","de"
"beatrice","f","de"
"bela","m","de"
"bella","f","de"
"ben","m","de"
"bene","m","de"
"benedikt","m","de"
"benjamin","m","de"
"bennet","m","de"
"benno","m","de"
"berat","m","de"
"bianca","f","de"
"bilal","m","de"
"bjarne","m","de"
"björn","m","de"
"bo","m","de"
"bogdan","m","de"
"bora","f","de"
"bosse","m","de"
"brian","m","de"
"bruno","m","de"
"caleb","m","de"
"can","m","de"
"cara","f","de"
"carina","f","de"
"carl","m","de"
"carla","f","de"
"carlo","m","de"
"carlos","m","de"
"carlotta","f","de"
"carolin","f","de"
"carolina","f","de"
"caspar","m","de"
"casper","m","de"
"cataleya","f","de"
"cayden","m","de"
"cecilia","f","de"
"cedric","m","de"
"celia","f","de"
"celina","f","de"
"celine","f","de"
"ceylin","f","de"
"charlie","f","de"
"charlotte","f","de"
"chiara","f","de"
"chloe","f","de"
"christian","m","de"
"christina","f","de"
"christoph","m","de"
"claire","f","de"
"clara","f","de"
"clea","f","de"
"clemens","m","de"
"cleo","f","de"
"colin","m","de"
"connor","m","de"
"dalia","f","de"
"damian","m","de"
"damir","m","de"
"dana","f","de"
"daniel","m","de"
"danilo","m","de"
"dante","m","de"
"daria","f","de"
"darian","m","de"
"dario","m","de"
"daris","m","de"
"darius","m","de"
"david","m","de"
"dean","m","de"
"defne","f","de"
"delia","f","de"
"dennis","m","de"
"devin","m","de"
"dian","m","de"
"diana","f","de"
"diego","m","de"
"dina","f","de"
"dion","m","de"
"diyan","m","de"
"dominik","m","de"
"dorothea","f","de"
"dua","f","de"
"ecrin","f","de"
"eda","f","de"
"edda","f","de"
"eddy","m","de"
"edgar","m","de"
"ediz","m","de"
"eduard","m","de"
"edwin","m","de"
"efe","m","de"
"efnan","f","de"
"ela","f","de"
"elaine","f","de"
"elara","f","de"
"elea","f","de"
"eleanor","f","de"
"elena","f","de"
"eleni","f","de"
"eleonora","f","de"
"eleyna","f","de"
"elia","m","de"
"elian","m","de"
"eliana","f","de"
"eliano","m","de"
"elias","m","de"
"elif","f","de"
"elijah","m","de"
"elin","f","de"
"elina","f","de"
"elio","m","de"
"elisa","f","de"
"elisabeth","f","de"
"elise","f","de"
"eliz","f","de"
"eliza","f","de"
"ella","f","de"
"ellen","f","de"
"elli","f","de"
"elliot","m","de"
"elodie","f","de"
"eloise","f","de"
"elora","f","de"
"elsa","f","de"
"emanuel","m","de"
"emely","f","de"
"emil","m","de"
"emilia","f","de"
"emilian","m","de"
"emilio","m","de"
"emily","f","de"
"emin","m","de"
"emir","m","de"
"emma","f","de"
"emmi","f","de"
"enes","m","de"
"enie","f","de"
"enisa","f","de"
"enna","f","de"
"enno","m","de"
"ensar","m","de"
"enya","f","de"
"enzo","m","de"
"eren","m","de"
"erik","m","de"
"erika","f","de"
"erna","f","de"
"erwin","m","de"
"esila","f","de"
"eslem","f","de"
"esma","f","de"
"estelle","f","de"
"esther","f","de"
"ethan","m","de"
"eva","f","de"
"evelina","f","de"
"evelyn","f","de"
"evi","f","de"
"evin","f","de"
"eymen","m","de"
"fabian","m","de"
"fabienne","f","de"
"fabio","m","de"
"fatima","f","de"
"feli","f","de"
"felia","f","de"
"felicia","f","de"
"felicitas","f","de"
"felina","f","de"
"feline","f","de"
"felix","m","de"
"fenja","f","de"
"ferdinand","m","de"
"fiete","m","de"
"fina","f","de"
"fine","f","de"
"finja","f","de"
"finley","m","de"
"finn","m","de"
"fiona","f","de"
"flora","f","de"
"florentine","f","de"
"florian","m","de"
"flynn","m","de"
"francesco","m","de"
"franka","f","de"
"franz","m","de"
"franziska","f","de"
"fred","m","de"
"frederik","m","de"
"freya","f","de"
"frieda","f","de"
"friedrich","m","de"
"fritz","m","de"
"fritzi","f","de"
"gabriel","m","de"
"gabriela","f","de"
"georg","m","de"
"gerda","f","de"
"giulia","f","de"
"gloria","f","de"
"grace","f","de"
"gregor","m","de"
"greta","f","de"
"gustav","m","de"
"hadi","m","de"
"hafsa","f","de"
"hailey","f","de"
"hamza","m","de"
"hannah","f","de"
"hannes","m","de"
"hanno","m","de"
"hans","m","de"
"harun","m","de"
"hasan","m","de"
"hava","f","de"
"havin","f","de"
"hazal","f","de"
"hazel","f","de"
"hedda","f","de"
"hedi","f","de"
"heidi","f","de"
"heinrich","m","de"
"helen","f","de"
"helena","f","de"
"helene","f","de"
"helin","f","de"
"hendrik","m","de"
"henning","m","de"
"henriette","f","de"
"henrik","m","de"
"henry","m","de"
"hermine","f","de"
"hevi","f","de"
"hilda","f","de"
"hira","f","de"
"holly","f","de"
"hope","f","de"
"hugo","m","de"
"hussein","m","de"
"ian","m","de"
"ibrahim","m","de"
"ida","f","de"
"idris","m","de"
"ikra","f","de"
"ilaria","f","de"
"ilay","m","de"
"ilja","m","de"
"ilyas","m","de"
"iman","f","de"
"imani","f","de"
"imran","m","de"
"ina","f","de"
"inara","f","de"
"inaya","f","de"
"iris","f","de"
"irma","f","de"
"isa","f","de"
"isaac","m","de"
"isabell","f","de"
"isabella","f","de"
"ismail","m","de"
"isra","f","de"
"issa","m","de"
"iva","f","de"
"ivan","m","de"
"ivana","f","de"
"ivar","m","de"
"ivy","f","de"
"jack","m","de"
"jad","m","de"
"jade","f","de"
"jakob","m","de"
"jakov","m","de"
"jakub","m","de"
"jamal","m","de"
"james","m","de"
"jamie","m","de"
"jamila","f","de"
"jan","m","de"
"jana","f","de"
"janna","f","de"
"janne","f","de"
"jannes","m","de"
"jannik","m","de"
"jannis","m","de"
"jano","m","de"
"janosch","m","de"
"jari","m","de"
"jarno","m","de"
"jaro","m","de"
"jaron","m","de"
"jascha","m","de"
"jasmin","f","de"
"jasmina","f","de"
"jason","m","de"
"jasper","m","de"
"jayden","m","de"
"jella","f","de"
"jeppe","m","de"
"jesper","m","de"
"jette","f","de"
"joana","f","de"
"joel","m","de"
"johann","m","de"
"johanna","f","de"
"johanne","f","de"
"johannes","m","de"
"john","m","de"
"jolie","f","de"
"jolina","f","de"
"jon","m","de"
"jonah","m","de"
"jonas","m","de"
"jonathan","m","de"
"jonna","f","de"
"jonne","m","de"
"jonte","m","de"
"jorik","m","de"
"joris","m","de"
"joscha","m","de"
"josef","m","de"
"josefa","f","de"
"josefin","f","de"
"josephina","f","de"
"josephine","f","de"
"joshua","m","de"
"josie","f","de"
"josua","m","de"
"jovan","m","de"
"jule","f","de"
"julia","f","de"
"julian","m","de"
"juliana","f","de"
"julie","f","de"
"julius","m","de"
"juna","f","de"
"junis","m","de"
"juri","m","de"
"justus","m","de"
"kaan","m","de"
"kai","m","de"
"kaja","f","de"
"kalea","f","de"
"kalle","m","de"
"karam","m","de"
"karan","m","de"
"karim","m","de"
"karl","m","de"
"karlie","f","de"
"kate","f","de"
"katharina","f","de"
"käthe","f","de"
"kayla","f","de"
"keanu","m","de"
"kenan","m","de"
"keno","m","de"
"kerem","m","de"
"kevin","m","de"
"khadija","f","de"
"khaled","m","de"
"kian","m","de"
"kiana","f","de"
"kiano","m","de"
"kilian","m","de"
"kim","f","de"
"kira","f","de"
"kirill","m","de"
"kiyan","m","de"
"kjell","m","de"
"klaas","m","de"
"klara","f","de"
"konrad","m","de"
"konstantin","m","de"
"korbinian","m","de"
"kuno","m","de"
"kurt","m","de"
"kuzey","m","de"
"lana","f","de"
"lani","f","de"
"lara","f","de"
"larin","f","de"
"larissa","f","de"
"lars","m","de"
"lasse","m","de"
"laura","f","de"
"laurenz","m","de"
"laurin","m","de"
"lavin","f","de"
"layan","f","de"
"layla","f","de"
"lea","f","de"
"lean","m","de"
"leana","f","de"
"leander","m","de"
"leandra","f","de"
"leandro","m","de"
"leano","m","de"
"leen","f","de"
"leia","f","de"
"leif","m","de"
"lena","f","de"
"lene","f","de"
"leni","f","de"
"lenia","f","de"
"lenja","f","de"
"lenn","m","de"
"lennard","m","de"
"lennox","m","de"
"lenny","m","de"
"leno","m","de"
"leo","m","de"
"leon","m","de"
"leona","f","de"
"leonard","m","de"
"leonardo","m","de"
"leonas","m","de"
"leonhard","m","de"
"leonid","m","de"
"leonidas","m","de"
"leonie","f","de"
"leonora","f","de"
"leopold","m","de"
"letizia","f","de"
"lev","m","de"
"levi","m","de"
"levin","m","de"
"levio","m","de"
"levke","f","de"
"leyla","f","de"
"lia","f","de"
"liam","m","de"
"lian","m","de"
"liana","f","de"
"liano","m","de"
"liara","f","de"
"lias","m","de"
"lieselotte","f","de"
"lijan","m","de"
"lilia","f","de"
"lilian","f","de"
"liliana","f","de"
"lilith","f","de"
"lilli","f","de"
"lilly","f","de"
"lilo","f","de"
"lima","f","de"
"lina","f","de"
"linda","f","de"
"linnea","f","de"
"lino","m","de"
"linus","m","de"
"lio","m","de"
"lion","m","de"
"lionel","m","de"
"lior","m","de"
"liora","f","de"
"lisa","f","de"
"lisbeth","f","de"
"liv","f","de"
"liva","f","de"
"livia","f","de"
"liya","f","de"
"liyana","f","de"
"liz","f","de"
"logan","m","de"
"lola","f","de"
"lorena","f","de"
"lorenz","m","de"
"lorenzo","m","de"
"lorik","m","de"
"lorin","f","de"
"lotta","f","de"
"lotte","f","de"
"lou","f","de"
"louie","m","de"
"louis","m","de"
"luan","m","de"
"luana","f","de"
"luca","m","de"
"lucia","f","de"
"lucy","f","de"
"ludwig","m","de"
"luis","m","de"
"luisa","f","de"
"luise","f","de"
"lukas","m","de"
"luke","m","de"
"luna","f","de"
"lydia","f","de"
"lynn","f","de"
"madita","f","de"
"madlen","f","de"
"mael","m","de"
"magdalena","f","de"
"magnus","m","de"
"mahdi","m","de"
"mahir","m","de"
"maila","f","de"
"mailin","f","de"
"mailo","m","de"
"maira","f","de"
"maja","f","de"
"malak","f","de"
"malea","f","de"
"malek","m","de"
"malena","f","de"
"maleo","m","de"
"malia","f","de"
"malik","m","de"
"malika","f","de"
"malin","f","de"
"malina","f","de"
"malio","m","de"
"maliya","f","de"
"malou","f","de"
"malte","m","de"
"manuel","m","de"
"mara","f","de"
"marc","m","de"
"marcel","m","de"
"marco","m","de"
"marek","m","de"
"maria","f","de"
"mariam","f","de"
"marian","m","de"
"marie","f","de"
"mariella","f","de"
"marina","f","de"
"mario","m","de"
"marius","m","de"
"markus","m","de"
"marla","f","de"
"marleen","f","de"
"marlena","f","de"
"marlene","f","de"
"marlie","f","de"
"marlo","m","de"
"marlon","m","de"
"marten","m","de"
"martha","f","de"
"martin","m","de"
"marvin","m","de"
"masa","f","de"
"masal","f","de"
"matei","m","de"
"mathea","f","de"
"mathilda","f","de"
"mathilde","f","de"
"mats","m","de"
"matteo","m","de"
"mattes","m","de"
"matthias","m","de"
"matti","m","de"
"mattis","m","de"
"mavie","f","de"
"max","m","de"
"maxim","m","de"
"maximilian","m","de"
"medina","f","de"
"mehmet","m","de"
"melanie","f","de"
"melek","f","de"
"melia","f","de"
"melina","f","de"
"melisa","f","de"
"melissa","f","de"
"melody","f","de"
"merle","f","de"
"merlin","m","de"
"mert","m","de"
"meryem","f","de"
"metehan","m","de"
"meva","f","de"
"mia","f","de"
"michael","m","de"
"michel","m","de"
"michelle","f","de"
"mick","m","de"
"miguel","m","de"
"mihra","f","de"
"mika","m","de"
"mikael","m","de"
"mikail","m","de"
"mike","m","de"
"mikkel","m","de"
"mila","f","de"
"milan","m","de"
"milana","f","de"
"milas","m","de"
"milena","f","de"
"miles","m","de"
"miley","f","de"
"milian","m","de"
"milla","f","de"
"millie","f","de"
"milo","m","de"
"mina","f","de"
"minna","f","de"
"mio","m","de"
"mira","f","de"
"mirac","m","de"
"miral","f","de"
"miran","m","de"
"miray","f","de"
"miriam","f","de"
"miro","m","de"
"miron","m","de"
"mohammed","m","de"
"mona","f","de"
"moritz","m","de"
"musa","m","de"
"musab","m","de"
"mustafa","m","de"
"nadia","f","de"
"nael","m","de"
"naemi","f","de"
"naim","m","de"
"nala","f","de"
"nami","f","de"
"naomi","f","de"
"natalie","f","de"
"nathan","m","de"
"nathanael","m","de"
"naya","f","de"
"nayla","f","de"
"nefes","f","de"
"nela","f","de"
"nele","f","de"
"nelia","f","de"
"nelio","m","de"
"nelly","f","de"
"neo","m","de"
"neva","f","de"
"nevio","m","de"
"neyla","f","de"
"nia","f","de"
"nick","m","de"
"nico","m","de"
"nicolas","m","de"
"nicole","f","de"
"nidal","m","de"
"nika","f","de"
"nikita","m","de"
"niklas","m","de"
"nikodem","m","de"
"nikolai","m","de"
"nila","f","de"
"nilo","m","de"
"nils","m","de"
"nina","f","de"
"nino","m","de"
"nisa","f","de"
"noah","m","de"
"noar","m","de"
"noel","m","de"
"noelia","f","de"
"noemi","f","de"
"nola","f","de"
"nolan","m","de"
"nora","f","de"
"nour","f","de"
"noura","f","de"
"nova","f","de"
"noyan","m","de"
"ole","m","de"
"oliver","m","de"
"olivia","f","de"
"omar","m","de"
"ömer","m","de"
"ophelia","f","de"
"oscar","m","de"
"oskar","m","de"
"osman","m","de"
"otis","m","de"
"otto","m","de"
"pablo","m","de"
"palina","f","de"
"patrick","m","de"
"paul","m","de"
"paula","f","de"
"paulina","f","de"
"pauline","f","de"
"penelope","f","de"
"pepe","m","de"
"peter","m","de"
"phil","m","de"
"philine","f","de"
"philipp","m","de"
"philippa","f","de"
"philomena","f","de"
"pia","f","de"
"piet","m","de"
"pius","m","de"
"quinn","m","de"
"quirin","m","de"
"ragnar","m","de"
"rahel","f","de"
"rania","f","de"
"raphael","m","de"
"raphaela","f","de"
"raya","f","de"
"rayan","m","de"
"rebecca","f","de"
"ria","f","de"
"rian","m","de"
"richard","m","de"
"rieke","f","de"
"rio","m","de"
"rita","f","de"
"robert","m","de"
"robin","m","de"
"roel","m","de"
"roman","m","de"
"romeo","m","de"
"romina","f","de"
"romy","f","de"
"ronja","f","de"
"rosa","f","de"
"rosalie","f","de"
"rose","f","de"
"rosi","f","de"
"ruben","m","de"
"ruby","f","de"
"rudi","m","de"
"runa","f","de"
"rune","m","de"
"ruth","f","de"
"rüya","f","de"
"ryan","m","de"
"safiya","f","de"
"said","m","de"
"salih","m","de"
"salome","f","de"
"sam","m","de"
"sama","f","de"
"sami","m","de"
"samir","m","de"
"samira","f","de"
"samu","m","de"
"samuel","m","de"
"sana","f","de"
"sanad","m","de"
"sanna","f","de"
"santiago","m","de"
"sarah","f","de"
"sare","f","de"
"sascha","u","de"
"sebastian","m","de"
"selena","f","de"
"selim","m","de"
"selin","f","de"
"selina","f","de"
"selma","f","de"
"semih","m","de"
"sena","f","de"
"siar","m","de"
"sidra","f","de"
"sienna","f","de"
"sila","f","de"
"silas","m","de"
"simon","m","de"
"sina","f","de"
"skadi","f","de"
"smilla","f","de"
"sofija","f","de"
"solea","f","de"
"sophia","f","de"
"sophie","f","de"
"soraya","f","de"
"stefan","m","de"
"stella","f","de"
"sultan","m","de"
"svea","f","de"
"taavi","m","de"
"tabea","f","de"
"taha","m","de"
"taim","m","de"
"tala","f","de"
"talea","f","de"
"talin","f","de"
"tamara","f","de"
"tamina","f","de"
"tamino","m","de"
"tamme","m","de"
"tammo","m","de"
"tara","f","de"
"taro","m","de"
"tessa","f","de"
"thalia","f","de"
"thea","f","de"
"theo","m","de"
"theodor","m","de"
"theodora","f","de"
"theresa","f","de"
"thilo","m","de"
"thomas","m","de"
"thore","m","de"
"thorin","m","de"
"tia","f","de"
"tiago","m","de"
"tian","m","de"
"tiana","f","de"
"tilda","f","de"
"till","m","de"
"tim","m","de"
"timo","m","de"
"timon","m","de"
"timur","m","de"
"tino","m","de"
"titus","m","de"
"tobias","m","de"
"tom","m","de"
"tommy","m","de"
"toni","u","de"
"tristan","m","de"
"troi","m","de"
"tuana","f","de"
"tyler","m","de"
"umut","m","de"
"una","f","de"
"valentin","m","de"
"valentina","f","de"
"valentino","m","de"
"valeria","f","de"
"valerie","f","de"
"valerio","m","de"
"vanessa","f","de"
"vera","f","de"
"veronika","f","de"
"victoria","f","de"
"viktor","m","de"
"viktoria","f","de"
"vince","m","de"
"vincent","m","de"
"viola","f","de"
"vito","m","de"
"vitus","m","de"
"vivien","f","de"
"wilhelm","m","de"
"willem","m","de"
"willi","m","de"
"william","m","de"
"wilma","f","de"
"wim","m","de"
"xaver","m","de"
"xenia","f","de"
"yahya","m","de"
"yakup","m","de"
"yaman","m","de"
"yara","f","de"
"yasin","m","de"
"yazan","m","de"
"ylva","f","de"
"ylvie","f","de"
"younes","m","de"
"youssef","m","de"
"yunus","m","de"
"yusef","m","de"
"yusra","f","de"
"yusuf","m","de"
"zahra","f","de"
"zaid","m","de"
"zain","m","de"
"zarah","f","de"
"zayn","m","de"
"zehra","f","de"
"zeyd","m","de"
"zeynep","f","de"
"zoe","f","de"
"zoey","f","de"
"zümra","f","de"
"aabha","f","en"
"aadam","m","en"
"aadarsh","m","en"
"aaden","m","en"
"aadhan","m","en"
"aadhav","m","en"
"aadhavan","m","en"
"aadhi","m","en"
"aadhini","f","en"
"aadhira","f","en"
"aadhiran","m","en"
"aadhvik","m","en"
"aadhya","f","en"
"aadhyareddy","f","en"
"aadi","m","en"
"aadil","m","en"
"aadish","m","en"
"aadit","m","en"
"aadith","m","en"
"aaditri","f","en"
"aaditya","m","en"
"aadiya","f","en"
"aadrik","m","en"
"aadriti","f","en"
"aadvik","m","en"
"aadvika","f","en"
"aadya","f","en"
"aadyn","m","en"
"aafiya","f","en"
"aafiyah","f","en"
"aagya","f","en"
"aahan","m","en"
"aahana","f","en"
"aahid","m","en"
"aahil","m","en"
"aaiden","m","en"
"aaila","f","en"
"aaima","f","en"
"aaira","f","en"
"aairah","f","en"
"aaisha","f","en"
"aakash","m","en"
"aakifah","f","en"
"aala","f","en"
"aalaiya","f","en"
"aalaiyah","f","en"
"aalam","m","en"
"aalana","f","en"
"aalani","f","en"
"aalaya","f","en"
"aalayah","f","en"
"aalaysia","f","en"
"aaleah","f","en"
"aaleiah","f","en"
"aaleyah","f","en"
"aalia","f","en"
"aaliah","f","en"
"aalias","m","en"
"aalijah","m","en"
"aalim","m","en"
"aalina","f","en"
"aaliya","f","en"
"aaliyah","f","en"
"aaliyan","m","en"
"aaliyana","f","en"
"aalyah","f","en"
"aalyiah","f","en"
"aamani","f","en"
"aamara","f","en"
"aamari","f","en"
"aamina","f","en"
"aaminah","f","en"
"aamir","m","en"
"aamira","f","en"
"aamirah","f","en"
"aamiyah","f","en"
"aanav","m","en"
"aani","f","en"
"aanika","f","en"
"aaniya","f","en"
"aaniyah","f","en"
"aanshi","f","en"
"aanvi","f","en"
"aanya","f","en"
"aara","f","en"
"aaradhana","f","en"
"aaradhya","f","en"
"aaralyn","f","en"
"aaran","m","en"
"aarav","m","en"
"aaravi","f","en"
"aaraya","f","en"
"aaren","m","en"
"aari","m","en"
"aaria","f","en"
"aariah","f","en"
"aarian","m","en"
"aariana","f","en"
"aarik","m","en"
"aarika","f","en"
"aarin","m","en"
"aarion","m","en"
"aaris","m","en"
"aarish","m","en"
"aarit","m","en"
"aariv","m","en"
"aariya","f","en"
"aariyah","f","en"
"aariz","m","en"
"aarna","f","en"
"aarnav","m","en"
"aarnik","m","en"
"aarnika","f","en"
"aaro","m","en"
"aarohi","f","en"
"aaron","m","en"
"aarsh","m","en"
"aaruhi","f","en"
"aarush","m","en"
"aarushi","f","en"
"aarvi","f","en"
"aarvik","m","en"
"aarvika","f","en"
"aarya","f","en"
"aaryah","f","en"
"aaryahi","f","en"
"aaryan","m","en"
"aaryana","f","en"
"aaryav","m","en"
"aaryaveer","m","en"
"aaryn","f","en"
"aarza","f","en"
"aasha","f","en"
"aashi","f","en"
"aashna","f","en"
"aashrit","m","en"
"aashrith","m","en"
"aashritha","f","en"
"aashvi","f","en"
"aasim","m","en"
"aasir","m","en"
"aasiya","f","en"
"aasiyah","f","en"
"aason","m","en"
"aava","f","en"
"aavah","f","en"
"aavani","f","en"
"aavash","m","en"
"aavi","m","en"
"aavir","m","en"
"aavya","f","en"
"aavyan","m","en"
"aayah","f","en"
"aayam","m","en"
"aayan","m","en"
"aayana","f","en"
"aayansh","m","en"
"aayat","f","en"
"aayden","m","en"
"aayla","f","en"
"aaylah","f","en"
"aayra","f","en"
"aayush","m","en"
"aazir","m","en"
"abaan","m","en"
"abaddon","m","en"
"abagail","f","en"
"abanoub","m","en"
"abas","m","en"
"abass","m","en"
"abba","f","en"
"abbas","m","en"
"abbey","f","en"
"abbi","f","en"
"abbie","f","en"
"abbigail","f","en"
"abbott","m","en"
"abby","f","en"
"abbygail","f","en"
"abcde","f","en"
"abdalla","m","en"
"abdallah","m","en"
"abdalrahman","m","en"
"abdel","m","en"
"abdelaziz","m","en"
"abdelrahman","m","en"
"abdi","m","en"
"abdias","m","en"
"abdiel","m","en"
"abdifatah","m","en"
"abdimalik","m","en"
"abdinasir","m","en"
"abdirahman","m","en"
"abdirizak","m","en"
"abdou","m","en"
"abdoul","m","en"
"abdoulaye","m","en"
"abdoulie","m","en"
"abdourahmane","m","en"
"abdriel","m","en"
"abdul","m","en"
"abdulahad","m","en"
"abdulahi","m","en"
"abdulai","m","en"
"abdulazeez","m","en"
"abdulaziz","m","en"
"abdulbari","m","en"
"abdulhadi","m","en"
"abdulhakeem","m","en"
"abdulhamid","m","en"
"abdulkadir","m","en"
"abdulkareem","m","en"
"abdulkarim","m","en"
"abdulla","m","en"
"abdullah","m","en"
"abdullahi","m","en"
"abdullateef","m","en"
"abdulloh","m","en"
"abdulmalik","m","en"
"abdulqadir","m","en"
"abdulraheem","m","en"
"abdulrahim","m","en"
"abdulrahman","m","en"
"abdulsalam","m","en"
"abdulsamad","m","en"
"abdulwahab","m","en"
"abdulwali","m","en"
"abdumalik","m","en"
"abdur","m","en"
"abdurahman","m","en"
"abdurahmon","m","en"
"abdurrahmaan","m","en"
"abdurrahman","m","en"
"abe","m","en"
"abed","m","en"
"abednego","m","en"
"abeeha","f","en"
"abeer","f","en"
"abel","f","en"
"abelardo","m","en"
"abelina","f","en"
"abelino","m","en"
"abella","f","en"
"abem","m","en"
"aben","m","en"
"abena","f","en"
"abenezer","m","en"
"abeni","f","en"
"aberdeen","f","en"
"abhay","m","en"
"abhayram","m","en"
"abhi","m","en"
"abhimanyu","m","en"
"abhinav","m","en"
"abhir","m","en"
"abhiraj","m","en"
"abhiram","m","en"
"abhyant","m","en"
"abi","f","en"
"abiah","f","en"
"abid","m","en"
"abida","f","en"
"abie","m","en"
"abiel","m","en"
"abigael","f","en"
"abigaelle","f","en"
"abigail","f","en"
"abigailgrace","f","en"
"abigaille","f","en"
"abigale","f","en"
"abigayle","f","en"
"abiha","f","en"
"abijah","f","en"
"abilene","f","en"
"abimael","m","en"
"abimbola","f","en"
"abiola","f","en"
"abir","m","en"
"abisai","m","en"
"abisha","f","en"
"abishai","m","en"
"abiyah","f","en"
"able","m","en"
"ablessyn","f","en"
"abner","m","en"
"aboubacar","m","en"
"aboubakar","m","en"
"abra","f","en"
"abraham","m","en"
"abrahan","m","en"
"abrahim","m","en"
"abrahm","m","en"
"abram","m","en"
"abran","m","en"
"abrar","f","en"
"abree","f","en"
"abria","f","en"
"abrian","m","en"
"abriana","f","en"
"abrianna","f","en"
"abriel","m","en"
"abriella","f","en"
"abrielle","f","en"
"abril","f","en"
"abrina","f","en"
"abrish","f","en"
"absalat","f","en"
"absalom","m","en"
"abshir","m","en"
"abu","m","en"
"abubakar","m","en"
"abubaker","m","en"
"abubakr","m","en"
"abuk","f","en"
"abuzar","m","en"
"aby","f","en"
"abyan","f","en"
"abygail","f","en"
"abyssinia","f","en"
"acacia","f","en"
"acadia","f","en"
"acai","m","en"
"acari","m","en"
"access","m","en"
"ace","f","en"
"aceion","m","en"
"acel","m","en"
"acelia","f","en"
"acelyn","f","en"
"acelynn","f","en"
"acen","m","en"
"aceon","m","en"
"acer","m","en"
"acesen","m","en"
"aceson","m","en"
"aceston","m","en"
"acesyn","m","en"
"aceton","m","en"
"acetyn","m","en"
"acey","f","en"
"aceyn","m","en"
"achilles","m","en"
"achilleus","m","en"
"achim","m","en"
"achol","f","en"
"achraf","m","en"
"achsah","f","en"
"acie","f","en"
"aciel","m","en"
"acre","m","en"
"acsa","f","en"
"action","m","en"
"acxel","m","en"
"acyn","m","en"
"ada","f","en"
"adabella","f","en"
"adael","m","en"
"adaeze","f","en"
"adagrace","f","en"
"adah","f","en"
"adahlia","f","en"
"adaia","f","en"
"adaiah","f","en"
"adair","f","en"
"adaira","f","en"
"adal","m","en"
"adalae","f","en"
"adalai","f","en"
"adalaide","f","en"
"adalay","f","en"
"adalaya","f","en"
"adalayah","f","en"
"adalayna","f","en"
"adalberto","m","en"
"adalea","f","en"
"adaleah","f","en"
"adalee","f","en"
"adaleena","f","en"
"adalei","f","en"
"adaleia","f","en"
"adaleigh","f","en"
"adaleine","f","en"
"adalena","f","en"
"adalene","f","en"
"adalet","f","en"
"adaleth","f","en"
"adalett","f","en"
"adalette","f","en"
"adaley","f","en"
"adaleya","f","en"
"adaleyza","f","en"
"adali","f","en"
"adalia","f","en"
"adaliah","f","en"
"adalid","m","en"
"adalida","f","en"
"adalie","f","en"
"adaliene","f","en"
"adalin","f","en"
"adalina","f","en"
"adalind","f","en"
"adaline","f","en"
"adalis","f","en"
"adalise","f","en"
"adaliya","f","en"
"adaliz","f","en"
"adaly","f","en"
"adalya","f","en"
"adalyn","f","en"
"adalyna","f","en"
"adalynd","f","en"
"adalyne","f","en"
"adalynn","f","en"
"adalynne","f","en"
"adam","m","en"
"adama","f","en"
"adamae","f","en"
"adamari","f","en"
"adamaris","f","en"
"adamary","f","en"
"adams","m","en"
"adan","f","en"
"adana","f","en"
"adanaya","f","en"
"adanely","f","en"
"adanna","f","en"
"adannaya","f","en"
"adaolisa","f","en"
"adaora","f","en"
"adar","m","en"
"adara","f","en"
"adarah","f","en"
"adarius","m","en"
"adarsh","m","en"
"adassa","f","en"
"adassah","f","en"
"adaya","f","en"
"adayah","f","en"
"adda","f","en"
"addalee","f","en"
"addaleigh","f","en"
"addaley","f","en"
"addalie","f","en"
"addaline","f","en"
"addalyn","f","en"
"addalynn","f","en"
"addalynne","f","en"
"addam","m","en"
"addelaide","f","en"
"addeline","f","en"
"addelyn","f","en"
"addelyne","f","en"
"addelynn","f","en"
"addi","f","en"
"addiah","f","en"
"addie","f","en"
"addiel","m","en"
"addilee","f","en"
"addilyn","f","en"
"addilyne","f","en"
"addilynn","f","en"
"addilynne","f","en"
"addis","m","en"
"addisen","f","en"
"addison","f","en"
"addisyn","f","en"
"addley","f","en"
"addy","f","en"
"addylin","f","en"
"addylynn","f","en"
"addysen","f","en"
"addyson","f","en"
"ade","f","en"
"adea","f","en"
"adedamola","m","en"
"adedayo","m","en"
"adeeb","m","en"
"adeel","m","en"
"adeena","f","en"
"adeera","f","en"
"adejare","m","en"
"adel","f","en"
"adela","f","en"
"adelai","f","en"
"adelaida","f","en"
"adelaide","f","en"
"adelaine","f","en"
"adelani","f","en"
"adelay","f","en"
"adelayda","f","en"
"adelayna","f","en"
"adele","f","en"
"adelei","f","en"
"adeleigh","f","en"
"adeleine","f","en"
"adelena","f","en"
"adelene","f","en"
"adeley","f","en"
"adelfo","m","en"
"adelheid","f","en"
"adelia","f","en"
"adelie","f","en"
"adelin","f","en"
"adelina","f","en"
"adeline","f","en"
"adelinne","f","en"
"adelio","m","en"
"adelisa","f","en"
"adelita","f","en"
"adeliz","f","en"
"adella","f","en"
"adelle","f","en"
"adelso","m","en"
"adely","f","en"
"adelyn","f","en"
"adelyna","f","en"
"adelyne","f","en"
"adelynn","f","en"
"adelynne","f","en"
"adem","m","en"
"ademide","m","en"
"aden","f","en"
"adena","f","en"
"adeniyi","m","en"
"adeola","f","en"
"aderinsola","f","en"
"adesewa","f","en"
"adessa","f","en"
"adesuwa","f","en"
"adetayo","m","en"
"adewale","m","en"
"adeya","f","en"
"adeyemi","m","en"
"adham","m","en"
"adhara","f","en"
"adharv","m","en"
"adhira","f","en"
"adhiraj","m","en"
"adhiran","m","en"
"adhithi","f","en"
"adhrit","m","en"
"adhrith","m","en"
"adhvaith","m","en"
"adhvik","m","en"
"adhya","f","en"
"adhyansh","m","en"
"adhyuth","m","en"
"adi","f","en"
"adia","f","en"
"adiah","f","en"
"adian","m","en"
"adianna","f","en"
"adib","m","en"
"adiba","f","en"
"adiel","m","en"
"adiela","f","en"
"adiella","f","en"
"adien","m","en"
"adil","m","en"
"adila","f","en"
"adilee","f","en"
"adileigh","f","en"
"adilen","f","en"
"adilena","f","en"
"adilene","f","en"
"adilyn","f","en"
"adilynn","f","en"
"adin","m","en"
"adina","f","en"
"adinah","f","en"
"adir","m","en"
"adira","f","en"
"adirah","f","en"
"adis","m","en"
"adisa","f","en"
"adison","f","en"
"adisson","f","en"
"adith","m","en"
"adithi","f","en"
"adithya","m","en"
"aditi","f","en"
"aditri","f","en"
"aditya","m","en"
"adiva","f","en"
"adiya","f","en"
"adiyat","m","en"
"adja","f","en"
"adlai","m","en"
"adlee","f","en"
"adleigh","f","en"
"adler","f","en"
"adley","f","en"
"adlie","f","en"
"adlih","f","en"
"adlyn","f","en"
"adlynn","f","en"
"admir","m","en"
"admire","f","en"
"adna","f","en"
"adnaan","m","en"
"adnan","m","en"
"adolfo","m","en"
"adolin","m","en"
"adolph","m","en"
"adom","m","en"
"adon","m","en"
"adona","f","en"
"adonai","f","en"
"adonay","m","en"
"adoni","m","en"
"adoniah","f","en"
"adonias","m","en"
"adonijah","m","en"
"adoniram","m","en"
"adonis","f","en"
"adonnis","m","en"
"adonte","m","en"
"adonys","m","en"
"ador","f","en"
"adora","f","en"
"adore","f","en"
"adoree","f","en"
"adoria","f","en"
"adorian","m","en"
"adrain","m","en"
"adream","f","en"
"adrean","m","en"
"adreanna","f","en"
"adri","f","en"
"adria","f","en"
"adrian","m","en"
"adriana","f","en"
"adriane","f","en"
"adriann","m","en"
"adrianna","f","en"
"adrianne","f","en"
"adriano","m","en"
"adric","m","en"
"adrick","m","en"
"adrie","f","en"
"adriel","f","en"
"adriela","f","en"
"adriell","m","en"
"adriella","f","en"
"adrielle","f","en"
"adrielly","f","en"
"adriely","f","en"
"adrien","f","en"
"adriene","f","en"
"adrienne","f","en"
"adrija","f","en"
"adrik","m","en"
"adrin","m","en"
"adrina","f","en"
"adrit","m","en"
"adrith","m","en"
"adrius","m","en"
"adryan","m","en"
"adryanna","f","en"
"adryel","m","en"
"adryen","m","en"
"advait","m","en"
"advaita","f","en"
"advaith","m","en"
"advaithreddy","m","en"
"advay","m","en"
"advik","m","en"
"advika","f","en"
"advit","m","en"
"advith","m","en"
"advitha","f","en"
"adwoa","f","en"
"ady","f","en"
"adya","f","en"
"adyan","m","en"
"adyant","m","en"
"adylen","f","en"
"adylene","f","en"
"adyline","f","en"
"adyn","m","en"
"adynn","m","en"
"adyson","f","en"
"aedan","m","en"
"aeden","m","en"
"aedyn","m","en"
"aegis","m","en"
"aegon","m","en"
"aeilani","f","en"
"aeiress","f","en"
"aeko","m","en"
"aela","f","en"
"aelia","f","en"
"aeliana","f","en"
"aelianna","f","en"
"aelin","f","en"
"aelina","f","en"
"aelita","f","en"
"aelius","m","en"
"aella","f","en"
"aelyn","f","en"
"aemilia","f","en"
"aemma","f","en"
"aemon","m","en"
"aemond","m","en"
"aeneas","m","en"
"aengus","m","en"
"aeon","m","en"
"aera","f","en"
"aerabella","f","en"
"aeri","f","en"
"aerial","f","en"
"aeriana","f","en"
"aerie","f","en"
"aeriel","f","en"
"aeries","f","en"
"aerilyn","f","en"
"aerin","f","en"
"aeris","f","en"
"aerith","f","en"
"aerius","m","en"
"aero","f","en"
"aeron","m","en"
"aeryn","f","en"
"aerys","f","en"
"aesha","f","en"
"aesir","m","en"
"aesira","f","en"
"aeson","m","en"
"aethan","m","en"
"aether","m","en"
"aeva","f","en"
"aeven","m","en"
"aeyla","f","en"
"afeni","f","en"
"affan","m","en"
"affinity","f","en"
"afia","f","en"
"afifa","f","en"
"afina","f","en"
"afiya","f","en"
"afiyah","f","en"
"afnaan","f","en"
"afnan","f","en"
"afomia","f","en"
"afra","f","en"
"afrah","f","en"
"afraz","m","en"
"afreen","f","en"
"africa","f","en"
"afsa","f","en"
"afsana","f","en"
"afsheen","f","en"
"afton","f","en"
"agam","f","en"
"agamjot","m","en"
"agamveer","m","en"
"agamvir","m","en"
"agape","f","en"
"agaran","m","en"
"agasthya","m","en"
"agastya","m","en"
"agata","f","en"
"agatha","f","en"
"aggie","f","en"
"agnes","f","en"
"agon","m","en"
"agostino","m","en"
"agustin","m","en"
"agustina","f","en"
"agustya","m","en"
"ahaan","m","en"
"ahaana","f","en"
"ahad","m","en"
"ahado","f","en"
"ahan","m","en"
"ahana","f","en"
"ahanu","m","en"
"aharon","m","en"
"ahava","f","en"
"ahavah","f","en"
"ahijah","m","en"
"ahil","m","en"
"ahilany","f","en"
"ahinara","f","en"
"ahinoa","f","en"
"ahitana","f","en"
"ahkai","m","en"
"ahkari","m","en"
"ahkeem","m","en"
"ahking","m","en"
"ahlaam","f","en"
"ahlai","f","en"
"ahlam","f","en"
"ahlana","f","en"
"ahlani","f","en"
"ahlanie","f","en"
"ahlanii","f","en"
"ahlanni","f","en"
"ahlaya","f","en"
"ahlayah","f","en"
"ahlegend","m","en"
"ahlia","f","en"
"ahlias","m","en"
"ahlijah","m","en"
"ahliyah","f","en"
"ahlora","f","en"
"ahmaad","m","en"
"ahmad","m","en"
"ahmadou","m","en"
"ahmadullah","m","en"
"ahmaj","m","en"
"ahmani","f","en"
"ahmar","m","en"
"ahmara","f","en"
"ahmari","f","en"
"ahmaud","m","en"
"ahmazi","m","en"
"ahmed","m","en"
"ahmeir","m","en"
"ahmeira","f","en"
"ahmere","m","en"
"ahmet","m","en"
"ahmi","f","en"
"ahmias","m","en"
"ahmier","m","en"
"ahmina","f","en"
"ahmir","m","en"
"ahmira","f","en"
"ahmiracle","f","en"
"ahmirah","f","en"
"ahmiri","f","en"
"ahmiyah","f","en"
"ahmod","m","en"
"ahmon","m","en"
"ahmora","f","en"
"ahmya","f","en"
"ahmyr","m","en"
"ahna","f","en"
"ahnaf","m","en"
"ahnari","f","en"
"ahnesti","f","en"
"ahnesty","f","en"
"ahni","f","en"
"ahniyah","f","en"
"ahnyla","f","en"
"ahnylah","f","en"
"ahnyx","m","en"
"ahonesti","f","en"
"ahonesty","f","en"
"ahraya","f","en"
"ahren","m","en"
"ahri","f","en"
"ahria","f","en"
"ahrin","f","en"
"ahriyah","f","en"
"ahron","m","en"
"ahsaan","m","en"
"ahsai","m","en"
"ahsaias","m","en"
"ahsan","m","en"
"ahsen","f","en"
"ahsha","f","en"
"ahsiah","m","en"
"ahsias","m","en"
"ahsir","m","en"
"ahsoka","f","en"
"ahson","m","en"
"ahtziri","f","en"
"ahuva","f","en"
"ahyan","m","en"
"ahzab","m","en"
"ahzai","m","en"
"ahzara","f","en"
"ahzaria","f","en"
"ahziel","m","en"
"ahzir","m","en"
"ahzire","m","en"
"ahzuri","f","en"
"aia","f","en"
"aian","m","en"
"aiana","f","en"
"aicha","f","en"
"aida","f","en"
"aidah","f","en"
"aidaly","f","en"
"aidalynn","f","en"
"aidan","m","en"
"aidana","f","en"
"aidanna","f","en"
"aidar","m","en"
"aide","f","en"
"aidee","f","en"
"aidel","f","en"
"aiden","m","en"
"aider","m","en"
"aidette","f","en"
"aidin","m","en"
"aidon","m","en"
"aidoneus","m","en"
"aidric","m","en"
"aidy","f","en"
"aidyn","f","en"
"aika","f","en"
"aiken","m","en"
"aiko","f","en"
"aila","f","en"
"ailah","f","en"
"ailan","m","en"
"ailana","f","en"
"ailani","f","en"
"ailanie","f","en"
"ailanna","f","en"
"ailanni","f","en"
"ailanny","f","en"
"ailany","f","en"
"aile","f","en"
"aileana","f","en"
"ailed","f","en"
"ailee","f","en"
"aileen","f","en"
"aileena","f","en"
"ailen","f","en"
"ailene","f","en"
"aileth","f","en"
"ailey","f","en"
"aili","f","en"
"ailia","f","en"
"ailiana","f","en"
"ailiany","f","en"
"ailie","f","en"
"ailin","f","en"
"ailina","f","en"
"ailish","f","en"
"ailsa","f","en"
"aily","f","en"
"ailyn","f","en"
"ailynn","f","en"
"aima","f","en"
"aiman","f","en"
"aimar","f","en"
"aimara","f","en"
"aime","f","en"
"aimee","f","en"
"aimen","m","en"
"aimi","f","en"
"aimilios","m","en"
"aimsley","f","en"
"aimy","f","en"
"aina","f","en"
"ainara","f","en"
"aine","f","en"
"ainhara","f","en"
"ainhoa","f","en"
"ainnara","f","en"
"ainoa","f","en"
"ainoah","f","en"
"ainoha","f","en"
"ainslee","f","en"
"ainsleigh","f","en"
"ainsley","f","en"
"ainslie","f","en"
"ainzley","f","en"
"aira","f","en"
"airabella","f","en"
"airah","f","en"
"airalyn","f","en"
"airam","f","en"
"airareddy","f","en"
"aire","m","en"
"airee","f","en"
"airella","f","en"
"airen","m","en"
"aires","m","en"
"airess","f","en"
"airi","f","en"
"airion","m","en"
"airis","f","en"
"airius","m","en"
"airlie","f","en"
"airmiess","m","en"
"airo","m","en"
"airon","m","en"
"airris","m","en"
"aisa","f","en"
"aisaiah","m","en"
"aisel","f","en"
"aisha","f","en"
"aishah","f","en"
"aishani","f","en"
"aishvi","f","en"
"aishwarya","f","en"
"aisla","f","en"
"aislee","f","en"
"aisleigh","f","en"
"aisley","f","en"
"aislin","f","en"
"aisling","f","en"
"aislinn","f","en"
"aislyn","f","en"
"aislynn","f","en"
"aison","m","en"
"aisosa","f","en"
"aissa","f","en"
"aissata","f","en"
"aissatou","f","en"
"aitan","m","en"
"aitana","f","en"
"aitanna","f","en"
"aithan","m","en"
"aithana","f","en"
"aitiana","f","en"
"aitor","m","en"
"aiva","f","en"
"aivah","f","en"
"aiven","m","en"
"aivy","f","en"
"aixa","f","en"
"aiya","f","en"
"aiyah","f","en"
"aiyan","m","en"
"aiyana","f","en"
"aiyani","f","en"
"aiyanna","f","en"
"aiyden","m","en"
"aiyla","f","en"
"aiylah","f","en"
"aiyon","m","en"
"aiyonna","f","en"
"aiza","f","en"
"aizah","f","en"
"aizal","f","en"
"aizel","f","en"
"aizen","m","en"
"aizley","f","en"
"aizlyn","f","en"
"aizlynn","f","en"
"aj","m","en"
"aja","f","en"
"ajah","f","en"
"ajahni","m","en"
"ajai","m","en"
"ajan","m","en"
"ajanae","f","en"
"ajani","f","en"
"ajax","m","en"
"ajay","m","en"
"ajdin","m","en"
"aje","f","en"
"ajeet","m","en"
"ajit","m","en"
"ajla","f","en"
"ajna","f","en"
"ajooni","f","en"
"ajournee","f","en"
"ajournei","f","en"
"ajourney","f","en"
"ajream","f","en"
"ajuni","f","en"
"ajwa","f","en"
"akachi","m","en"
"akai","f","en"
"akaia","f","en"
"akaiya","f","en"
"akali","f","en"
"akane","f","en"
"akanksha","f","en"
"akaree","m","en"
"akari","f","en"
"akarii","m","en"
"akarri","m","en"
"akash","m","en"
"akasha","f","en"
"akaya","f","en"
"akayla","f","en"
"akbar","m","en"
"akeelah","f","en"
"akeem","m","en"
"akela","f","en"
"akemi","f","en"
"aker","m","en"
"akhai","m","en"
"akhari","f","en"
"akhil","m","en"
"akhila","f","en"
"akhira","f","en"
"aki","m","en"
"akia","f","en"
"akierra","f","en"
"akif","m","en"
"akiko","f","en"
"akil","m","en"
"akila","f","en"
"akilah","f","en"
"akilan","m","en"
"akili","m","en"
"akim","m","en"
"akima","f","en"
"akin","m","en"
"akina","f","en"
"aking","m","en"
"akio","m","en"
"akira","f","en"
"akirah","f","en"
"akiro","m","en"
"akito","m","en"
"akiva","f","en"
"akiya","f","en"
"akiyah","f","en"
"akoa","m","en"
"akon","m","en"
"akoni","m","en"
"akorede","m","en"
"akosua","f","en"
"akram","m","en"
"aksa","f","en"
"aksana","f","en"
"aksel","m","en"
"aksh","m","en"
"akshar","m","en"
"akshara","f","en"
"akshat","m","en"
"akshay","m","en"
"akshaya","f","en"
"aksil","m","en"
"akua","f","en"
"akwasi","m","en"
"akylah","f","en"
"akyli","f","en"
"akylie","f","en"
"akyra","f","en"
"akyrie","m","en"
"al","m","en"
"ala","f","en"
"alaa","f","en"
"alaan","m","en"
"alabama","f","en"
"aladdin","m","en"
"alador","m","en"
"alaena","f","en"
"alaeyah","f","en"
"alahia","f","en"
"alahna","f","en"
"alahni","f","en"
"alai","f","en"
"alaia","f","en"
"alaiah","f","en"
"alaiia","f","en"
"alaija","f","en"
"alaijah","f","en"
"alaila","f","en"
"alain","m","en"
"alaina","f","en"
"alainah","f","en"
"alaine","f","en"
"alainna","f","en"
"alainy","f","en"
"alaira","f","en"
"alaisa","f","en"
"alaisha","f","en"
"alaiya","f","en"
"alaiyah","f","en"
"alaiyna","f","en"
"alaiza","f","en"
"alaja","f","en"
"alajah","f","en"
"alakai","m","en"
"alakay","m","en"
"alam","m","en"
"alamea","f","en"
"alan","m","en"
"alana","f","en"
"alanah","f","en"
"alanee","f","en"
"alani","f","en"
"alania","f","en"
"alanie","f","en"
"alanii","f","en"
"alanis","f","en"
"alann","m","en"
"alanna","f","en"
"alannah","f","en"
"alanni","f","en"
"alannie","f","en"
"alannis","f","en"
"alanny","f","en"
"alano","m","en"
"alanoud","f","en"
"alante","m","en"
"alany","f","en"
"alanys","f","en"
"alanzo","m","en"
"alara","f","en"
"alarah","f","en"
"alari","f","en"
"alaria","f","en"
"alaric","m","en"
"alarick","m","en"
"alarik","m","en"
"alasdair","m","en"
"alasia","f","en"
"alaska","f","en"
"alassane","m","en"
"alastair","m","en"
"alaster","m","en"
"alastor","m","en"
"alathea","f","en"
"alauna","f","en"
"alauni","f","en"
"alaura","f","en"
"alaya","f","en"
"alayah","f","en"
"alayasia","f","en"
"alayha","f","en"
"alayia","f","en"
"alayiah","f","en"
"alayja","f","en"
"alayjah","f","en"
"alayla","f","en"
"alaylah","f","en"
"alayna","f","en"
"alaynah","f","en"
"alayne","f","en"
"alayni","f","en"
"alaynna","f","en"
"alaysa","f","en"
"alaysha","f","en"
"alaysia","f","en"
"alaysiah","f","en"
"alaythia","f","en"
"alayza","f","en"
"alayzia","f","en"
"alazae","f","en"
"alazar","m","en"
"alazay","f","en"
"alazne","f","en"
"alba","f","en"
"alban","m","en"
"albany","f","en"
"albaraa","m","en"
"albeiro","m","en"
"albert","m","en"
"alberta","f","en"
"alberth","m","en"
"alberto","m","en"
"albi","m","en"
"albie","m","en"
"albin","m","en"
"albina","f","en"
"albion","m","en"
"alborz","m","en"
"albus","m","en"
"alby","m","en"
"alcides","m","en"
"alcina","f","en"
"alda","f","en"
"aldahir","m","en"
"aldair","m","en"
"aldana","f","en"
"alden","f","en"
"alder","f","en"
"aldin","m","en"
"aldo","m","en"
"aldon","m","en"
"aldous","m","en"
"aldric","m","en"
"aldrich","m","en"
"aldrick","m","en"
"aldrin","m","en"
"ale","m","en"
"alea","f","en"
"aleah","f","en"
"aleaha","f","en"
"aleali","f","en"
"aleana","f","en"
"aleanna","f","en"
"aleaya","f","en"
"alec","m","en"
"alecia","f","en"
"aleck","m","en"
"aleczander","m","en"
"alee","f","en"
"aleeah","f","en"
"aleece","f","en"
"aleeha","f","en"
"aleem","m","en"
"aleen","f","en"
"aleena","f","en"
"aleenah","f","en"
"aleera","f","en"
"aleesa","f","en"
"aleesha","f","en"
"aleesia","f","en"
"aleeya","f","en"
"aleeyah","f","en"
"aleeza","f","en"
"alegaci","f","en"
"alegacy","f","en"
"alegend","m","en"
"alegra","f","en"
"aleia","f","en"
"aleiah","f","en"
"aleida","f","en"
"aleigh","f","en"
"aleigha","f","en"
"aleighna","f","en"
"aleila","f","en"
"aleina","f","en"
"aleinad","f","en"
"aleisa","f","en"
"aleisha","f","en"
"aleissa","f","en"
"aleister","m","en"
"aleiya","f","en"
"aleiyah","f","en"
"aleiza","f","en"
"alejandra","f","en"
"alejandrina","f","en"
"alejandro","m","en"
"alejo","m","en"
"alek","m","en"
"alekai","m","en"
"aleki","m","en"
"aleks","m","en"
"aleksa","m","en"
"aleksandar","m","en"
"aleksander","m","en"
"aleksandr","m","en"
"aleksandra","f","en"
"aleksandre","m","en"
"aleksei","m","en"
"aleksey","m","en"
"aleksi","m","en"
"alekxander","m","en"
"alekzander","m","en"
"aleli","f","en"
"alem","m","en"
"alen","m","en"
"alena","f","en"
"alenah","f","en"
"alene","f","en"
"aleni","f","en"
"alenia","f","en"
"alenna","f","en"
"alenny","f","en"
"aleny","f","en"
"aleo","m","en"
"aleph","m","en"
"aleria","f","en"
"aleric","m","en"
"alesana","f","en"
"alesandra","f","en"
"alesandro","m","en"
"alesha","f","en"
"alesia","f","en"
"aleska","f","en"
"alessa","f","en"
"alessandra","f","en"
"alessandre","m","en"
"alessandria","f","en"
"alessandro","m","en"
"alessi","f","en"
"alessia","f","en"
"alessie","f","en"
"alessio","m","en"
"alesso","m","en"
"alessya","f","en"
"aleta","f","en"
"aletha","f","en"
"alethea","f","en"
"aletheia","f","en"
"alethia","f","en"
"aletta","f","en"
"alette","f","en"
"alex","u","en"
"alexa","f","en"
"alexander","m","en"
"alexandra","f","en"
"alexandre","m","en"
"alexandrea","f","en"
"alexandria","f","en"
"alexandro","m","en"
"alexandros","m","en"
"alexandru","m","en"
"alexavier","m","en"
"alexei","m","en"
"alexey","m","en"
"alexi","f","en"
"alexia","f","en"
"alexiana","f","en"
"alexianna","f","en"
"alexie","f","en"
"alexiel","m","en"
"alexio","m","en"
"alexios","m","en"
"alexis","f","en"
"alexsander","m","en"
"alexsandra","f","en"
"alexus","f","en"
"alexx","m","en"
"alexzander","m","en"
"alexzandria","f","en"
"aleya","f","en"
"aleyah","f","en"
"aleyda","f","en"
"aleyla","f","en"
"aleyna","f","en"
"aleynah","f","en"
"aleynna","f","en"
"aleysa","f","en"
"aleysha","f","en"
"aleyssa","f","en"
"aleyza","f","en"
"alezander","m","en"
"alezandro","m","en"
"alfa","m","en"
"alfia","f","en"
"alfie","m","en"
"alfonse","m","en"
"alfonso","m","en"
"alfonzo","m","en"
"alfred","m","en"
"alfredo","m","en"
"alhaji","m","en"
"alham","m","en"
"alhassan","m","en"
"alhassane","m","en"
"alheli","f","en"
"alhena","f","en"
"ali","f","en"
"alia","f","en"
"aliah","f","en"
"alian","m","en"
"aliana","f","en"
"alianah","f","en"
"aliani","f","en"
"alianna","f","en"
"aliannah","f","en"
"alianny","f","en"
"aliannys","f","en"
"aliany","f","en"
"alias","m","en"
"alice","f","en"
"alicea","f","en"
"alicen","f","en"
"alicent","f","en"
"alicia","f","en"
"aliciana","f","en"
"alicja","f","en"
"alicyn","f","en"
"alida","f","en"
"aliese","f","en"
"alieu","m","en"
"alif","m","en"
"alifa","f","en"
"aliha","f","en"
"alihan","m","en"
"alii","m","en"
"alija","m","en"
"alijah","f","en"
"alik","m","en"
"alika","f","en"
"alikai","m","en"
"alikhan","m","en"
"alila","f","en"
"alilah","f","en"
"alilet","f","en"
"aliliana","f","en"
"alim","m","en"
"alima","f","en"
"alin","f","en"
"alina","f","en"
"alinah","f","en"
"alinda","f","en"
"aline","f","en"
"alinea","f","en"
"alinna","f","en"
"aliou","m","en"
"alioune","m","en"
"alira","f","en"
"alis","f","en"
"alisa","f","en"
"alisandra","f","en"
"alise","f","en"
"alisha","f","en"
"alishba","f","en"
"alisi","f","en"
"alisia","f","en"
"alison","f","en"
"aliss","f","en"
"alissa","f","en"
"alissandra","f","en"
"alisse","f","en"
"alissia","f","en"
"alisson","f","en"
"alistair","m","en"
"alistar","m","en"
"alister","m","en"
"alisyn","f","en"
"alita","f","en"
"alitza","f","en"
"alitzel","f","en"
"alivia","f","en"
"aliviah","f","en"
"aliviana","f","en"
"aliviyah","f","en"
"alix","f","en"
"aliya","f","en"
"aliyah","f","en"
"aliyan","m","en"
"aliyana","f","en"
"aliyanah","f","en"
"aliyanna","f","en"
"aliyar","m","en"
"aliyas","m","en"
"aliylah","f","en"
"aliyna","f","en"
"aliz","f","en"
"aliza","f","en"
"alizabeth","f","en"
"alizae","f","en"
"alizah","f","en"
"alizay","f","en"
"alize","f","en"
"alizee","f","en"
"alizeh","f","en"
"alizeth","f","en"
"alizette","f","en"
"alizey","f","en"
"alizon","f","en"
"alla","f","en"
"allah","m","en"
"allan","m","en"
"allana","f","en"
"allanah","f","en"
"allani","f","en"
"allanna","f","en"
"allannah","f","en"
"allante","m","en"
"allayah","f","en"
"allayna","f","en"
"alleah","f","en"
"allegra","f","en"
"alleigh","f","en"
"allen","m","en"
"allena","f","en"
"alleria","f","en"
"alley","f","en"
"alleyah","f","en"
"alli","f","en"
"allia","f","en"
"alliah","f","en"
"alliana","f","en"
"allianna","f","en"
"allie","f","en"
"allina","f","en"
"allira","f","en"
"allis","f","en"
"allison","f","en"
"allisson","f","en"
"allistair","m","en"
"allister","m","en"
"allisyn","f","en"
"alliyah","f","en"
"allora","f","en"
"allorah","f","en"
"alluka","f","en"
"allura","f","en"
"allure","f","en"
"ally","f","en"
"allyana","f","en"
"allyanna","f","en"
"allyn","f","en"
"allyna","f","en"
"allyria","f","en"
"allyson","f","en"
"allyssa","f","en"
"allysson","f","en"
"alma","f","en"
"almas","f","en"
"almighty","m","en"
"almir","m","en"
"almira","f","en"
"alo","m","en"
"alohi","f","en"
"alois","m","en"
"alok","m","en"
"alon","m","en"
"alona","f","en"
"alonah","f","en"
"alondra","f","en"
"aloni","f","en"
"alonii","f","en"
"alonna","f","en"
"alonnah","f","en"
"alonni","f","en"
"alonnie","f","en"
"alonso","m","en"
"alonte","m","en"
"alonzo","m","en"
"alora","f","en"
"alorah","f","en"
"alori","f","en"
"aloria","f","en"
"alorra","f","en"
"aloura","f","en"
"aloy","f","en"
"aloysius","m","en"
"alp","m","en"
"alparslan","m","en"
"alper","m","en"
"alpha","f","en"
"alpheus","m","en"
"alphonse","m","en"
"alphonsine","f","en"
"alphonso","m","en"
"alphonsus","m","en"
"alric","m","en"
"alston","m","en"
"alta","f","en"
"altair","f","en"
"altan","m","en"
"altay","m","en"
"alter","m","en"
"althea","f","en"
"altin","m","en"
"alton","m","en"
"alucard","m","en"
"aluna","f","en"
"aluney","f","en"
"alura","f","en"
"alva","f","en"
"alvah","m","en"
"alvaro","m","en"
"alveera","f","en"
"alvey","m","en"
"alvi","m","en"
"alvie","f","en"
"alvin","m","en"
"alvina","f","en"
"alvis","m","en"
"alwaleed","m","en"
"alwin","m","en"
"alwyn","m","en"
"aly","f","en"
"alya","f","en"
"alyaa","f","en"
"alyaan","m","en"
"alyah","f","en"
"alyan","m","en"
"alyana","f","en"
"alyanah","f","en"
"alyanna","f","en"
"alyannah","f","en"
"alyas","m","en"
"alyce","f","en"
"alycia","f","en"
"alyda","f","en"
"alydia","f","en"
"alyeska","f","en"
"alyis","m","en"
"alyjah","m","en"
"alyla","f","en"
"alylah","f","en"
"alyna","f","en"
"alynah","f","en"
"alynn","f","en"
"alynna","f","en"
"alyona","f","en"
"alyra","f","en"
"alyria","f","en"
"alyric","f","en"
"alyrica","f","en"
"alys","f","en"
"alysa","f","en"
"alysandra","f","en"
"alyse","f","en"
"alysha","f","en"
"alysia","f","en"
"alyson","f","en"
"alyss","f","en"
"alyssa","f","en"
"alyssah","f","en"
"alyssandra","f","en"
"alysse","f","en"
"alyssia","f","en"
"alysson","f","en"
"alyster","m","en"
"alyus","m","en"
"alyvia","f","en"
"alyviah","f","en"
"alyx","f","en"
"alyxander","m","en"
"alyxandra","f","en"
"alyxandria","f","en"
"alyza","f","en"
"alyzah","f","en"
"alzahra","f","en"
"ama","f","en"
"amaal","f","en"
"amaan","m","en"
"amaani","f","en"
"amaar","m","en"
"amada","f","en"
"amadea","f","en"
"amadeo","m","en"
"amadeus","m","en"
"amadi","f","en"
"amado","m","en"
"amador","m","en"
"amadou","m","en"
"amael","m","en"
"amahia","f","en"
"amahle","f","en"
"amai","f","en"
"amaia","f","en"
"amaiah","f","en"
"amaias","m","en"
"amaila","f","en"
"amair","m","en"
"amaira","f","en"
"amairah","f","en"
"amairani","f","en"
"amairany","f","en"
"amais","m","en"
"amaiya","f","en"
"amaiyah","f","en"
"amajesty","f","en"
"amal","f","en"
"amala","f","en"
"amaleah","f","en"
"amalee","f","en"
"amali","f","en"
"amalia","f","en"
"amaliah","f","en"
"amalie","f","en"
"amaliya","f","en"
"amalthea","f","en"
"amaly","f","en"
"amalya","f","en"
"aman","m","en"
"amana","f","en"
"amanah","f","en"
"amanat","f","en"
"amanda","f","en"
"amandine","f","en"
"amando","m","en"
"amani","f","en"
"amanie","f","en"
"amanii","f","en"
"amanita","f","en"
"amante","m","en"
"amanuel","m","en"
"amar","f","en"
"amara","f","en"
"amarachi","f","en"
"amarachukwu","f","en"
"amarah","f","en"
"amare","f","en"
"amarea","f","en"
"amaree","f","en"
"amari","f","en"
"amaria","f","en"
"amariah","f","en"
"amarian","m","en"
"amariana","f","en"
"amarianna","f","en"
"amarie","f","en"
"amarigrace","f","en"
"amarii","f","en"
"amarilis","f","en"
"amarion","m","en"
"amariona","f","en"
"amarionna","f","en"
"amaris","f","en"
"amarisa","f","en"
"amarissa","f","en"
"amarius","m","en"
"amariya","f","en"
"amariyah","f","en"
"amariyana","f","en"
"amariz","f","en"
"amarjae","m","en"
"amaro","m","en"
"amarra","f","en"
"amarrah","f","en"
"amarri","f","en"
"amaru","f","en"
"amary","f","en"
"amarya","f","en"
"amaryah","f","en"
"amarylis","f","en"
"amaryllis","f","en"
"amarys","f","en"
"amatullah","f","en"
"amaura","f","en"
"amauri","f","en"
"amauria","f","en"
"amaurie","f","en"
"amaury","m","en"
"amavi","f","en"
"amay","m","en"
"amaya","f","en"
"amayah","f","en"
"amayalee","f","en"
"amayas","m","en"
"amayiah","f","en"
"amayla","f","en"
"amayra","f","en"
"amayrani","f","en"
"amazi","f","en"
"amaziah","f","en"
"amazin","f","en"
"amazing","f","en"
"amazyn","f","en"
"ambar","f","en"
"amber","f","en"
"amberlee","f","en"
"amberleigh","f","en"
"amberley","f","en"
"amberlie","f","en"
"amberlin","f","en"
"amberly","f","en"
"amberlyn","f","en"
"amberlynn","f","en"
"ambika","f","en"
"ambre","f","en"
"ambree","f","en"
"ambria","f","en"
"ambrielle","f","en"
"ambrose","f","en"
"ambrosia","f","en"
"ambrosio","m","en"
"amea","f","en"
"ameah","f","en"
"amedeo","m","en"
"amee","f","en"
"ameelah","f","en"
"ameen","m","en"
"ameena","f","en"
"ameenah","f","en"
"ameer","m","en"
"ameera","f","en"
"ameerah","f","en"
"ameeri","m","en"
"amei","f","en"
"ameia","f","en"
"ameila","f","en"
"ameilia","f","en"
"ameir","m","en"
"ameira","f","en"
"amel","f","en"
"amela","f","en"
"amelah","f","en"
"ameleah","f","en"
"ameli","f","en"
"amelia","f","en"
"ameliah","f","en"
"ameliajames","f","en"
"ameliamarie","f","en"
"ameliana","f","en"
"ameliarose","f","en"
"amelie","f","en"
"amelina","f","en"
"amelio","m","en"
"ameliya","f","en"
"ameliyah","f","en"
"amell","m","en"
"amellia","f","en"
"amely","f","en"
"amelya","f","en"
"amen","f","en"
"amena","f","en"
"amenadiel","m","en"
"amer","m","en"
"amera","f","en"
"amerah","f","en"
"amere","m","en"
"ameri","f","en"
"ameria","f","en"
"ameriah","f","en"
"america","f","en"
"americo","m","en"
"americus","f","en"
"amerie","f","en"
"amerion","m","en"
"ameris","f","en"
"amery","f","en"
"ames","m","en"
"amethyst","f","en"
"ameya","f","en"
"ameyah","f","en"
"ameyali","f","en"
"ameyalli","f","en"
"amhara","f","en"
"amhir","m","en"
"ami","f","en"
"amia","f","en"
"amiah","f","en"
"amias","m","en"
"amiaz","m","en"
"amichai","m","en"
"amicia","f","en"
"amidala","f","en"
"amie","f","en"
"amiel","m","en"
"amiela","f","en"
"amier","m","en"
"amiera","f","en"
"amierah","f","en"
"amiir","m","en"
"amiira","f","en"
"amika","f","en"
"amiko","f","en"
"amil","f","en"
"amila","f","en"
"amilah","f","en"
"amilcar","m","en"
"amilea","f","en"
"amilia","f","en"
"amiliah","f","en"
"amilian","m","en"
"amiliana","f","en"
"amiliano","m","en"
"amilio","m","en"
"amiliya","f","en"
"amilleon","m","en"
"amilli","f","en"
"amillia","f","en"
"amillian","f","en"
"amilliana","f","en"
"amilliano","m","en"
"amillie","f","en"
"amillieon","m","en"
"amillio","m","en"
"amillion","f","en"
"amily","f","en"
"amilya","f","en"
"amilyah","f","en"
"amin","m","en"
"amina","f","en"
"aminah","f","en"
"aminata","f","en"
"amine","f","en"
"amir","f","en"
"amira","f","en"
"amiracle","f","en"
"amirah","f","en"
"amire","m","en"
"amiree","f","en"
"amireon","m","en"
"amiri","f","en"
"amiria","f","en"
"amiriah","f","en"
"amirian","m","en"
"amiriana","f","en"
"amirianna","f","en"
"amirie","f","en"
"amirii","m","en"
"amirion","m","en"
"amirious","m","en"
"amiris","m","en"
"amiriyah","f","en"
"amiriyon","m","en"
"amirkhan","m","en"
"amirr","m","en"
"amirra","f","en"
"amirrah","f","en"
"amirus","m","en"
"amiryah","f","en"
"amiryon","m","en"
"amisa","f","en"
"amisha","f","en"
"amisi","m","en"
"amit","m","en"
"amitai","m","en"
"amity","f","en"
"amiya","f","en"
"amiyah","f","en"
"amiyla","f","en"
"amiylah","f","en"
"amiyra","f","en"
"amiyrah","f","en"
"amjad","m","en"
"amla","f","en"
"amma","f","en"
"ammar","m","en"
"ammara","f","en"
"ammarah","f","en"
"ammon","m","en"
"ammy","f","en"
"amna","f","en"
"amneh","f","en"
"amnen","f","en"
"amner","m","en"
"amogh","m","en"
"amogha","f","en"
"amon","m","en"
"amoni","f","en"
"amonie","f","en"
"amontae","m","en"
"amonte","m","en"
"amor","f","en"
"amora","f","en"
"amorah","f","en"
"amore","f","en"
"amoree","f","en"
"amoreena","f","en"
"amorette","f","en"
"amori","f","en"
"amoria","f","en"
"amoriah","f","en"
"amorie","f","en"
"amorra","f","en"
"amory","f","en"
"amos","m","en"
"amour","f","en"
"amoura","f","en"
"amouraa","f","en"
"amourah","f","en"
"amoure","f","en"
"amouri","f","en"
"amoya","f","en"
"amparo","f","en"
"amr","m","en"
"amra","f","en"
"amrah","f","en"
"amram","m","en"
"amran","f","en"
"amreen","f","en"
"amren","f","en"
"amri","f","en"
"amris","f","en"
"amrit","m","en"
"amrita","f","en"
"amrom","m","en"
"amron","m","en"
"amrutha","f","en"
"amryn","f","en"
"amulya","f","en"
"amun","m","en"
"amunet","f","en"
"amunra","m","en"
"amy","f","en"
"amya","f","en"
"amyah","f","en"
"amyas","m","en"
"amyiah","f","en"
"amyla","f","en"
"amylah","f","en"
"amylee","f","en"
"amylia","f","en"
"amyr","m","en"
"amyra","f","en"
"amyrah","f","en"
"amyri","f","en"
"amyria","f","en"
"amyriah","f","en"
"amyrie","f","en"
"an","f","en"
"ana","f","en"
"anaaya","f","en"
"anab","f","en"
"anabel","f","en"
"anabela","f","en"
"anabelen","f","en"
"anabell","f","en"
"anabella","f","en"
"anabelle","f","en"
"anabia","f","en"
"anabiya","f","en"
"anaceli","f","en"
"anacelia","f","en"
"anaclara","f","en"
"anael","f","en"
"anaeli","f","en"
"anaelle","f","en"
"anagha","f","en"
"anahat","f","en"
"anahi","f","en"
"anahia","f","en"
"anahis","f","en"
"anahit","f","en"
"anahita","f","en"
"anahli","f","en"
"anahlia","f","en"
"anahy","f","en"
"anai","f","en"
"anaia","f","en"
"anaiah","f","en"
"anaica","f","en"
"anaid","f","en"
"anaiis","f","en"
"anaija","f","en"
"anaika","f","en"
"anaila","f","en"
"anaira","f","en"
"anais","f","en"
"anaisa","f","en"
"anaisabel","f","en"
"anaise","f","en"
"anaisha","f","en"
"anaissa","f","en"
"anaiya","f","en"
"anaiyah","f","en"
"anaiz","f","en"
"anaiza","f","en"
"anajulia","f","en"
"anakin","f","en"
"anakyn","m","en"
"anala","f","en"
"analaia","f","en"
"analaura","f","en"
"analaya","f","en"
"analayah","f","en"
"analea","f","en"
"analeah","f","en"
"analee","f","en"
"analei","f","en"
"analeia","f","en"
"analeiah","f","en"
"analeigh","f","en"
"analeigha","f","en"
"analeya","f","en"
"analeyah","f","en"
"anali","f","en"
"analia","f","en"
"analiah","f","en"
"analicia","f","en"
"analie","f","en"
"analiese","f","en"
"analina","f","en"
"analis","f","en"
"analisa","f","en"
"analise","f","en"
"analissa","f","en"
"analisse","f","en"
"analiya","f","en"
"analiyah","f","en"
"analiz","f","en"
"analucia","f","en"
"analuisa","f","en"
"analy","f","en"
"analya","f","en"
"analyn","f","en"
"analynn","f","en"
"analyse","f","en"
"analyssa","f","en"
"anam","f","en"
"anamari","f","en"
"anamaria","f","en"
"anamarie","f","en"
"anami","f","en"
"anamika","f","en"
"anan","m","en"
"anand","f","en"
"ananda","f","en"
"anandi","f","en"
"anani","f","en"
"ananiah","f","en"
"ananias","m","en"
"anant","f","en"
"ananth","m","en"
"ananya","f","en"
"anapaola","f","en"
"anapaula","f","en"
"anar","m","en"
"anara","f","en"
"anarah","f","en"
"anari","f","en"
"anaria","f","en"
"anariah","f","en"
"anarie","f","en"
"anarii","f","en"
"anarose","f","en"
"anas","m","en"
"anasia","f","en"
"anasofia","f","en"
"anasophia","f","en"
"anastacia","f","en"
"anastacio","m","en"
"anastaisa","f","en"
"anastasia","f","en"
"anastasiia","f","en"
"anastasija","f","en"
"anastasios","m","en"
"anastasiya","f","en"
"anastassia","f","en"
"anastasya","f","en"
"anastazia","f","en"
"anastazja","f","en"
"anastyn","f","en"
"anav","m","en"
"anavah","f","en"
"anaveah","f","en"
"anavi","f","en"
"anavia","f","en"
"anavictoria","f","en"
"anay","m","en"
"anaya","f","en"
"anayah","f","en"
"anayaliz","f","en"
"anayansi","f","en"
"anayat","f","en"
"anayeli","f","en"
"anayia","f","en"
"anayiah","f","en"
"anayla","f","en"
"anaylah","f","en"
"anayra","f","en"
"anaysha","f","en"
"anberlin","f","en"
"anchor","m","en"
"ande","f","en"
"andee","f","en"
"andel","m","en"
"anden","m","en"
"ander","m","en"
"anders","m","en"
"andersen","f","en"
"anderson","f","en"
"andersson","m","en"
"andersyn","f","en"
"anderzon","m","en"
"andi","f","en"
"andie","f","en"
"andilyn","f","en"
"andon","m","en"
"andoni","m","en"
"andony","m","en"
"andor","m","en"
"andra","f","en"
"andrae","m","en"
"andranik","m","en"
"andras","m","en"
"andraya","f","en"
"andre","m","en"
"andrea","f","en"
"andreas","m","en"
"andree","m","en"
"andrei","m","en"
"andreia","f","en"
"andreina","f","en"
"andrej","m","en"
"andres","m","en"
"andretti","m","en"
"andreus","m","en"
"andrew","m","en"
"andrews","m","en"
"andrey","m","en"
"andreya","f","en"
"andrez","m","en"
"andria","f","en"
"andriana","f","en"
"andrick","m","en"
"andriel","m","en"
"andrik","m","en"
"andrina","f","en"
"andriy","m","en"
"andro","m","en"
"andromeda","f","en"
"andros","m","en"
"andru","m","en"
"andry","f","en"
"anduin","m","en"
"andy","f","en"
"anea","f","en"
"aneesa","f","en"
"aneesah","f","en"
"aneesh","m","en"
"aneira","f","en"
"aneissa","f","en"
"anel","f","en"
"anela","f","en"
"anele","f","en"
"aneles","f","en"
"aneley","f","en"
"aneli","f","en"
"anelia","f","en"
"anelie","f","en"
"anelis","f","en"
"anelise","f","en"
"aneliz","f","en"
"anella","f","en"
"anelly","f","en"
"anely","f","en"
"anelys","f","en"
"anelysse","f","en"
"anemone","f","en"
"aneri","f","en"
"anesia","f","en"
"anessa","f","en"
"aneth","f","en"
"anette","f","en"
"anevay","f","en"
"aneyla","f","en"
"anfal","f","en"
"anfernee","m","en"
"angad","m","en"
"angel","m","en"
"angela","f","en"
"angele","f","en"
"angelee","f","en"
"angelena","f","en"
"angeles","f","en"
"angelgabriel","m","en"
"angeli","f","en"
"angelia","f","en"
"angelic","f","en"
"angelica","f","en"
"angelie","f","en"
"angelika","f","en"
"angeliki","f","en"
"angelin","f","en"
"angelina","f","en"
"angeline","f","en"
"angelino","m","en"
"angelique","f","en"
"angelis","f","en"
"angelisa","f","en"
"angelise","f","en"
"angelita","f","en"
"angelito","m","en"
"angella","f","en"
"angello","m","en"
"angelly","f","en"
"angelmarie","f","en"
"angelo","m","en"
"angelos","m","en"
"angelus","m","en"
"angely","f","en"
"angelyn","f","en"
"anggy","f","en"
"angie","f","en"
"angus","m","en"
"angy","f","en"
"anh","f","en"
"anha","f","en"
"anhad","f","en"
"anhar","f","en"
"ani","f","en"
"ania","f","en"
"aniah","f","en"
"anias","m","en"
"aniaya","f","en"
"anibal","m","en"
"anica","f","en"
"anie","f","en"
"aniel","m","en"
"aniela","f","en"
"aniella","f","en"
"aniello","m","en"
"anifer","f","en"
"anijah","f","en"
"anik","m","en"
"anika","f","en"
"anikan","m","en"
"aniken","m","en"
"aniket","m","en"
"aniketh","m","en"
"aniko","f","en"
"anila","f","en"
"anilah","f","en"
"anilyah","f","en"
"anina","f","en"
"anir","m","en"
"anira","f","en"
"anirudh","m","en"
"anirved","m","en"
"anis","m","en"
"anisa","f","en"
"anisah","f","en"
"anise","f","en"
"anish","m","en"
"anisha","f","en"
"anisia","f","en"
"anissa","f","en"
"aniston","f","en"
"anistyn","f","en"
"anita","f","en"
"anitta","f","en"
"aniv","m","en"
"aniva","f","en"
"anival","m","en"
"aniya","f","en"
"aniyah","f","en"
"aniyla","f","en"
"aniylah","f","en"
"anja","f","en"
"anjali","f","en"
"anjana","f","en"
"anjani","f","en"
"anjel","m","en"
"anjela","f","en"
"anjelica","f","en"
"anjelina","f","en"
"anjelo","m","en"
"anjolaoluwa","f","en"
"anjolie","f","en"
"anker","m","en"
"anllely","f","en"
"anlly","f","en"
"anmay","m","en"
"anmol","f","en"
"ann","f","en"
"anna","f","en"
"annabel","f","en"
"annabell","f","en"
"annabella","f","en"
"annabelle","f","en"
"annabeth","f","en"
"annaclaire","f","en"
"annael","f","en"
"annaelise","f","en"
"annaelle","f","en"
"annagrace","f","en"
"annah","f","en"
"annahi","f","en"
"annais","f","en"
"annakate","f","en"
"annakatherine","f","en"
"annalaya","f","en"
"annalayah","f","en"
"annalea","f","en"
"annaleah","f","en"
"annalee","f","en"
"annaleia","f","en"
"annaleigh","f","en"
"annaleigha","f","en"
"annalena","f","en"
"annaley","f","en"
"annaleya","f","en"
"annali","f","en"
"annalia","f","en"
"annaliah","f","en"
"annalicia","f","en"
"annalie","f","en"
"annaliese","f","en"
"annalina","f","en"
"annalis","f","en"
"annalisa","f","en"
"annalise","f","en"
"annalisia","f","en"
"annaliya","f","en"
"annaliyah","f","en"
"annaliz","f","en"
"annaliza","f","en"
"annalize","f","en"
"annalucia","f","en"
"annaly","f","en"
"annalyn","f","en"
"annalynn","f","en"
"annalysa","f","en"
"annalyse","f","en"
"annalysia","f","en"
"annamae","f","en"
"annamaria","f","en"
"annamarie","f","en"
"annamary","f","en"
"annapaula","f","en"
"annapurna","f","en"
"annarose","f","en"
"annasophia","f","en"
"annastacia","f","en"
"annastasia","f","en"
"annaya","f","en"
"annayah","f","en"
"annayeli","f","en"
"anne","f","en"
"anneke","f","en"
"anneli","f","en"
"annelie","f","en"
"anneliese","f","en"
"annelise","f","en"
"annelisse","f","en"
"annelle","f","en"
"annely","f","en"
"annelys","f","en"
"annelyse","f","en"
"annemarie","f","en"
"anner","m","en"
"annessa","f","en"
"anneth","f","en"
"annetta","f","en"
"annette","f","en"
"anni","f","en"
"annia","f","en"
"anniah","f","en"
"annica","f","en"
"annie","f","en"
"anniemae","f","en"
"annika","f","en"
"annina","f","en"
"anniston","f","en"
"annistyn","f","en"
"anniyah","f","en"
"annlee","f","en"
"annmarie","f","en"
"annora","f","en"
"annorah","f","en"
"annslee","f","en"
"annsleigh","f","en"
"annsley","f","en"
"annur","m","en"
"anny","f","en"
"annya","f","en"
"anoah","m","en"
"anokhi","f","en"
"anola","f","en"
"anora","f","en"
"anorah","f","en"
"anori","f","en"
"anoud","f","en"
"anouk","f","en"
"anoushka","f","en"
"anova","f","en"
"anovah","f","en"
"anri","m","en"
"ansar","m","en"
"ansel","m","en"
"anselm","m","en"
"anselmo","m","en"
"ansen","m","en"
"ansh","m","en"
"ansha","f","en"
"anshi","f","en"
"anshika","f","en"
"anslee","f","en"
"ansleigh","f","en"
"ansley","f","en"
"anson","m","en"
"ansor","m","en"
"antara","f","en"
"antares","m","en"
"antavion","m","en"
"antavious","m","en"
"antelmo","m","en"
"anthea","f","en"
"anthem","f","en"
"anthon","m","en"
"anthonela","f","en"
"anthonella","f","en"
"anthoney","m","en"
"anthoni","m","en"
"anthonio","m","en"
"anthony","m","en"
"anthonyjames","m","en"
"anthuan","m","en"
"antigone","f","en"
"antione","m","en"
"antionette","f","en"
"antoine","m","en"
"antoinette","f","en"
"anton","m","en"
"antone","m","en"
"antonela","f","en"
"antonella","f","en"
"antonello","m","en"
"antonette","f","en"
"antoni","m","en"
"antonia","f","en"
"antonie","m","en"
"antonietta","f","en"
"antonina","f","en"
"antonino","m","en"
"antonio","m","en"
"antonis","m","en"
"antonius","m","en"
"antony","m","en"
"antonyo","m","en"
"antuan","m","en"
"antwain","m","en"
"antwan","m","en"
"antwon","m","en"
"antwone","m","en"
"anu","f","en"
"anuar","m","en"
"anubis","m","en"
"anuel","m","en"
"anuhea","f","en"
"anuli","f","en"
"anum","f","en"
"anuoluwa","f","en"
"anuoluwapo","f","en"
"anusha","f","en"
"anushka","f","en"
"anushree","f","en"
"anvay","m","en"
"anvi","f","en"
"anvik","m","en"
"anvika","f","en"
"anvit","m","en"
"anvita","f","en"
"anvith","m","en"
"anvitha","f","en"
"anwar","m","en"
"anwen","f","en"
"anya","f","en"
"anyah","f","en"
"anyel","m","en"
"anyeli","f","en"
"anyelin","f","en"
"anyelo","m","en"
"anyely","f","en"
"anyi","f","en"
"anyia","f","en"
"anyiah","f","en"
"anyla","f","en"
"anylah","f","en"
"anylee","f","en"
"anyra","f","en"
"anyssa","f","en"
"anyx","m","en"
"anzal","f","en"
"anze","m","en"
"anzel","m","en"
"ao","m","en"
"aodhan","m","en"
"aoi","m","en"
"aoife","f","en"
"aolani","f","en"
"aolanis","f","en"
"aomi","f","en"
"aonesty","f","en"
"aoto","m","en"
"aous","m","en"
"aowyn","f","en"
"aphrodite","f","en"
"apolinar","m","en"
"apollo","m","en"
"apollonia","f","en"
"apollos","m","en"
"apolo","m","en"
"apolonia","f","en"
"aponi","f","en"
"apphia","f","en"
"apple","f","en"
"april","f","en"
"apryl","f","en"
"aqeel","m","en"
"aqsa","f","en"
"aqua","f","en"
"aquetzali","f","en"
"aquil","m","en"
"aquila","f","en"
"aquiles","m","en"
"ara","f","en"
"arabel","f","en"
"arabela","f","en"
"arabell","f","en"
"arabella","f","en"
"arabelle","f","en"
"araceli","f","en"
"aracelia","f","en"
"aracelis","f","en"
"aracelli","f","en"
"aracely","f","en"
"aradhana","f","en"
"aradhya","f","en"
"aradia","f","en"
"araela","f","en"
"araeya","f","en"
"araf","m","en"
"arafat","m","en"
"aragon","m","en"
"aragorn","m","en"
"arah","f","en"
"arai","f","en"
"araia","f","en"
"araiah","f","en"
"araina","f","en"
"araiya","f","en"
"araiyah","f","en"
"arale","f","en"
"araly","f","en"
"aralyn","f","en"
"aralynn","f","en"
"aram","m","en"
"arami","f","en"
"araminta","f","en"
"aramis","m","en"
"aran","m","en"
"arantxa","f","en"
"arantza","f","en"
"aranya","f","en"
"aranza","f","en"
"araoluwa","f","en"
"aras","m","en"
"arash","m","en"
"arath","m","en"
"arav","m","en"
"araya","f","en"
"arayah","f","en"
"arayla","f","en"
"araylah","f","en"
"arayna","f","en"
"araz","m","en"
"arbaaz","m","en"
"arbella","f","en"
"arber","m","en"
"arbor","f","en"
"arcadia","f","en"
"arcadio","m","en"
"arcadius","m","en"
"arcangel","m","en"
"arcelia","f","en"
"arch","m","en"
"archangel","m","en"
"archer","f","en"
"archibald","m","en"
"archibaldo","m","en"
"archie","m","en"
"archimedes","m","en"
"archivaldo","m","en"
"archy","m","en"
"arcturus","m","en"
"arda","m","en"
"ardell","m","en"
"arden","f","en"
"ardian","m","en"
"ardin","m","en"
"ardyn","f","en"
"areeb","m","en"
"areeba","f","en"
"areej","f","en"
"areen","f","en"
"areesha","f","en"
"areez","m","en"
"areg","m","en"
"arek","m","en"
"arel","m","en"
"areli","f","en"
"arelia","f","en"
"arelie","f","en"
"arelio","m","en"
"arelis","f","en"
"arella","f","en"
"arelli","f","en"
"arelly","f","en"
"arely","f","en"
"arelys","f","en"
"arelyz","f","en"
"aren","m","en"
"arena","f","en"
"areni","f","en"
"ares","f","en"
"aretha","f","en"
"aretzi","f","en"
"aretzy","f","en"
"arev","f","en"
"arevik","f","en"
"areya","f","en"
"areyah","f","en"
"arez","m","en"
"arfa","f","en"
"argenis","m","en"
"argus","m","en"
"arha","f","en"
"arhaam","m","en"
"arhaan","m","en"
"arham","m","en"
"arhan","m","en"
"arhareddy","f","en"
"arhum","m","en"
"ari","f","en"
"aria","f","en"
"ariabella","f","en"
"ariadna","f","en"
"ariadne","f","en"
"ariadny","f","en"
"ariah","f","en"
"arialynn","f","en"
"ariam","f","en"
"ariamarie","f","en"
"arian","f","en"
"ariana","f","en"
"arianah","f","en"
"ariane","f","en"
"arianeli","f","en"
"arianelly","f","en"
"arianely","f","en"
"ariani","f","en"
"arianis","f","en"
"ariann","f","en"
"arianna","f","en"
"ariannah","f","en"
"arianne","f","en"
"arianni","f","en"
"ariannie","f","en"
"arianny","f","en"
"ariany","f","en"
"arias","m","en"
"ariat","m","en"
"ariauna","f","en"
"ariayl","f","en"
"ariba","f","en"
"aribel","f","en"
"aribella","f","en"
"aribelle","f","en"
"aric","m","en"
"arica","f","en"
"aricela","f","en"
"aricella","f","en"
"arick","m","en"
"ariday","f","en"
"arie","f","en"
"ariea","f","en"
"arieana","f","en"
"arieanna","f","en"
"ariebella","f","en"
"arieh","m","en"
"ariel","f","en"
"ariela","f","en"
"arieli","f","en"
"arielis","f","en"
"arieliz","f","en"
"ariell","f","en"
"ariella","f","en"
"ariellah","f","en"
"arielle","f","en"
"ariellie","f","en"
"arielly","f","en"
"ariely","f","en"
"arielys","f","en"
"arien","f","en"
"arienne","f","en"
"arieon","m","en"
"aries","f","en"
"arietta","f","en"
"arietty","f","en"
"ariez","m","en"
"arif","m","en"
"ariha","f","en"
"arihaan","m","en"
"arihana","f","en"
"arihanna","f","en"
"arii","f","en"
"ariia","f","en"
"ariiyah","f","en"
"arik","m","en"
"arika","f","en"
"arilena","f","en"
"arilyn","f","en"
"arilynn","f","en"
"arin","f","en"
"arina","f","en"
"arinas","f","en"
"arinjay","m","en"
"arinze","m","en"
"ario","m","en"
"arion","f","en"
"ariona","f","en"
"arionna","f","en"
"arirose","f","en"
"aris","f","en"
"arisa","f","en"
"arisbel","f","en"
"arisbeth","f","en"
"arisela","f","en"
"arish","m","en"
"arisha","f","en"
"arison","m","en"
"arissa","f","en"
"arista","f","en"
"aristea","f","en"
"aristeo","m","en"
"aristides","m","en"
"ariston","m","en"
"aristos","m","en"
"aristotle","m","en"
"aritz","m","en"
"aritza","f","en"
"aritzel","f","en"
"aritzia","f","en"
"aritzy","f","en"
"arius","m","en"
"ariv","m","en"
"ariya","f","en"
"ariyaa","f","en"
"ariyah","f","en"
"ariyan","f","en"
"ariyana","f","en"
"ariyanah","f","en"
"ariyanna","f","en"
"ariyel","f","en"
"ariyella","f","en"
"ariyon","m","en"
"ariyonna","f","en"
"ariz","m","en"
"ariza","f","en"
"arizbeth","f","en"
"arizona","f","en"
"arjan","m","en"
"arjay","m","en"
"arjen","m","en"
"arjun","m","en"
"arjuna","m","en"
"arjunkrishna","m","en"
"arjunreddy","m","en"
"arka","m","en"
"arkan","m","en"
"arkham","m","en"
"arkin","m","en"
"arkyn","m","en"
"arla","f","en"
"arlan","m","en"
"arland","m","en"
"arlando","m","en"
"arlani","f","en"
"arlea","f","en"
"arlee","f","en"
"arleen","f","en"
"arleigh","f","en"
"arlen","f","en"
"arlena","f","en"
"arlene","f","en"
"arlenne","f","en"
"arleny","f","en"
"arlenys","f","en"
"arlet","f","en"
"arleta","f","en"
"arleth","f","en"
"arlett","f","en"
"arletta","f","en"
"arlette","f","en"
"arley","f","en"
"arli","f","en"
"arlie","f","en"
"arlin","f","en"
"arlina","f","en"
"arline","f","en"
"arlington","f","en"
"arlis","m","en"
"arliss","m","en"
"arlo","f","en"
"arlon","m","en"
"arlow","m","en"
"arlowe","f","en"
"arly","f","en"
"arlyn","f","en"
"arlynn","f","en"
"armaan","m","en"
"arman","m","en"
"armand","m","en"
"armando","m","en"
"armanee","f","en"
"armani","f","en"
"armanie","f","en"
"armanii","f","en"
"armany","m","en"
"armari","m","en"
"armeen","m","en"
"armel","m","en"
"armen","m","en"
"armenia","f","en"
"armi","f","en"
"armiah","f","en"
"armias","m","en"
"armin","m","en"
"armina","f","en"
"armiya","f","en"
"armiyah","f","en"
"armon","m","en"
"armond","m","en"
"armonee","f","en"
"armoni","f","en"
"armonie","f","en"
"armonii","f","en"
"armonte","m","en"
"armony","m","en"
"armor","m","en"
"arna","f","en"
"arnaaz","f","en"
"arnaldo","m","en"
"arnav","m","en"
"arne","m","en"
"arnez","m","en"
"arnie","m","en"
"arnika","f","en"
"arno","m","en"
"arnol","m","en"
"arnold","m","en"
"arnoldo","m","en"
"arnulfo","m","en"
"aro","m","en"
"aroara","f","en"
"arohi","f","en"
"aroldo","m","en"
"aron","m","en"
"arora","f","en"
"aroura","f","en"
"aroyal","m","en"
"arpi","f","en"
"arra","f","en"
"arrabella","f","en"
"arran","m","en"
"arraya","f","en"
"arrayah","f","en"
"arri","f","en"
"arria","f","en"
"arriana","f","en"
"arrick","m","en"
"arrie","f","en"
"arrietty","f","en"
"arrington","f","en"
"arrion","m","en"
"arris","f","en"
"arrius","m","en"
"arriya","f","en"
"arriyah","f","en"
"arron","m","en"
"arrow","f","en"
"arsal","m","en"
"arsalan","m","en"
"arsema","f","en"
"arsen","m","en"
"arsene","m","en"
"arsenio","m","en"
"arseniy","m","en"
"arsh","m","en"
"arsha","m","en"
"arshaan","m","en"
"arshad","m","en"
"arshan","m","en"
"arshi","f","en"
"arshia","f","en"
"arshiv","m","en"
"arshiya","f","en"
"arslan","m","en"
"arson","m","en"
"art","m","en"
"arta","f","en"
"artavious","m","en"
"arteen","m","en"
"artem","m","en"
"artemio","m","en"
"artemis","f","en"
"artemisia","f","en"
"artemus","m","en"
"arteo","m","en"
"artez","m","en"
"arth","m","en"
"arthas","m","en"
"arther","m","en"
"arthor","m","en"
"arthur","m","en"
"artie","m","en"
"artimus","m","en"
"artin","m","en"
"artis","f","en"
"artist","f","en"
"artorias","m","en"
"artorius","m","en"
"artreus","m","en"
"artur","m","en"
"arturo","m","en"
"artyom","m","en"
"artyst","m","en"
"arun","m","en"
"aruna","f","en"
"arush","m","en"
"arushi","f","en"
"arvaeyah","f","en"
"arvand","m","en"
"arvid","m","en"
"arvik","m","en"
"arvin","m","en"
"arwa","f","en"
"arwaa","f","en"
"arwen","f","en"
"arwin","m","en"
"arwyn","f","en"
"ary","f","en"
"arya","f","en"
"aryaan","m","en"
"aryah","f","en"
"aryahi","f","en"
"aryam","f","en"
"aryaman","m","en"
"aryan","f","en"
"aryana","f","en"
"aryani","f","en"
"aryanna","f","en"
"aryanreddy","m","en"
"aryansh","m","en"
"aryash","m","en"
"aryav","m","en"
"aryaveer","m","en"
"arye","m","en"
"aryeh","m","en"
"aryel","f","en"
"aryella","f","en"
"aryelle","f","en"
"aryen","m","en"
"aryes","f","en"
"aryia","f","en"
"aryiah","f","en"
"aryiana","f","en"
"aryn","f","en"
"aryna","f","en"
"arynn","f","en"
"aryo","m","en"
"aryon","m","en"
"arys","f","en"
"aryss","f","en"
"aryus","m","en"
"aryya","f","en"
"arzaan","m","en"
"arzoe","f","en"
"arzoi","f","en"
"arzoie","f","en"
"arzoo","f","en"
"arzoyi","f","en"
"arzu","f","en"
"asa","f","en"
"asaad","m","en"
"asaan","m","en"
"asad","m","en"
"asael","m","en"
"asaf","m","en"
"asah","m","en"
"asahd","m","en"
"asahel","m","en"
"asahi","m","en"
"asahn","m","en"
"asai","m","en"
"asaiah","f","en"
"asaiya","f","en"
"asal","f","en"
"asalia","f","en"
"asami","f","en"
"asan","m","en"
"asana","f","en"
"asani","f","en"
"asantae","m","en"
"asante","m","en"
"asanti","f","en"
"asaph","m","en"
"asar","m","en"
"asari","f","en"
"asaun","m","en"
"asaya","m","en"
"asce","m","en"
"ascher","m","en"
"ase","f","en"
"aseda","f","en"
"aseel","f","en"
"aseem","m","en"
"aseer","m","en"
"asees","f","en"
"asel","f","en"
"asena","f","en"
"asenat","f","en"
"asenath","f","en"
"aseneth","f","en"
"aser","m","en"
"ash","f","en"
"asha","f","en"
"ashad","m","en"
"ashai","m","en"
"ashaia","f","en"
"ashal","m","en"
"ashan","m","en"
"ashani","f","en"
"ashanti","f","en"
"ashanty","f","en"
"ashar","m","en"
"ashara","f","en"
"ashari","f","en"
"ashaun","m","en"
"ashawn","m","en"
"ashay","m","en"
"ashaz","m","en"
"ashby","f","en"
"ashden","m","en"
"ashe","f","en"
"ashely","f","en"
"ashelynn","f","en"
"asher","m","en"
"asherah","f","en"
"ashford","m","en"
"ashia","f","en"
"ashika","f","en"
"ashima","f","en"
"ashir","m","en"
"ashira","f","en"
"ashish","m","en"
"ashiya","f","en"
"ashiyah","f","en"
"ashkan","m","en"
"ashla","f","en"
"ashland","f","en"
"ashlee","f","en"
"ashleigh","f","en"
"ashlen","f","en"
"ashley","f","en"
"ashli","f","en"
"ashlie","f","en"
"ashlin","f","en"
"ashly","f","en"
"ashlyn","f","en"
"ashlynn","f","en"
"ashmi","f","en"
"ashon","m","en"
"ashot","m","en"
"ashraf","m","en"
"ashriel","m","en"
"ashrith","m","en"
"ashten","m","en"
"ashtin","f","en"
"ashton","f","en"
"ashtyn","f","en"
"ashtynn","f","en"
"ashur","m","en"
"ashvi","f","en"
"ashvik","m","en"
"ashwin","m","en"
"ashya","f","en"
"ashyia","f","en"
"ashyla","f","en"
"ashyr","m","en"
"asi","m","en"
"asia","f","en"
"asiah","f","en"
"asiel","m","en"
"asier","m","en"
"asif","m","en"
"asil","m","en"
"asim","m","en"
"asir","m","en"
"asire","m","en"
"asiya","f","en"
"asiyah","f","en"
"asiye","f","en"
"askari","m","en"
"aslam","m","en"
"aslan","m","en"
"asli","f","en"
"aslin","f","en"
"asly","f","en"
"aslyn","f","en"
"aslynn","f","en"
"asma","f","en"
"asmaa","f","en"
"asmah","f","en"
"asmahan","f","en"
"asmara","f","en"
"asmodeus","m","en"
"asna","f","en"
"ason","m","en"
"aspen","f","en"
"aspyn","f","en"
"aspynn","f","en"
"asra","f","en"
"asriel","m","en"
"asrith","m","en"
"assad","m","en"
"assata","f","en"
"asser","m","en"
"assetou","f","en"
"assiah","m","en"
"asta","f","en"
"astaria","f","en"
"astella","f","en"
"astelle","f","en"
"aster","f","en"
"asteria","f","en"
"astin","m","en"
"aston","f","en"
"astor","m","en"
"astoria","f","en"
"astra","f","en"
"astraea","f","en"
"astraya","f","en"
"astrea","f","en"
"astria","f","en"
"astrid","f","en"
"astro","m","en"
"astryd","f","en"
"asukulu","m","en"
"asun","m","en"
"asuna","f","en"
"asya","f","en"
"asyah","m","en"
"asyn","m","en"
"ata","m","en"
"atal","m","en"
"atalaya","f","en"
"atalia","f","en"
"atalie","f","en"
"atara","f","en"
"atarah","f","en"
"atari","f","en"
"atef","m","en"
"atenea","f","en"
"athalia","f","en"
"athaliah","f","en"
"athan","m","en"
"athanasia","f","en"
"athanasios","m","en"
"athanasius","m","en"
"athar","f","en"
"atharv","m","en"
"atharva","m","en"
"atharvreddy","m","en"
"athea","f","en"
"atheena","f","en"
"atheia","f","en"
"athelia","f","en"
"athen","m","en"
"athena","f","en"
"athenah","f","en"
"athenarose","f","en"
"athenas","f","en"
"athenea","f","en"
"athens","f","en"
"athina","f","en"
"athiran","m","en"
"athiyan","m","en"
"athos","m","en"
"athyna","f","en"
"atiana","f","en"
"atif","m","en"
"atigun","m","en"
"atilla","m","en"
"atina","f","en"
"atiya","f","en"
"atlan","m","en"
"atlantis","f","en"
"atlas","f","en"
"atlee","f","en"
"atleigh","f","en"
"atley","f","en"
"atlis","m","en"
"atlus","m","en"
"atlys","f","en"
"atom","m","en"
"atreus","m","en"
"atreya","f","en"
"atreyu","m","en"
"atreyus","m","en"
"attalie","f","en"
"attica","f","en"
"atticus","f","en"
"attie","f","en"
"attikus","m","en"
"attila","m","en"
"attilio","m","en"
"atwood","m","en"
"atzel","m","en"
"atzi","f","en"
"atzin","m","en"
"atziri","f","en"
"atziry","f","en"
"aubin","m","en"
"aubre","f","en"
"aubreanna","f","en"
"aubree","f","en"
"aubrei","f","en"
"aubreigh","f","en"
"aubrey","f","en"
"aubreyann","f","en"
"aubri","f","en"
"aubria","f","en"
"aubriana","f","en"
"aubrianna","f","en"
"aubrie","f","en"
"aubriee","f","en"
"aubriel","f","en"
"aubriella","f","en"
"aubrielle","f","en"
"aubrii","f","en"
"aubrin","f","en"
"aubry","f","en"
"aubryn","f","en"
"auburn","f","en"
"audel","m","en"
"audelia","f","en"
"audemar","m","en"
"auden","f","en"
"audi","f","en"
"audia","f","en"
"audie","f","en"
"audiel","m","en"
"audra","f","en"
"audre","f","en"
"audree","f","en"
"audrey","f","en"
"audreyanna","f","en"
"audri","f","en"
"audria","f","en"
"audriana","f","en"
"audrianna","f","en"
"audric","m","en"
"audrie","f","en"
"audriella","f","en"
"audrielle","f","en"
"audrina","f","en"
"audry","f","en"
"audyn","f","en"
"audynn","f","en"
"auggie","m","en"
"augie","m","en"
"august","f","en"
"augusta","f","en"
"augustas","m","en"
"auguste","m","en"
"augustin","m","en"
"augustina","f","en"
"augustine","f","en"
"augustino","m","en"
"augusto","m","en"
"augustus","m","en"
"aukai","m","en"
"aulani","f","en"
"aulden","m","en"
"auley","m","en"
"aulii","f","en"
"aulora","f","en"
"aum","m","en"
"auna","f","en"
"aundre","m","en"
"aundrea","f","en"
"auner","m","en"
"aunesti","f","en"
"aunesty","f","en"
"auni","f","en"
"aunika","f","en"
"aunisty","f","en"
"aunix","m","en"
"aunna","f","en"
"aunystee","f","en"
"aunysti","f","en"
"aunyx","f","en"
"aura","f","en"
"aurabella","f","en"
"auraya","f","en"
"aurea","f","en"
"aurel","m","en"
"aurelia","f","en"
"aurelian","m","en"
"aureliano","m","en"
"aurelie","f","en"
"aurelien","m","en"
"aurelio","m","en"
"aurelius","m","en"
"aurella","f","en"
"aurellia","f","en"
"aurely","f","en"
"auri","f","en"
"auria","f","en"
"auriana","f","en"
"auriani","f","en"
"aurianna","f","en"
"aurie","f","en"
"auriel","f","en"
"auriela","f","en"
"auriella","f","en"
"aurielle","f","en"
"auriya","f","en"
"auriyah","f","en"
"auron","m","en"
"aurora","f","en"
"aurorah","f","en"
"aurorarose","f","en"
"aurum","m","en"
"aury","f","en"
"aurya","f","en"
"auryn","m","en"
"ausar","m","en"
"auset","f","en"
"ausha","f","en"
"austen","f","en"
"austin","m","en"
"auston","m","en"
"austyn","f","en"
"austynn","f","en"
"autry","f","en"
"autum","f","en"
"autumn","f","en"
"autumnrose","f","en"
"autymn","f","en"
"auzaria","f","en"
"auzeir","m","en"
"ava","f","en"
"avaan","m","en"
"avaani","f","en"
"avabella","f","en"
"avacyn","f","en"
"avaeah","f","en"
"avaeh","f","en"
"avaeya","f","en"
"avagrace","f","en"
"avah","f","en"
"avaia","f","en"
"avaiah","f","en"
"avaiya","f","en"
"avaiyah","f","en"
"avajo","f","en"
"avalee","f","en"
"avaleigh","f","en"
"avalena","f","en"
"avalene","f","en"
"avaley","f","en"
"avalie","f","en"
"avalina","f","en"
"avaline","f","en"
"avalise","f","en"
"avalon","f","en"
"avaly","f","en"
"avalyn","f","en"
"avalynn","f","en"
"avalynne","f","en"
"avamae","f","en"
"avamarie","f","en"
"avan","m","en"
"avana","f","en"
"avanah","f","en"
"avaneesh","m","en"
"avangelina","f","en"
"avangeline","f","en"
"avani","f","en"
"avanie","f","en"
"avanii","f","en"
"avanna","f","en"
"avanni","f","en"
"avant","m","en"
"avante","m","en"
"avanti","f","en"
"avantika","f","en"
"avany","f","en"
"avarae","f","en"
"avaree","f","en"
"avarey","f","en"
"avari","f","en"
"avaria","f","en"
"avarie","f","en"
"avarose","f","en"
"avary","f","en"
"avash","m","en"
"avaughn","m","en"
"avaya","f","en"
"avayah","f","en"
"avayla","f","en"
"ave","f","en"
"avea","f","en"
"aveah","f","en"
"aveena","f","en"
"aveer","m","en"
"aveera","f","en"
"aveia","f","en"
"aveiyah","f","en"
"avel","m","en"
"avelie","f","en"
"avelina","f","en"
"aveline","f","en"
"avelino","m","en"
"avella","f","en"
"avellina","f","en"
"avelyn","f","en"
"avelynn","f","en"
"aven","f","en"
"avena","f","en"
"avenir","m","en"
"avenlee","f","en"
"avenly","f","en"
"aveon","m","en"
"avera","f","en"
"averee","f","en"
"avereigh","f","en"
"averett","m","en"
"averi","f","en"
"averiana","f","en"
"averianna","f","en"
"averie","f","en"
"averlee","f","en"
"averleigh","f","en"
"averley","f","en"
"averly","f","en"
"averlyn","f","en"
"avery","f","en"
"averyanna","f","en"
"avetis","m","en"
"avett","m","en"
"avey","f","en"
"aveya","f","en"
"aveyah","f","en"
"avi","f","en"
"avia","f","en"
"aviah","f","en"
"avian","f","en"
"aviana","f","en"
"aviani","f","en"
"avianna","f","en"
"aviannah","f","en"
"avianne","f","en"
"avianni","f","en"
"avie","f","en"
"aviel","m","en"
"aviela","f","en"
"aviella","f","en"
"avielle","f","en"
"avien","m","en"
"aviendha","f","en"
"avienna","f","en"
"avier","m","en"
"avigail","f","en"
"avigayil","f","en"
"avigdor","m","en"
"avik","m","en"
"avika","f","en"
"avila","f","en"
"avilyn","f","en"
"avilynn","f","en"
"avin","m","en"
"avina","f","en"
"avinash","m","en"
"avion","m","en"
"aviona","f","en"
"avionna","f","en"
"avionne","m","en"
"avir","m","en"
"avira","f","en"
"aviraaj","m","en"
"aviraj","m","en"
"aviram","m","en"
"avis","f","en"
"avish","m","en"
"avisha","f","en"
"avishai","m","en"
"avishka","f","en"
"avitaj","m","en"
"avital","f","en"
"aviv","f","en"
"aviva","f","en"
"avivah","f","en"
"aviya","f","en"
"aviyah","f","en"
"aviyan","m","en"
"aviyana","f","en"
"aviyanna","f","en"
"aviyon","m","en"
"avleen","f","en"
"avneesh","m","en"
"avneet","f","en"
"avner","m","en"
"avni","f","en"
"avnoor","f","en"
"avon","m","en"
"avondre","m","en"
"avoni","f","en"
"avonlea","f","en"
"avonna","f","en"
"avonni","f","en"
"avontae","m","en"
"avonte","m","en"
"avori","f","en"
"avorie","f","en"
"avory","f","en"
"avra","f","en"
"avraham","m","en"
"avraj","m","en"
"avram","m","en"
"avree","f","en"
"avreen","f","en"
"avrey","f","en"
"avri","f","en"
"avriana","f","en"
"avrie","f","en"
"avriel","m","en"
"avrielle","f","en"
"avril","f","en"
"avrohom","m","en"
"avrum","m","en"
"avrumi","m","en"
"avrumy","m","en"
"avry","f","en"
"avy","f","en"
"avya","f","en"
"avyaan","m","en"
"avyaanreddy","m","en"
"avyaansh","m","en"
"avyan","m","en"
"avyana","f","en"
"avyanna","f","en"
"avyansh","m","en"
"avyay","m","en"
"avyion","m","en"
"avyn","f","en"
"avynn","f","en"
"avyon","m","en"
"avyonna","f","en"
"avyukt","m","en"
"avyukth","m","en"
"avyuktha","f","en"
"avyukthram","m","en"
"avyukthreddy","m","en"
"awa","f","en"
"awab","m","en"
"aws","m","en"
"axavier","m","en"
"axcel","m","en"
"axe","m","en"
"axel","m","en"
"axell","m","en"
"axelle","f","en"
"axeton","m","en"
"axiel","m","en"
"axil","m","en"
"axl","m","en"
"axle","m","en"
"axten","m","en"
"axton","m","en"
"axtyn","m","en"
"axxel","m","en"
"axxton","m","en"
"axyl","m","en"
"axyla","f","en"
"axzel","m","en"
"aya","f","en"
"ayaa","f","en"
"ayaad","m","en"
"ayaan","f","en"
"ayaana","f","en"
"ayaanreddy","m","en"
"ayaansh","m","en"
"ayaat","f","en"
"ayaaz","m","en"
"ayad","m","en"
"ayah","f","en"
"ayala","f","en"
"ayame","f","en"
"ayan","f","en"
"ayana","f","en"
"ayanah","f","en"
"ayane","f","en"
"ayanfeoluwa","f","en"
"ayani","f","en"
"ayanna","f","en"
"ayannah","f","en"
"ayanni","f","en"
"ayansh","m","en"
"ayanshreddy","m","en"
"ayara","f","en"
"ayari","f","en"
"ayat","f","en"
"ayaz","m","en"
"aybel","m","en"
"ayce","m","en"
"aycen","m","en"
"ayda","f","en"
"aydan","m","en"
"aydana","f","en"
"aydelin","f","en"
"ayden","f","en"
"aydenn","m","en"
"aydin","m","en"
"aydn","m","en"
"aydon","m","en"
"aydrian","m","en"
"aydrien","m","en"
"aydyn","m","en"
"ayela","f","en"
"ayelen","f","en"
"ayelet","f","en"
"ayella","f","en"
"ayen","f","en"
"ayers","m","en"
"ayesha","f","en"
"ayeza","f","en"
"ayham","m","en"
"ayhan","m","en"
"ayia","f","en"
"ayiana","f","en"
"ayinde","m","en"
"ayira","f","en"
"ayisha","f","en"
"ayla","f","en"
"aylah","f","en"
"aylahni","f","en"
"aylan","m","en"
"aylana","f","en"
"aylani","f","en"
"aylanie","f","en"
"aylanni","f","en"
"aylanny","f","en"
"aylany","f","en"
"aylarae","f","en"
"aylee","f","en"
"ayleen","f","en"
"aylen","f","en"
"aylene","f","en"
"aylette","f","en"
"ayli","f","en"
"ayliana","f","en"
"aylie","f","en"
"aylin","f","en"
"ayline","f","en"
"aylinn","f","en"
"aylla","f","en"
"aylynn","f","en"
"ayma","f","en"
"ayman","m","en"
"aymar","f","en"
"aymara","f","en"
"aymen","m","en"
"ayna","f","en"
"aynara","f","en"
"aynaz","f","en"
"aynur","f","en"
"ayo","m","en"
"ayomi","f","en"
"ayomide","f","en"
"ayomikun","m","en"
"ayon","m","en"
"ayona","f","en"
"ayonna","f","en"
"ayori","f","en"
"ayoub","m","en"
"ayra","f","en"
"ayrabella","f","en"
"ayrah","f","en"
"ayrareddy","f","en"
"ayren","m","en"
"ayria","f","en"
"ayris","f","en"
"ayron","m","en"
"ayrton","m","en"
"aysa","f","en"
"ayse","f","en"
"aysel","f","en"
"aysen","m","en"
"aysha","f","en"
"ayshe","f","en"
"aysia","f","en"
"ayslin","f","en"
"ayslinn","f","en"
"ayson","m","en"
"ayssa","f","en"
"aysu","f","en"
"aysun","m","en"
"aytana","f","en"
"aytanna","f","en"
"aythan","m","en"
"aythana","f","en"
"ayub","m","en"
"ayumi","f","en"
"ayuri","f","en"
"ayush","m","en"
"ayuub","m","en"
"ayva","f","en"
"ayvah","f","en"
"ayven","f","en"
"ayvian","m","en"
"ayvin","m","en"
"ayvion","m","en"
"ayyan","m","en"
"ayyub","m","en"
"ayza","f","en"
"ayzal","f","en"
"ayzel","f","en"
"ayzen","m","en"
"ayzlee","f","en"
"aza","f","en"
"azaad","m","en"
"azaan","m","en"
"azad","m","en"
"azadeh","f","en"
"azael","m","en"
"azaela","f","en"
"azah","f","en"
"azahara","f","en"
"azahel","m","en"
"azahra","f","en"
"azahri","f","en"
"azai","m","en"
"azaia","f","en"
"azaiah","f","en"
"azaias","m","en"
"azaila","f","en"
"azailah","f","en"
"azair","m","en"
"azaira","f","en"
"azaire","m","en"
"azaius","m","en"
"azaiya","f","en"
"azaiyah","f","en"
"azal","f","en"
"azalaya","f","en"
"azalayah","f","en"
"azalea","f","en"
"azaleah","f","en"
"azalee","f","en"
"azaleia","f","en"
"azaleya","f","en"
"azaleyah","f","en"
"azalia","f","en"
"azaliah","f","en"
"azaliyah","f","en"
"azalya","f","en"
"azalynn","f","en"
"azam","m","en"
"azan","m","en"
"azana","f","en"
"azani","f","en"
"azar","m","en"
"azara","f","en"
"azarah","f","en"
"azaree","f","en"
"azarel","m","en"
"azari","f","en"
"azaria","f","en"
"azariah","f","en"
"azarian","m","en"
"azarias","m","en"
"azarie","f","en"
"azariel","m","en"
"azariella","f","en"
"azarii","f","en"
"azario","m","en"
"azarion","m","en"
"azarius","m","en"
"azariya","f","en"
"azariyah","f","en"
"azarria","f","en"
"azary","f","en"
"azarya","f","en"
"azaryah","f","en"
"azarye","m","en"
"azavier","m","en"
"azavion","m","en"
"azaya","f","en"
"azayah","f","en"
"azayel","m","en"
"azayla","f","en"
"azaylah","f","en"
"azaylea","f","en"
"azaylee","f","en"
"azaylia","f","en"
"azayliah","f","en"
"azaylie","f","en"
"azaylion","m","en"
"azayvion","m","en"
"azazel","m","en"
"azeal","m","en"
"azealia","f","en"
"azeem","m","en"
"azeen","f","en"
"azeena","f","en"
"azeil","m","en"
"azeir","m","en"
"azekial","m","en"
"azekiel","m","en"
"azel","f","en"
"azelea","f","en"
"azelia","f","en"
"azelie","f","en"
"azella","f","en"
"azen","m","en"
"azena","f","en"
"azeneth","f","en"
"azer","m","en"
"azeria","f","en"
"azhaan","m","en"
"azhaar","f","en"
"azhani","f","en"
"azhar","f","en"
"azhari","f","en"
"azhuri","f","en"
"azi","m","en"
"azia","f","en"
"aziah","f","en"
"azias","m","en"
"aziel","f","en"
"azier","m","en"
"azim","m","en"
"azina","f","en"
"azion","m","en"
"azir","m","en"
"azira","f","en"
"azirah","f","en"
"azire","m","en"
"azita","f","en"
"aziya","f","en"
"aziyah","f","en"
"aziz","m","en"
"aziza","f","en"
"azizah","f","en"
"azka","f","en"
"azlaan","m","en"
"azlan","m","en"
"azlee","f","en"
"azleigh","f","en"
"azley","f","en"
"azlin","f","en"
"azlyn","f","en"
"azlynn","f","en"
"azmariah","f","en"
"azmina","f","en"
"azmir","m","en"
"azon","m","en"
"azora","f","en"
"azorah","f","en"
"azori","f","en"
"azoria","f","en"
"azra","f","en"
"azrael","f","en"
"azrah","f","en"
"azreal","m","en"
"azriel","f","en"
"azriella","f","en"
"azrielle","f","en"
"azryel","m","en"
"aztlan","m","en"
"azucena","f","en"
"azul","f","en"
"azula","f","en"
"azumi","f","en"
"azur","m","en"
"azura","f","en"
"azurae","f","en"
"azurah","f","en"
"azure","f","en"
"azuree","f","en"
"azuri","f","en"
"azuria","f","en"
"azuriah","f","en"
"azurie","f","en"
"azurii","f","en"
"azya","f","en"
"azyah","f","en"
"azyla","f","en"
"azylah","f","en"
"azyra","f","en"
"azyrah","f","en"
"azyria","f","en"
"azyriah","f","en"
"azza","f","en"
"azzam","m","en"
"azzaria","f","en"
"azzurra","f","en"
"baaj","m","en"
"baani","f","en"
"baaz","m","en"
"babacar","m","en"
"babette","f","en"
"baby","f","en"
"babyboy","m","en"
"babygirl","f","en"
"bacari","m","en"
"bader","m","en"
"badr","m","en"
"baela","f","en"
"baelfire","m","en"
"baeli","f","en"
"baelyn","f","en"
"baelynn","f","en"
"baer","m","en"
"bahar","f","en"
"bahari","m","en"
"bahati","f","en"
"bahja","f","en"
"bahr","m","en"
"bahram","m","en"
"baila","f","en"
"bailani","f","en"
"bailee","f","en"
"bailei","f","en"
"baileigh","f","en"
"bailey","f","en"
"bailie","f","en"
"bailor","f","en"
"baily","f","en"
"bailyn","f","en"
"bailynn","f","en"
"bain","m","en"
"bairon","m","en"
"bakari","m","en"
"bakary","m","en"
"baker","f","en"
"bakhari","m","en"
"balam","m","en"
"balbina","f","en"
"baldemar","m","en"
"baldomero","m","en"
"baldwin","m","en"
"baleigh","f","en"
"bali","f","en"
"balian","m","en"
"baltazar","m","en"
"balthazar","m","en"
"bam","m","en"
"bambi","f","en"
"bamlak","m","en"
"bana","f","en"
"bane","m","en"
"baneen","f","en"
"bangaly","m","en"
"bani","f","en"
"banks","f","en"
"bankston","m","en"
"banner","f","en"
"bannon","m","en"
"banx","m","en"
"banyan","m","en"
"bao","m","en"
"baraa","m","en"
"barack","m","en"
"barak","m","en"
"baraka","m","en"
"barakah","f","en"
"baran","f","en"
"barbara","f","en"
"barbie","f","en"
"bareen","f","en"
"bareera","f","en"
"bareerah","f","en"
"barett","m","en"
"bari","f","en"
"barin","f","en"
"baris","m","en"
"barkat","f","en"
"barker","m","en"
"barkon","m","en"
"barkot","m","en"
"barlow","m","en"
"barnabas","m","en"
"barnaby","m","en"
"barnes","m","en"
"baron","m","en"
"barren","m","en"
"barret","m","en"
"barrett","f","en"
"barron","m","en"
"barry","m","en"
"bart","m","en"
"bartholomew","m","en"
"bartolo","m","en"
"baruc","m","en"
"baruch","m","en"
"basel","m","en"
"bash","m","en"
"basha","f","en"
"bashar","m","en"
"bashir","m","en"
"basil","f","en"
"basilio","m","en"
"basim","m","en"
"basir","m","en"
"basma","f","en"
"bassam","m","en"
"bassel","m","en"
"bassem","m","en"
"bassy","f","en"
"bastian","m","en"
"bastien","m","en"
"bastion","m","en"
"basya","f","en"
"bates","m","en"
"bathsheba","f","en"
"batool","f","en"
"batoul","f","en"
"batsheva","f","en"
"batya","f","en"
"baudelio","m","en"
"bauer","m","en"
"bavly","m","en"
"bawi","m","en"
"baxter","m","en"
"baxton","m","en"
"bay","f","en"
"baya","f","en"
"bayan","f","en"
"bayani","m","en"
"bayden","m","en"
"bayla","f","en"
"baylah","f","en"
"baylee","f","en"
"baylei","f","en"
"bayleigh","f","en"
"baylen","f","en"
"bayler","f","en"
"bayley","f","en"
"bayli","f","en"
"baylie","f","en"
"baylin","f","en"
"baylon","m","en"
"baylor","f","en"
"baylyn","f","en"
"baylynn","f","en"
"bayne","m","en"
"bayoleth","f","en"
"bayou","m","en"
"bayron","m","en"
"baz","m","en"
"bazil","m","en"
"bea","f","en"
"beacon","m","en"
"bear","m","en"
"bearett","m","en"
"beata","f","en"
"beatrice","f","en"
"beatrix","f","en"
"beatriz","f","en"
"beau","f","en"
"beauden","m","en"
"beauman","m","en"
"beaumont","m","en"
"beauregard","m","en"
"beautiful","f","en"
"beauty","f","en"
"beaux","f","en"
"becca","f","en"
"beck","f","en"
"beckam","m","en"
"beckem","m","en"
"becker","m","en"
"becket","m","en"
"beckett","f","en"
"beckham","f","en"
"beckhem","m","en"
"beckley","f","en"
"becklynn","f","en"
"becky","f","en"
"bee","f","en"
"behr","m","en"
"behren","m","en"
"beige","f","en"
"beila","f","en"
"bela","f","en"
"belal","m","en"
"belamy","m","en"
"belen","f","en"
"belia","f","en"
"belicia","f","en"
"believe","f","en"
"belina","f","en"
"belinda","f","en"
"belize","f","en"
"belkis","f","en"
"belky","f","en"
"bell","f","en"
"bella","f","en"
"belladonna","f","en"
"bellagrace","f","en"
"bellah","f","en"
"bellamae","f","en"
"bellamarie","f","en"
"bellami","f","en"
"bellamia","f","en"
"bellamie","f","en"
"bellamy","f","en"
"bellani","f","en"
"bellanie","f","en"
"bellany","f","en"
"bellarae","f","en"
"bellarose","f","en"
"bellatrix","f","en"
"belle","f","en"
"bellemy","m","en"
"bellissima","f","en"
"beloved","f","en"
"ben","m","en"
"bena","f","en"
"benaiah","m","en"
"bence","m","en"
"benecio","m","en"
"benedetto","m","en"
"benedict","m","en"
"benedikt","m","en"
"beneil","m","en"
"benelli","f","en"
"benet","m","en"
"benett","m","en"
"beni","f","en"
"beniah","m","en"
"benicio","m","en"
"benigno","m","en"
"benita","f","en"
"benito","m","en"
"benjamen","m","en"
"benjamim","m","en"
"benjamin","m","en"
"benjamyn","m","en"
"benjen","m","en"
"benji","f","en"
"benjiman","m","en"
"bennet","f","en"
"bennett","f","en"
"benni","f","en"
"bennie","f","en"
"bennington","m","en"
"benno","m","en"
"benny","f","en"
"benoit","m","en"
"bensen","m","en"
"bensley","m","en"
"benson","m","en"
"bensyn","m","en"
"bentlee","f","en"
"bentlei","m","en"
"bentleigh","f","en"
"bentley","f","en"
"bentli","m","en"
"bently","m","en"
"bento","m","en"
"benton","m","en"
"bentzion","m","en"
"bentzy","m","en"
"benuel","m","en"
"benyamin","m","en"
"benz","m","en"
"benzion","m","en"
"beorn","m","en"
"beowulf","m","en"
"bereket","m","en"
"berel","m","en"
"beren","f","en"
"berenger","m","en"
"berenice","f","en"
"beretta","f","en"
"bergen","f","en"
"beric","m","en"
"berish","m","en"
"berit","f","en"
"berk","m","en"
"berkeley","f","en"
"berklee","f","en"
"berkleigh","f","en"
"berkley","f","en"
"berklie","f","en"
"berl","m","en"
"berlin","f","en"
"berline","f","en"
"berlyn","f","en"
"berlynn","f","en"
"bernabe","m","en"
"bernadette","f","en"
"bernadine","f","en"
"bernard","m","en"
"bernardino","m","en"
"bernardo","m","en"
"bernice","f","en"
"bernie","m","en"
"berny","m","en"
"berry","f","en"
"bert","m","en"
"berta","f","en"
"bertha","f","en"
"bertie","f","en"
"bertram","m","en"
"berwin","m","en"
"beryl","f","en"
"bessan","f","en"
"bessie","f","en"
"betania","f","en"
"beth","f","en"
"bethania","f","en"
"bethanie","f","en"
"bethann","f","en"
"bethany","f","en"
"bethel","f","en"
"bethesda","f","en"
"bethlehem","f","en"
"bethsaida","f","en"
"beto","m","en"
"betsabe","f","en"
"betsaida","f","en"
"betselot","f","en"
"betsy","f","en"
"bette","f","en"
"bettie","f","en"
"bettina","f","en"
"betty","f","en"
"betzabe","f","en"
"betzabel","f","en"
"betzabeth","f","en"
"betzaida","f","en"
"betzalel","m","en"
"betzy","f","en"
"beulah","f","en"
"bevan","m","en"
"beverley","f","en"
"beverly","f","en"
"bevin","f","en"
"bex","m","en"
"bexlee","f","en"
"bexlei","f","en"
"bexleigh","f","en"
"bexley","f","en"
"bexli","f","en"
"bexlie","f","en"
"bexton","m","en"
"bextyn","m","en"
"beya","f","en"
"beyla","f","en"
"beyza","f","en"
"bezalel","m","en"
"bhargav","m","en"
"bhavya","f","en"
"bhodi","m","en"
"bhoomi","f","en"
"bhumi","f","en"
"bia","f","en"
"biak","m","en"
"bianca","f","en"
"biani","f","en"
"bianka","f","en"
"bibi","f","en"
"bibiana","f","en"
"bibihawa","f","en"
"biel","m","en"
"bihan","m","en"
"bijou","f","en"
"bilaal","m","en"
"bilal","m","en"
"bilan","f","en"
"bill","m","en"
"billie","f","en"
"billion","m","en"
"billy","f","en"
"bilol","m","en"
"bina","f","en"
"binah","f","en"
"bindi","f","en"
"biniam","m","en"
"binta","f","en"
"binti","f","en"
"bintou","f","en"
"binyamin","m","en"
"binyomin","m","en"
"binyumin","m","en"
"birch","m","en"
"birdee","f","en"
"birdie","f","en"
"birdy","f","en"
"birkley","f","en"
"biruk","m","en"
"bisan","f","en"
"bishop","f","en"
"bisma","f","en"
"bismarck","m","en"
"bison","m","en"
"bissan","f","en"
"bithiah","f","en"
"bivaan","m","en"
"bivan","m","en"
"biviana","f","en"
"bixby","f","en"
"bjorn","m","en"
"blade","m","en"
"bladen","m","en"
"bladimir","m","en"
"blaike","f","en"
"blaiklee","f","en"
"blain","m","en"
"blaine","f","en"
"blair","f","en"
"blaire","f","en"
"blaise","f","en"
"blaize","f","en"
"blake","f","en"
"blakelee","f","en"
"blakeleigh","f","en"
"blakeley","f","en"
"blakeli","f","en"
"blakely","f","en"
"blakelyn","f","en"
"blakelynn","f","en"
"blaklee","f","en"
"blakleigh","f","en"
"blakley","f","en"
"blanca","f","en"
"blanche","f","en"
"blane","m","en"
"blanton","m","en"
"blas","m","en"
"blayde","m","en"
"blayden","m","en"
"blayke","f","en"
"blayklee","f","en"
"blaykleigh","f","en"
"blayne","f","en"
"blayton","m","en"
"blayze","f","en"
"blaze","f","en"
"blen","f","en"
"bless","f","en"
"blessed","f","en"
"blessen","f","en"
"blessence","f","en"
"blessin","f","en"
"blessing","f","en"
"blessings","f","en"
"blessyn","f","en"
"blessynn","f","en"
"blesyn","f","en"
"bleu","f","en"
"blima","f","en"
"blimi","f","en"
"blimie","f","en"
"blimy","f","en"
"blin","m","en"
"bliss","f","en"
"bloom","f","en"
"blossom","f","en"
"blu","f","en"
"blue","f","en"
"bluma","f","en"
"blume","f","en"
"blyss","f","en"
"blythe","f","en"
"bo","f","en"
"boaz","m","en"
"bob","m","en"
"bobbi","f","en"
"bobbie","f","en"
"bobbijo","f","en"
"bobby","m","en"
"bocephus","m","en"
"bode","m","en"
"bodee","m","en"
"boden","m","en"
"bodey","m","en"
"bodhi","f","en"
"bodi","m","en"
"bodie","f","en"
"bodin","m","en"
"boe","m","en"
"boen","m","en"
"bogdan","m","en"
"bogdana","f","en"
"bohan","m","en"
"bohannon","m","en"
"bohdan","m","en"
"bohde","m","en"
"bohden","m","en"
"bohdi","m","en"
"bohdie","m","en"
"bohen","m","en"
"bolivar","m","en"
"bolt","m","en"
"bolton","m","en"
"boluwatife","m","en"
"bomani","m","en"
"bonaventure","m","en"
"bond","m","en"
"boniface","m","en"
"bonifacio","m","en"
"bonita","f","en"
"bonni","f","en"
"bonnie","f","en"
"bonny","f","en"
"booker","m","en"
"boomer","m","en"
"boone","m","en"
"booth","m","en"
"bora","f","en"
"borhan","m","en"
"boris","m","en"
"borja","m","en"
"borna","m","en"
"boruch","m","en"
"bosco","m","en"
"boss","m","en"
"boston","f","en"
"bostyn","f","en"
"boubacar","m","en"
"boudreaux","m","en"
"bowan","m","en"
"bowden","m","en"
"bowdie","m","en"
"bowdy","m","en"
"bowe","m","en"
"bowen","f","en"
"bowie","f","en"
"bowin","m","en"
"bowman","m","en"
"bowyn","f","en"
"boy","m","en"
"boyan","m","en"
"boyce","m","en"
"boyd","m","en"
"bracha","f","en"
"bracken","m","en"
"brad","m","en"
"braddock","m","en"
"braddox","m","en"
"braden","m","en"
"bradford","m","en"
"bradie","f","en"
"bradlee","f","en"
"bradleigh","f","en"
"bradley","f","en"
"bradlie","f","en"
"bradly","m","en"
"bradon","m","en"
"brady","f","en"
"bradyn","m","en"
"brae","f","en"
"braedan","m","en"
"braeden","m","en"
"braedon","m","en"
"braedyn","m","en"
"braelee","f","en"
"braeleigh","f","en"
"braelen","m","en"
"braeley","f","en"
"braelin","m","en"
"braelon","m","en"
"braelyn","f","en"
"braelynn","f","en"
"braelynne","f","en"
"braeson","m","en"
"braeya","f","en"
"brahim","m","en"
"brahm","m","en"
"braiden","m","en"
"braidyn","m","en"
"brailee","f","en"
"braileigh","f","en"
"brailey","f","en"
"brailyn","f","en"
"brailynn","f","en"
"braleigh","f","en"
"braley","f","en"
"bralyn","m","en"
"bralynn","f","en"
"bram","m","en"
"bran","m","en"
"brance","m","en"
"branch","m","en"
"brandan","m","en"
"branden","m","en"
"brander","m","en"
"brandi","f","en"
"brandie","f","en"
"brandin","m","en"
"brando","m","en"
"brandon","m","en"
"brandt","m","en"
"brandy","f","en"
"brandyn","m","en"
"brannon","m","en"
"bransen","m","en"
"branson","m","en"
"bransyn","m","en"
"brant","m","en"
"brantlee","f","en"
"brantley","f","en"
"brantly","m","en"
"branton","m","en"
"brasen","m","en"
"brassen","m","en"
"braulio","m","en"
"braun","m","en"
"brave","f","en"
"bravely","f","en"
"braven","m","en"
"bravery","f","en"
"brax","m","en"
"braxden","m","en"
"braxen","m","en"
"braxlee","m","en"
"braxley","f","en"
"braxlynn","f","en"
"braxon","m","en"
"braxson","m","en"
"braxten","m","en"
"braxtin","m","en"
"braxton","f","en"
"braxtyn","f","en"
"braxx","m","en"
"braxxton","m","en"
"bray","m","en"
"braya","f","en"
"brayah","f","en"
"brayan","m","en"
"braycen","m","en"
"braydan","m","en"
"brayden","f","en"
"braydin","m","en"
"braydon","m","en"
"braydyn","m","en"
"brayla","f","en"
"braylah","f","en"
"braylan","m","en"
"braylee","f","en"
"braylei","f","en"
"brayleigh","f","en"
"braylen","f","en"
"braylenn","m","en"
"brayley","f","en"
"braylie","f","en"
"braylin","f","en"
"braylinn","f","en"
"braylon","f","en"
"braylyn","f","en"
"braylynn","f","en"
"brayner","m","en"
"braysen","m","en"
"brayson","m","en"
"brayton","m","en"
"brazen","m","en"
"brazil","f","en"
"brazos","m","en"
"brazyl","f","en"
"bre","f","en"
"brea","f","en"
"breah","f","en"
"brealynn","f","en"
"breana","f","en"
"breann","f","en"
"breanna","f","en"
"breanne","f","en"
"breasia","f","en"
"breccan","m","en"
"breck","f","en"
"breckan","m","en"
"brecken","f","en"
"breckett","m","en"
"breckin","m","en"
"brecklyn","f","en"
"brecklynn","f","en"
"breckon","m","en"
"breckyn","f","en"
"bree","f","en"
"breece","f","en"
"breelle","f","en"
"breelyn","f","en"
"breelynn","f","en"
"brees","m","en"
"breeze","f","en"
"breezy","f","en"
"bregman","m","en"
"breidy","f","en"
"breindel","f","en"
"breindy","f","en"
"breiner","m","en"
"breion","m","en"
"brek","m","en"
"brekken","m","en"
"brekyn","f","en"
"breland","f","en"
"brelyn","f","en"
"brelynn","f","en"
"bremen","m","en"
"bren","m","en"
"brenae","f","en"
"brenda","f","en"
"brendalyn","f","en"
"brendan","m","en"
"brenden","m","en"
"brendon","m","en"
"brendyn","m","en"
"brenham","m","en"
"brenlee","f","en"
"brenleigh","f","en"
"brenley","f","en"
"brenlynn","f","en"
"brenna","f","en"
"brennan","f","en"
"brennen","m","en"
"brenner","m","en"
"brennon","m","en"
"breno","m","en"
"brenson","m","en"
"brent","m","en"
"brenten","m","en"
"brentlee","f","en"
"brentley","f","en"
"brently","m","en"
"brenton","m","en"
"breon","m","en"
"breonna","f","en"
"breslin","f","en"
"breslyn","f","en"
"bret","m","en"
"brett","f","en"
"brette","f","en"
"bretton","m","en"
"brewer","m","en"
"brex","m","en"
"brexlee","f","en"
"brexleigh","f","en"
"brexley","f","en"
"brexlynn","f","en"
"brexten","m","en"
"brexton","m","en"
"brextyn","m","en"
"breya","f","en"
"breydan","m","en"
"breyden","m","en"
"breyer","m","en"
"breylen","m","en"
"breylin","m","en"
"breylon","m","en"
"breyner","m","en"
"breyon","m","en"
"breyonna","f","en"
"breyson","m","en"
"bri","f","en"
"bria","f","en"
"briah","f","en"
"brian","m","en"
"briana","f","en"
"brianda","f","en"
"briani","f","en"
"briann","f","en"
"brianna","f","en"
"brianne","f","en"
"brianni","f","en"
"brianny","f","en"
"briany","f","en"
"briar","f","en"
"briarrose","f","en"
"briasia","f","en"
"brice","m","en"
"bricen","m","en"
"briceson","m","en"
"bricia","f","en"
"brick","m","en"
"brida","f","en"
"bridge","m","en"
"bridger","f","en"
"bridges","m","en"
"bridget","f","en"
"bridgett","f","en"
"bridgette","f","en"
"bridie","f","en"
"brie","f","en"
"briel","f","en"
"briela","f","en"
"briell","f","en"
"briella","f","en"
"briellah","f","en"
"brielle","f","en"
"brielyn","f","en"
"brielynn","f","en"
"brienna","f","en"
"brienne","f","en"
"brier","f","en"
"brigette","f","en"
"briggs","f","en"
"briggston","m","en"
"brigham","m","en"
"bright","m","en"
"brighten","m","en"
"brightly","f","en"
"brighton","f","en"
"brightyn","f","en"
"brigid","f","en"
"brigitta","f","en"
"brigitte","f","en"
"brigston","m","en"
"brihana","f","en"
"brihanna","f","en"
"brilee","f","en"
"brileigh","f","en"
"briley","f","en"
"brilliance","f","en"
"brilliant","m","en"
"brilyn","f","en"
"brilynn","f","en"
"brimley","f","en"
"brina","f","en"
"brinda","f","en"
"brindley","f","en"
"brink","m","en"
"brinkley","f","en"
"brinlee","f","en"
"brinleigh","f","en"
"brinley","f","en"
"brinlyn","f","en"
"brinlynn","f","en"
"brinn","f","en"
"brinnleigh","f","en"
"brinnley","f","en"
"brinsley","f","en"
"brinton","m","en"
"brinxton","m","en"
"brion","m","en"
"brionna","f","en"
"briony","f","en"
"brisa","f","en"
"briseida","f","en"
"briseis","f","en"
"briseyda","f","en"
"brisia","f","en"
"brisley","f","en"
"brison","m","en"
"brissa","f","en"
"bristal","f","en"
"bristol","f","en"
"briston","m","en"
"bristyl","f","en"
"bristyn","f","en"
"britain","f","en"
"britani","f","en"
"britany","f","en"
"brithany","f","en"
"brithney","f","en"
"british","f","en"
"britney","f","en"
"britny","f","en"
"britta","f","en"
"brittan","f","en"
"brittani","f","en"
"brittany","f","en"
"brittney","f","en"
"britton","f","en"
"brittyn","f","en"
"brix","m","en"
"brixlee","f","en"
"brixleigh","f","en"
"brixley","f","en"
"brixon","m","en"
"brixten","m","en"
"brixton","f","en"
"brixtyn","f","en"
"brixx","m","en"
"brixxon","m","en"
"brixxton","m","en"
"briya","f","en"
"briyah","f","en"
"briyani","f","en"
"briyanna","f","en"
"briza","f","en"
"broc","m","en"
"brocha","f","en"
"brock","m","en"
"brockton","m","en"
"brodee","m","en"
"broden","m","en"
"broderick","m","en"
"brodey","m","en"
"brodi","m","en"
"brodie","f","en"
"brodrick","m","en"
"brody","m","en"
"brodyn","m","en"
"brogan","f","en"
"broly","m","en"
"bron","m","en"
"bronc","m","en"
"bronco","m","en"
"bronsen","m","en"
"bronson","m","en"
"bronte","f","en"
"bronwyn","f","en"
"bronx","f","en"
"bronxton","m","en"
"bronxx","m","en"
"bronze","m","en"
"brook","f","en"
"brooke","f","en"
"brookelyn","f","en"
"brookelynn","f","en"
"brookes","m","en"
"brooklee","f","en"
"brookley","f","en"
"brooklin","f","en"
"brooklyn","f","en"
"brooklyne","f","en"
"brooklynn","f","en"
"brooklynne","f","en"
"brooks","m","en"
"brookson","m","en"
"brookston","m","en"
"brookyln","f","en"
"broox","m","en"
"brown","m","en"
"brox","m","en"
"bru","m","en"
"bruce","m","en"
"brucha","f","en"
"bruchy","f","en"
"bruin","m","en"
"bruna","f","en"
"bruno","m","en"
"brya","f","en"
"bryah","f","en"
"bryan","m","en"
"bryana","f","en"
"bryanna","f","en"
"bryant","m","en"
"bryar","f","en"
"bryce","f","en"
"brycen","m","en"
"bryceson","m","en"
"brycyn","m","en"
"bryden","m","en"
"brye","m","en"
"bryella","f","en"
"bryelle","f","en"
"bryen","m","en"
"bryer","f","en"
"bryker","m","en"
"bryla","f","en"
"brylan","m","en"
"brylee","f","en"
"brylei","f","en"
"bryleigh","f","en"
"brylen","m","en"
"bryler","m","en"
"bryley","f","en"
"brylie","f","en"
"brylin","f","en"
"brylon","m","en"
"brylyn","f","en"
"brylynn","f","en"
"bryn","f","en"
"bryndal","f","en"
"bryndle","f","en"
"brynja","f","en"
"brynlea","f","en"
"brynlee","f","en"
"brynlei","f","en"
"brynleigh","f","en"
"brynley","f","en"
"brynli","f","en"
"brynlie","f","en"
"brynlyn","f","en"
"brynlynn","f","en"
"brynn","f","en"
"brynna","f","en"
"brynne","f","en"
"brynnlee","f","en"
"brynnleigh","f","en"
"brynnley","f","en"
"bryon","m","en"
"bryor","m","en"
"brysen","m","en"
"brysin","m","en"
"bryson","m","en"
"brystal","f","en"
"brystol","f","en"
"bryston","m","en"
"brysyn","m","en"
"bryton","f","en"
"bryxlee","f","en"
"bryxton","m","en"
"bubba","m","en"
"buchanan","m","en"
"buck","m","en"
"bucklee","m","en"
"buckley","m","en"
"bucky","m","en"
"bud","m","en"
"buddy","m","en"
"buffy","f","en"
"buford","m","en"
"bukhari","m","en"
"buna","f","en"
"burach","m","en"
"burak","m","en"
"burech","m","en"
"burhan","m","en"
"burke","f","en"
"burklee","f","en"
"burkleigh","f","en"
"burkley","f","en"
"burton","m","en"
"bushra","f","en"
"buster","m","en"
"butch","m","en"
"buxton","m","en"
"buzz","m","en"
"byrdie","f","en"
"byron","m","en"
"caaliyah","f","en"
"caasi","f","en"
"cabella","f","en"
"cace","m","en"
"cache","m","en"
"cade","f","en"
"caden","f","en"
"cadence","f","en"
"cadie","f","en"
"cady","f","en"
"cadyn","m","en"
"caeden","m","en"
"caedmon","m","en"
"caedon","m","en"
"caedyn","m","en"
"cael","m","en"
"caelan","f","en"
"caeleb","m","en"
"caelen","m","en"
"caeli","f","en"
"caellum","m","en"
"caelum","m","en"
"caelus","m","en"
"caelyn","f","en"
"caelynn","f","en"
"caesar","m","en"
"caeson","m","en"
"caesyn","m","en"
"caetano","m","en"
"cage","m","en"
"cager","m","en"
"cahir","m","en"
"cahira","f","en"
"cahlani","f","en"
"cahlia","f","en"
"cahlil","m","en"
"cai","f","en"
"caia","f","en"
"caiah","f","en"
"caidan","m","en"
"caide","m","en"
"caiden","f","en"
"caidence","f","en"
"caidyn","f","en"
"caila","f","en"
"cailan","m","en"
"cailani","f","en"
"cailee","f","en"
"caileigh","f","en"
"cailey","f","en"
"cailin","f","en"
"cailo","m","en"
"cailyn","f","en"
"cailynn","f","en"
"cain","m","en"
"cainaan","m","en"
"cainan","m","en"
"caine","m","en"
"cainen","m","en"
"cainon","m","en"
"caio","m","en"
"caira","f","en"
"cairee","m","en"
"cairo","f","en"
"caisen","m","en"
"caisley","f","en"
"caison","m","en"
"caisyn","f","en"
"caitlin","f","en"
"caitlyn","f","en"
"caitlynn","f","en"
"caius","m","en"
"caiya","f","en"
"caiyah","f","en"
"caizen","m","en"
"cal","m","en"
"cala","f","en"
"caladin","m","en"
"calah","f","en"
"calahan","m","en"
"calais","m","en"
"calaiyah","f","en"
"calan","m","en"
"calani","f","en"
"calaya","f","en"
"calayah","f","en"
"calcifer","m","en"
"calden","m","en"
"calder","m","en"
"caldwell","m","en"
"cale","m","en"
"calea","f","en"
"caleah","f","en"
"caleb","m","en"
"caled","m","en"
"caledon","m","en"
"caledonia","f","en"
"calee","f","en"
"caleesi","f","en"
"calei","f","en"
"caleia","f","en"
"caleigh","f","en"
"calel","m","en"
"calem","m","en"
"calen","m","en"
"calena","f","en"
"caleo","m","en"
"calev","m","en"
"caley","f","en"
"caleya","f","en"
"caleyah","f","en"
"calhoun","m","en"
"cali","f","en"
"calia","f","en"
"caliah","f","en"
"calian","m","en"
"caliana","f","en"
"caliann","f","en"
"calianna","f","en"
"caliber","m","en"
"calie","f","en"
"california","f","en"
"calihan","m","en"
"calil","m","en"
"calin","m","en"
"calina","f","en"
"caliope","f","en"
"calirose","f","en"
"calise","f","en"
"calissa","f","en"
"calista","f","en"
"calix","m","en"
"calixta","f","en"
"calixto","m","en"
"caliya","f","en"
"caliyah","f","en"
"calla","f","en"
"callaghan","f","en"
"callah","f","en"
"callahan","f","en"
"callan","f","en"
"callaway","f","en"
"callee","f","en"
"calleigh","f","en"
"callen","f","en"
"calli","f","en"
"callia","f","en"
"calliandra","f","en"
"callie","f","en"
"callieann","f","en"
"calliejo","f","en"
"calliope","f","en"
"callista","f","en"
"callon","m","en"
"calloway","f","en"
"callum","f","en"
"calluna","f","en"
"cally","f","en"
"callyn","f","en"
"calogero","m","en"
"calum","m","en"
"calvary","f","en"
"calvert","m","en"
"calvin","m","en"
"calyn","m","en"
"calynn","f","en"
"calypso","f","en"
"calyx","m","en"
"cam","m","en"
"camani","f","en"
"camar","m","en"
"camara","f","en"
"camari","f","en"
"camaria","f","en"
"camarie","f","en"
"camarion","m","en"
"camaron","m","en"
"camarri","m","en"
"camauri","m","en"
"camaya","f","en"
"cambell","f","en"
"camber","f","en"
"cambre","f","en"
"cambree","f","en"
"cambreigh","f","en"
"cambren","m","en"
"cambrey","f","en"
"cambri","f","en"
"cambria","f","en"
"cambridge","f","en"
"cambrie","f","en"
"cambrielle","f","en"
"cambry","f","en"
"cambryn","f","en"
"camden","f","en"
"camdon","m","en"
"camdyn","f","en"
"camelia","f","en"
"camella","f","en"
"camellia","f","en"
"camelo","m","en"
"cameran","f","en"
"camerin","m","en"
"cameron","m","en"
"cameryn","f","en"
"cami","f","en"
"camia","f","en"
"camiah","f","en"
"camila","f","en"
"camilah","f","en"
"camile","f","en"
"camilia","f","en"
"camilla","f","en"
"camille","f","en"
"camillia","f","en"
"camillo","m","en"
"camilo","m","en"
"camina","f","en"
"camino","m","en"
"camira","f","en"
"camiri","f","en"
"camiya","f","en"
"camiyah","f","en"
"cammie","f","en"
"cammy","f","en"
"camoni","f","en"
"camora","f","en"
"camorra","f","en"
"camoura","f","en"
"camp","m","en"
"campbell","f","en"
"campion","m","en"
"camree","f","en"
"camreigh","f","en"
"camren","f","en"
"camri","f","en"
"camrie","f","en"
"camron","m","en"
"camry","f","en"
"camryn","f","en"
"camrynn","f","en"
"camya","f","en"
"camyah","f","en"
"camyla","f","en"
"camyra","f","en"
"can","m","en"
"cana","f","en"
"canaan","f","en"
"canan","m","en"
"candace","f","en"
"candela","f","en"
"candelaria","f","en"
"candelario","m","en"
"candice","f","en"
"candido","m","en"
"candon","m","en"
"candy","f","en"
"cane","m","en"
"canela","f","en"
"canelo","m","en"
"cannan","m","en"
"cannon","f","en"
"canon","m","en"
"canton","m","en"
"canyon","f","en"
"caoimhe","f","en"
"caolan","m","en"
"cape","m","en"
"capone","m","en"
"capree","f","en"
"capri","f","en"
"capria","f","en"
"capriana","f","en"
"caprice","f","en"
"captain","m","en"
"cara","f","en"
"caraline","f","en"
"caralyn","f","en"
"caramia","f","en"
"cardell","m","en"
"carden","f","en"
"carder","m","en"
"cardier","m","en"
"cardin","m","en"
"careem","m","en"
"carel","m","en"
"careli","f","en"
"carely","f","en"
"carey","m","en"
"cari","f","en"
"cariana","f","en"
"carianna","f","en"
"carim","m","en"
"carin","m","en"
"carina","f","en"
"cario","m","en"
"caris","f","en"
"carissa","f","en"
"cariyah","f","en"
"carl","m","en"
"carla","f","en"
"carlee","f","en"
"carlei","f","en"
"carleigh","f","en"
"carlena","f","en"
"carlene","f","en"
"carlens","m","en"
"carleton","m","en"
"carley","f","en"
"carli","f","en"
"carlie","f","en"
"carlin","f","en"
"carlina","f","en"
"carlisle","f","en"
"carlita","f","en"
"carlito","m","en"
"carlitos","m","en"
"carlo","m","en"
"carlos","f","en"
"carlota","f","en"
"carlotta","f","en"
"carlson","m","en"
"carlton","m","en"
"carly","f","en"
"carlyle","f","en"
"carlynn","f","en"
"carma","f","en"
"carmel","f","en"
"carmela","f","en"
"carmelina","f","en"
"carmella","f","en"
"carmelle","f","en"
"carmello","m","en"
"carmelo","m","en"
"carmen","f","en"
"carmi","m","en"
"carmichael","m","en"
"carmila","f","en"
"carmilla","f","en"
"carmin","f","en"
"carmina","f","en"
"carmine","f","en"
"carmoni","f","en"
"carmyn","f","en"
"carnell","m","en"
"carol","f","en"
"carola","f","en"
"carolay","f","en"
"carole","f","en"
"carolena","f","en"
"carolina","f","en"
"caroline","f","en"
"carolyn","f","en"
"carolyne","f","en"
"carolynn","f","en"
"caron","m","en"
"carra","f","en"
"carrick","m","en"
"carrie","f","en"
"carrigan","f","en"
"carrington","f","en"
"carroll","m","en"
"carsen","f","en"
"carson","m","en"
"carsten","m","en"
"carston","m","en"
"carsyn","f","en"
"carsynn","f","en"
"carter","m","en"
"cartez","m","en"
"cartier","f","en"
"carver","f","en"
"cary","m","en"
"carys","f","en"
"cas","m","en"
"casai","m","en"
"casandra","f","en"
"casanova","m","en"
"case","m","en"
"casen","m","en"
"casey","f","en"
"cash","f","en"
"cashel","m","en"
"cashius","m","en"
"cashlyn","f","en"
"cashlynn","f","en"
"cashmere","f","en"
"cashmir","m","en"
"cashten","m","en"
"cashton","m","en"
"cashtyn","m","en"
"cashus","m","en"
"casian","m","en"
"casie","f","en"
"casilda","f","en"
"casimir","m","en"
"casimiro","m","en"
"casin","m","en"
"casio","m","en"
"casius","m","en"
"casmir","m","en"
"cason","f","en"
"caspar","m","en"
"caspen","m","en"
"casper","f","en"
"caspian","f","en"
"cass","m","en"
"cassandra","f","en"
"cassi","f","en"
"cassia","f","en"
"cassian","f","en"
"cassidy","f","en"
"cassie","f","en"
"cassiel","m","en"
"cassiopeia","f","en"
"cassius","f","en"
"casten","m","en"
"castian","m","en"
"castiel","m","en"
"castin","m","en"
"castle","m","en"
"caston","m","en"
"castor","m","en"
"caswell","m","en"
"casyn","m","en"
"catalaya","f","en"
"catalayah","f","en"
"catalea","f","en"
"cataleah","f","en"
"cataleia","f","en"
"cataleiya","f","en"
"catalena","f","en"
"cataleya","f","en"
"cataleyah","f","en"
"catalia","f","en"
"catalina","f","en"
"catalyna","f","en"
"catarina","f","en"
"catarino","m","en"
"cate","f","en"
"cateleya","f","en"
"catelynn","f","en"
"caterina","f","en"
"cathaleya","f","en"
"cathalina","f","en"
"catharina","f","en"
"catharine","f","en"
"catherina","f","en"
"catherine","f","en"
"cathleen","f","en"
"cathryn","f","en"
"cathy","f","en"
"catia","f","en"
"catie","f","en"
"catleya","f","en"
"cato","m","en"
"catori","f","en"
"catrina","f","en"
"cattaleya","f","en"
"cattleya","f","en"
"caua","m","en"
"caulder","m","en"
"cavan","m","en"
"cavani","m","en"
"cavari","m","en"
"cavin","m","en"
"caxton","m","en"
"caya","f","en"
"cayce","f","en"
"caycen","m","en"
"caydan","m","en"
"cayde","m","en"
"caydee","f","en"
"cayden","f","en"
"caydence","f","en"
"cayetana","f","en"
"cayetano","m","en"
"cayla","f","en"
"caylani","f","en"
"cayleb","m","en"
"caylee","f","en"
"cayleigh","f","en"
"caylen","f","en"
"cayley","f","en"
"cayli","f","en"
"caylie","f","en"
"caylin","f","en"
"caylix","m","en"
"caylum","m","en"
"caylus","m","en"
"cayman","m","en"
"caymen","m","en"
"cayne","m","en"
"cayo","m","en"
"caysen","m","en"
"caysin","m","en"
"cayson","m","en"
"caz","m","en"
"ceanna","f","en"
"ceasar","m","en"
"cebastian","m","en"
"cece","f","en"
"ceceilia","f","en"
"cecelia","f","en"
"ceci","f","en"
"cecia","f","en"
"cecil","m","en"
"cecile","f","en"
"cecilia","f","en"
"cecilio","m","en"
"cecillia","f","en"
"cecily","f","en"
"cecylia","f","en"
"cedar","f","en"
"cedella","f","en"
"cedra","f","en"
"cedric","m","en"
"cedrick","m","en"
"cedrik","m","en"
"ceejay","m","en"
"cehlani","f","en"
"ceila","f","en"
"ceilani","f","en"
"celaena","f","en"
"celani","f","en"
"celena","f","en"
"celene","f","en"
"celes","f","en"
"celest","f","en"
"celesta","f","en"
"celeste","f","en"
"celestia","f","en"
"celestial","f","en"
"celestina","f","en"
"celestine","f","en"
"celestino","m","en"
"celia","f","en"
"celicia","f","en"
"celie","f","en"
"celina","f","en"
"celine","f","en"
"celio","m","en"
"celise","f","en"
"celso","m","en"
"cely","f","en"
"ceniyah","f","en"
"cennet","f","en"
"cephas","m","en"
"cera","f","en"
"cerai","f","en"
"cerena","f","en"
"cereniti","f","en"
"cerenity","f","en"
"cereza","f","en"
"cerise","f","en"
"ceriyah","f","en"
"cersei","f","en"
"cerulean","m","en"
"cerys","f","en"
"cesar","m","en"
"cesia","f","en"
"cesilia","f","en"
"cesur","m","en"
"ceven","m","en"
"cevyn","f","en"
"ceylin","f","en"
"cezar","m","en"
"chaarvi","f","en"
"chace","m","en"
"chad","m","en"
"chadrick","m","en"
"chadwick","m","en"
"chadwin","m","en"
"chael","m","en"
"chai","f","en"
"chaim","m","en"
"chaise","m","en"
"chaithra","f","en"
"chaitra","f","en"
"chalino","m","en"
"chamberlain","m","en"
"champ","m","en"
"champion","m","en"
"chana","f","en"
"chanah","f","en"
"chance","f","en"
"chancellor","m","en"
"chancey","f","en"
"chandler","f","en"
"chandra","f","en"
"chanel","f","en"
"chanell","f","en"
"chanelle","f","en"
"chaney","f","en"
"chani","f","en"
"chanie","f","en"
"chaniel","m","en"
"chaniyah","f","en"
"chanlee","f","en"
"chanley","f","en"
"channa","f","en"
"channah","f","en"
"channce","m","en"
"channel","f","en"
"channing","f","en"
"channon","m","en"
"chanoch","m","en"
"chanse","m","en"
"chanson","m","en"
"chantal","f","en"
"chantel","f","en"
"chantelle","f","en"
"chantz","m","en"
"chantzy","f","en"
"chany","f","en"
"chanze","m","en"
"chapel","f","en"
"chaplin","m","en"
"chapman","m","en"
"chara","f","en"
"charbel","m","en"
"charis","f","en"
"charisma","f","en"
"charissa","f","en"
"charity","f","en"
"charizma","f","en"
"charla","f","en"
"charlea","f","en"
"charlee","f","en"
"charleen","f","en"
"charlei","f","en"
"charleigh","f","en"
"charlemagne","m","en"
"charlene","f","en"
"charles","m","en"
"charleston","f","en"
"charlette","f","en"
"charley","f","en"
"charli","f","en"
"charlie","f","en"
"charlieann","f","en"
"charliee","f","en"
"charliegh","f","en"
"charliejo","f","en"
"charlierae","f","en"
"charlierose","f","en"
"charlii","f","en"
"charlize","f","en"
"charlotte","f","en"
"charlotterose","f","en"
"charlton","m","en"
"charly","f","en"
"charlynn","f","en"
"charlytte","f","en"
"charm","f","en"
"charmaine","f","en"
"charming","m","en"
"charna","f","en"
"charny","f","en"
"charolette","f","en"
"charvi","f","en"
"charvik","m","en"
"chase","f","en"
"chasen","m","en"
"chaseton","m","en"
"chasidy","f","en"
"chasin","m","en"
"chasity","f","en"
"chaskel","m","en"
"chaslyn","f","en"
"chaslynn","f","en"
"chason","m","en"
"chassidy","f","en"
"chassity","f","en"
"chasten","m","en"
"chastin","m","en"
"chastity","f","en"
"chaston","m","en"
"chastyn","m","en"
"chasya","f","en"
"chasyn","m","en"
"chauncey","m","en"
"chava","f","en"
"chavez","m","en"
"chavi","f","en"
"chavy","f","en"
"chaya","f","en"
"chayah","f","en"
"chayce","f","en"
"chayden","m","en"
"chayim","m","en"
"chaynce","m","en"
"chayse","f","en"
"chayson","m","en"
"chayton","m","en"
"chaz","m","en"
"chazz","m","en"
"che","m","en"
"cheenou","m","en"
"cheick","m","en"
"cheikh","m","en"
"chelsea","f","en"
"chelsey","f","en"
"chelsi","f","en"
"chelsie","f","en"
"chelsy","f","en"
"chenoa","f","en"
"cheri","f","en"
"cherie","f","en"
"cherif","m","en"
"cherish","f","en"
"cherokee","f","en"
"cherrish","f","en"
"cherry","f","en"
"cheryl","f","en"
"cheskal","m","en"
"cheskel","m","en"
"chesky","m","en"
"chesley","f","en"
"chesney","f","en"
"chesni","f","en"
"chester","m","en"
"cheston","m","en"
"chet","m","en"
"chetan","m","en"
"chett","m","en"
"chevelle","f","en"
"chevy","f","en"
"cheyanne","f","en"
"cheyenne","f","en"
"chezky","m","en"
"chezney","f","en"
"chezni","f","en"
"chi","f","en"
"chiamaka","f","en"
"chiara","f","en"
"chicago","f","en"
"chidera","f","en"
"chidi","m","en"
"chidinma","f","en"
"chidozie","m","en"
"chidubem","m","en"
"chief","m","en"
"chikaima","f","en"
"chikamso","m","en"
"chike","m","en"
"chiloh","f","en"
"chima","m","en"
"chimamanda","f","en"
"chimnora","f","en"
"china","f","en"
"chinedu","m","en"
"chinmayi","f","en"
"chioma","f","en"
"chip","m","en"
"chipper","m","en"
"chirag","m","en"
"chiron","m","en"
"chise","f","en"
"chisom","f","en"
"chisum","m","en"
"chizara","f","en"
"chizaram","f","en"
"chiziterem","f","en"
"chleo","f","en"
"chlo","f","en"
"chloe","f","en"
"chloee","f","en"
"chloey","f","en"
"chloie","f","en"
"choice","f","en"
"chole","f","en"
"chosen","f","en"
"chosenn","m","en"
"chosyn","f","en"
"chosynn","f","en"
"choyce","f","en"
"chozen","f","en"
"chozyn","f","en"
"chozynn","f","en"
"chris","f","en"
"chrisean","f","en"
"chriselle","f","en"
"chrisette","f","en"
"chrishawn","m","en"
"chrishell","f","en"
"chrisley","f","en"
"chrislyn","f","en"
"chrislynn","f","en"
"chriss","m","en"
"chrissa","f","en"
"chrissy","f","en"
"christ","m","en"
"christa","f","en"
"christabel","f","en"
"christabelle","f","en"
"christain","m","en"
"christal","f","en"
"christan","m","en"
"christel","f","en"
"christella","f","en"
"christelle","f","en"
"christen","f","en"
"christensen","m","en"
"christi","f","en"
"christia","f","en"
"christiaan","m","en"
"christian","m","en"
"christiana","f","en"
"christianjames","m","en"
"christianna","f","en"
"christiano","m","en"
"christie","f","en"
"christin","f","en"
"christina","f","en"
"christine","f","en"
"christion","m","en"
"christo","m","en"
"christobal","m","en"
"christofer","m","en"
"christon","m","en"
"christoper","m","en"
"christoph","m","en"
"christopher","m","en"
"christos","m","en"
"christy","f","en"
"christyn","f","en"
"chrome","m","en"
"chrysanthemum","f","en"
"chrystal","f","en"
"chrystian","m","en"
"chuck","m","en"
"chukwudi","m","en"
"chukwuebuka","m","en"
"chukwuemeka","m","en"
"chukwuka","m","en"
"chumy","f","en"
"church","m","en"
"chyann","f","en"
"chyanne","f","en"
"chyenne","f","en"
"chyla","f","en"
"chylie","f","en"
"chyloh","f","en"
"chyna","f","en"
"cian","m","en"
"ciana","f","en"
"ciani","f","en"
"cianna","f","en"
"cianni","f","en"
"ciara","f","en"
"ciaran","m","en"
"cicely","f","en"
"cicero","m","en"
"cici","f","en"
"cicilia","f","en"
"cicily","f","en"
"ciel","f","en"
"ciela","f","en"
"ciella","f","en"
"cielle","f","en"
"cielo","f","en"
"ciena","f","en"
"cienna","f","en"
"ciera","f","en"
"cierra","f","en"
"cieyana","f","en"
"ciin","f","en"
"cilas","m","en"
"cilicia","f","en"
"cillian","m","en"
"cimani","f","en"
"cincere","m","en"
"cinch","m","en"
"cinco","m","en"
"cinder","f","en"
"cinderella","f","en"
"cindy","f","en"
"cing","f","en"
"cinthia","f","en"
"cinthya","f","en"
"cintia","f","en"
"cipriana","f","en"
"cipriano","m","en"
"cira","f","en"
"circe","f","en"
"cire","f","en"
"cirila","f","en"
"cirilla","f","en"
"cirilo","m","en"
"ciro","m","en"
"cirrus","m","en"
"cisco","m","en"
"cisne","f","en"
"citali","f","en"
"citlali","f","en"
"citlalli","f","en"
"citlaly","f","en"
"citrine","f","en"
"cj","m","en"
"clair","f","en"
"claira","f","en"
"claire","f","en"
"clancy","f","en"
"clara","f","en"
"clarabella","f","en"
"clarabelle","f","en"
"clare","f","en"
"clarence","m","en"
"claribel","f","en"
"clarice","f","en"
"clarisa","f","en"
"clarissa","f","en"
"clarisse","f","en"
"clarita","f","en"
"clarity","f","en"
"clark","f","en"
"clarke","f","en"
"clarkson","m","en"
"clary","f","en"
"claude","m","en"
"claudette","f","en"
"claudia","f","en"
"claudio","m","en"
"clay","m","en"
"clayden","m","en"
"clayson","m","en"
"clayton","f","en"
"clea","f","en"
"clelia","f","en"
"clemence","f","en"
"clement","m","en"
"clemente","m","en"
"clementina","f","en"
"clementine","f","en"
"cleo","f","en"
"cleon","m","en"
"cleopatra","f","en"
"cleveland","m","en"
"clever","m","en"
"cliff","m","en"
"clifford","m","en"
"clifton","m","en"
"clint","m","en"
"clinton","m","en"
"clio","f","en"
"clive","m","en"
"clodagh","f","en"
"cloe","f","en"
"cloey","f","en"
"cloud","f","en"
"clove","f","en"
"clover","f","en"
"clovis","m","en"
"clutch","m","en"
"clyde","m","en"
"coa","m","en"
"coah","m","en"
"coast","f","en"
"coastal","m","en"
"cobain","m","en"
"cobe","m","en"
"cobi","f","en"
"cobie","f","en"
"coburn","m","en"
"coby","m","en"
"coco","f","en"
"coda","f","en"
"codah","m","en"
"codi","f","en"
"codie","f","en"
"cody","f","en"
"coe","m","en"
"coen","f","en"
"cohan","m","en"
"cohen","f","en"
"coi","f","en"
"colbee","f","en"
"colbi","f","en"
"colbie","f","en"
"colby","f","en"
"colden","m","en"
"cole","f","en"
"coleen","f","en"
"coleman","m","en"
"colesen","m","en"
"coleson","m","en"
"coleston","m","en"
"colesyn","m","en"
"coleton","m","en"
"coletta","f","en"
"colette","f","en"
"coley","f","en"
"colin","m","en"
"colleen","f","en"
"collen","m","en"
"collette","f","en"
"collie","f","en"
"collier","f","en"
"collin","f","en"
"collins","f","en"
"collyn","f","en"
"collyns","f","en"
"colm","m","en"
"colman","m","en"
"colsen","m","en"
"colson","m","en"
"colsten","m","en"
"colston","m","en"
"colsyn","m","en"
"colt","m","en"
"coltan","m","en"
"colten","m","en"
"colter","m","en"
"coltin","m","en"
"colton","m","en"
"coltyn","m","en"
"columbus","m","en"
"colvin","m","en"
"comfort","f","en"
"conall","m","en"
"conan","m","en"
"concepcion","f","en"
"concetta","f","en"
"conlan","m","en"
"conlee","f","en"
"conley","f","en"
"conlin","m","en"
"connell","m","en"
"connelly","f","en"
"conner","f","en"
"connie","f","en"
"connor","m","en"
"conor","m","en"
"conrad","m","en"
"conrado","m","en"
"conri","m","en"
"conroy","m","en"
"constance","f","en"
"constantin","m","en"
"constantine","f","en"
"constantino","m","en"
"constanza","f","en"
"consuelo","f","en"
"contessa","f","en"
"conway","m","en"
"cooper","m","en"
"cope","m","en"
"copelan","m","en"
"copeland","f","en"
"copelin","m","en"
"copelyn","f","en"
"copelynn","f","en"
"copper","f","en"
"cora","f","en"
"corabelle","f","en"
"corah","f","en"
"coraima","f","en"
"coral","f","en"
"coralai","f","en"
"coralee","f","en"
"coraleigh","f","en"
"coralia","f","en"
"coralie","f","en"
"coralina","f","en"
"coraline","f","en"
"coralyn","f","en"
"coralyne","f","en"
"coralynn","f","en"
"coramae","f","en"
"corazon","f","en"
"corban","m","en"
"corben","m","en"
"corbett","m","en"
"corbin","f","en"
"corbitt","m","en"
"corbyn","f","en"
"cord","m","en"
"cordae","m","en"
"cordale","m","en"
"corde","m","en"
"cordelia","f","en"
"cordell","m","en"
"cordero","m","en"
"corey","f","en"
"cori","f","en"
"corian","m","en"
"corianna","f","en"
"corie","f","en"
"corin","m","en"
"corina","f","en"
"corinna","f","en"
"corinne","f","en"
"corinthia","f","en"
"corinthian","m","en"
"corlee","f","en"
"corleone","m","en"
"corley","f","en"
"cormac","m","en"
"cormick","m","en"
"cornelia","f","en"
"cornelio","m","en"
"cornelius","m","en"
"cornell","m","en"
"corra","f","en"
"corrado","m","en"
"corran","m","en"
"correy","m","en"
"corri","f","en"
"corrie","f","en"
"corrina","f","en"
"corrine","f","en"
"corryn","f","en"
"cort","m","en"
"cortana","f","en"
"cortez","m","en"
"cortland","m","en"
"cortney","f","en"
"corvin","m","en"
"corvo","m","en"
"corvus","m","en"
"corwin","m","en"
"cory","f","en"
"coryn","f","en"
"corynn","f","en"
"cosette","f","en"
"cosima","f","en"
"cosimo","m","en"
"cosmas","m","en"
"cosme","m","en"
"cosmo","m","en"
"costa","m","en"
"costas","m","en"
"costner","m","en"
"cotter","m","en"
"cotton","m","en"
"coty","m","en"
"coulson","m","en"
"coulter","m","en"
"coumba","f","en"
"courage","f","en"
"court","m","en"
"courtez","m","en"
"courtland","m","en"
"courtlyn","f","en"
"courtlynn","f","en"
"courtney","f","en"
"cove","f","en"
"coven","m","en"
"covey","f","en"
"covington","f","en"
"cowan","m","en"
"cowen","m","en"
"coy","m","en"
"coyote","m","en"
"coyt","m","en"
"cozette","f","en"
"cozy","f","en"
"craig","m","en"
"crash","m","en"
"crawford","f","en"
"crayton","m","en"
"credence","m","en"
"cree","f","en"
"creed","m","en"
"creeden","m","en"
"creedence","f","en"
"creek","m","en"
"creighton","m","en"
"creston","m","en"
"crew","f","en"
"crewe","m","en"
"crews","m","en"
"cricket","f","en"
"crimson","f","en"
"cris","m","en"
"crisanto","m","en"
"crisbel","f","en"
"crisbell","f","en"
"crispin","m","en"
"criss","m","en"
"crist","m","en"
"cristal","f","en"
"cristel","f","en"
"cristhel","f","en"
"cristhian","m","en"
"cristhofer","m","en"
"cristian","m","en"
"cristiana","f","en"
"cristiano","m","en"
"cristina","f","en"
"cristo","m","en"
"cristobal","m","en"
"cristofer","m","en"
"cristopher","m","en"
"cristy","f","en"
"crixus","m","en"
"crockett","m","en"
"croia","f","en"
"croix","m","en"
"crosby","f","en"
"crosley","f","en"
"cross","m","en"
"crowley","m","en"
"crown","m","en"
"croy","m","en"
"cru","f","en"
"crue","f","en"
"cruise","m","en"
"cruize","m","en"
"cruz","f","en"
"cruze","m","en"
"cruzito","m","en"
"crystal","f","en"
"crystel","f","en"
"crystian","m","en"
"cuauhtemoc","m","en"
"cub","m","en"
"cullen","m","en"
"culture","f","en"
"culver","m","en"
"cupid","m","en"
"curran","m","en"
"curren","m","en"
"curry","m","en"
"curt","m","en"
"curtis","m","en"
"cutler","m","en"
"cutter","m","en"
"cuyler","m","en"
"cy","f","en"
"cyair","m","en"
"cyaire","m","en"
"cyan","f","en"
"cyanna","f","en"
"cyanni","f","en"
"cybele","f","en"
"cybil","f","en"
"cydney","f","en"
"cye","m","en"
"cyir","m","en"
"cyla","f","en"
"cylas","m","en"
"cyleigh","f","en"
"cyler","m","en"
"cylia","f","en"
"cylis","m","en"
"cylus","m","en"
"cymir","m","en"
"cymone","f","en"
"cymphony","f","en"
"cyncere","f","en"
"cyniah","f","en"
"cynthia","f","en"
"cyon","m","en"
"cyonna","f","en"
"cypher","m","en"
"cypress","f","en"
"cyprian","m","en"
"cyprus","f","en"
"cyra","f","en"
"cyrah","f","en"
"cyre","m","en"
"cyree","m","en"
"cyren","m","en"
"cyrena","f","en"
"cyrene","f","en"
"cyress","m","en"
"cyrie","m","en"
"cyril","m","en"
"cyrilla","f","en"
"cyris","m","en"
"cyro","m","en"
"cyrus","f","en"
"cyson","m","en"
"cyx","m","en"
"cyxx","m","en"
"czar","m","en"
"daani","f","en"
"daania","f","en"
"daario","m","en"
"daaron","m","en"
"dabney","f","en"
"dacari","m","en"
"dacarri","m","en"
"dace","m","en"
"daceon","m","en"
"dacian","m","en"
"dacorian","m","en"
"dacre","m","en"
"dade","m","en"
"dadrian","m","en"
"daecari","m","en"
"dael","m","en"
"daela","f","en"
"daelan","m","en"
"daelani","f","en"
"daelen","m","en"
"daelin","m","en"
"daely","f","en"
"daelyn","f","en"
"daelynn","f","en"
"daemian","m","en"
"daemon","m","en"
"daemyn","m","en"
"daena","f","en"
"daenerys","f","en"
"daeshawn","m","en"
"daesyn","m","en"
"daevion","m","en"
"daevon","m","en"
"dafne","f","en"
"dafny","f","en"
"dagan","m","en"
"dagen","m","en"
"dagim","m","en"
"dagmawi","m","en"
"dagny","f","en"
"dago","m","en"
"dagoberto","m","en"
"dahab","f","en"
"dahian","m","en"
"dahiana","f","en"
"dahir","m","en"
"dahlani","f","en"
"dahlia","f","en"
"dahlila","f","en"
"dahlya","f","en"
"dahmir","m","en"
"dahna","f","en"
"daia","f","en"
"daian","m","en"
"daiana","f","en"
"daiir","m","en"
"daija","f","en"
"daijah","f","en"
"daijon","m","en"
"daila","f","en"
"dailah","f","en"
"dailan","m","en"
"dailani","f","en"
"dailany","f","en"
"dailee","f","en"
"daileen","f","en"
"daileigh","f","en"
"dailen","m","en"
"daileny","f","en"
"dailey","f","en"
"dailon","m","en"
"daily","f","en"
"dailyn","f","en"
"dailynn","f","en"
"daim","m","en"
"daimian","m","en"
"daimon","m","en"
"dain","m","en"
"daina","f","en"
"daion","m","en"
"daiquan","m","en"
"dair","m","en"
"daira","f","en"
"daire","m","en"
"dairen","m","en"
"dairon","m","en"
"daisee","f","en"
"daisey","f","en"
"daisha","f","en"
"daisie","f","en"
"daislynn","f","en"
"daison","m","en"
"daisy","f","en"
"daisymae","f","en"
"daithi","m","en"
"daiton","m","en"
"daiva","f","en"
"daivik","m","en"
"daivon","m","en"
"daivy","f","en"
"daiwik","m","en"
"daiya","f","en"
"daizee","f","en"
"daizy","f","en"
"daja","f","en"
"dajah","f","en"
"dajon","m","en"
"dajour","m","en"
"dajuan","m","en"
"dak","m","en"
"dakai","m","en"
"dakarai","m","en"
"dakari","f","en"
"dakarie","m","en"
"dakarii","m","en"
"dakarri","m","en"
"dakavion","m","en"
"dakayden","m","en"
"dakhari","m","en"
"daking","m","en"
"dakiya","f","en"
"dakoda","f","en"
"dakota","f","en"
"dakotah","f","en"
"daksh","m","en"
"daksha","f","en"
"dakson","m","en"
"dakyan","m","en"
"dakylah","f","en"
"dakyri","m","en"
"dakyrie","m","en"
"dal","m","en"
"dalahni","f","en"
"dalailah","f","en"
"dalal","f","en"
"dalana","f","en"
"dalaney","f","en"
"dalani","f","en"
"dalanie","f","en"
"dalanii","f","en"
"dalanni","f","en"
"dalany","f","en"
"dalary","f","en"
"dalaya","f","en"
"dalayah","f","en"
"dalayla","f","en"
"dalayna","f","en"
"dalaysia","f","en"
"dalayza","f","en"
"dale","f","en"
"dalea","f","en"
"daleah","f","en"
"daleiza","f","en"
"dalen","m","en"
"dalena","f","en"
"dalery","f","en"
"dalessandro","m","en"
"dalet","f","en"
"daleth","f","en"
"dalett","f","en"
"dalette","f","en"
"dalex","m","en"
"dalexa","f","en"
"daley","f","en"
"daleyah","f","en"
"daleysa","f","en"
"daleyssa","f","en"
"daleyza","f","en"
"dali","f","en"
"dalia","f","en"
"daliah","f","en"
"daliana","f","en"
"dalida","f","en"
"dalila","f","en"
"dalilah","f","en"
"dalina","f","en"
"dalis","f","en"
"daliya","f","en"
"daliyah","f","en"
"daliza","f","en"
"dallan","m","en"
"dallas","f","en"
"dallee","f","en"
"dallen","m","en"
"dallie","f","en"
"dallin","m","en"
"dallis","f","en"
"dallon","m","en"
"dally","f","en"
"dalon","m","en"
"daloni","f","en"
"dalton","m","en"
"dalvin","m","en"
"daly","f","en"
"dalya","f","en"
"dalyah","f","en"
"dalyla","f","en"
"dalylah","f","en"
"dalyn","m","en"
"dalynn","f","en"
"dalyza","f","en"
"damacio","m","en"
"damani","f","en"
"damar","m","en"
"damara","f","en"
"damarco","m","en"
"damarcus","m","en"
"damaree","m","en"
"damari","f","en"
"damaria","f","en"
"damarian","m","en"
"damarii","m","en"
"damario","m","en"
"damarion","m","en"
"damaris","f","en"
"damarius","m","en"
"damariz","f","en"
"damarkus","m","en"
"damarquis","m","en"
"damarri","m","en"
"damarys","f","en"
"damascus","m","en"
"damauri","m","en"
"damaya","f","en"
"damazi","m","en"
"dame","m","en"
"dameer","m","en"
"dameion","m","en"
"dameir","m","en"
"dameli","f","en"
"damen","m","en"
"dameon","m","en"
"damere","m","en"
"dameris","m","en"
"dametrius","m","en"
"damia","f","en"
"damiah","f","en"
"damian","m","en"
"damiana","f","en"
"damiano","m","en"
"damias","m","en"
"damien","m","en"
"damier","m","en"
"damilo","m","en"
"damilola","f","en"
"damion","m","en"
"damir","m","en"
"damira","f","en"
"damiri","f","en"
"damirr","m","en"
"damiya","f","en"
"damiyah","f","en"
"damon","m","en"
"damond","m","en"
"damone","m","en"
"damoney","m","en"
"damoni","f","en"
"damonie","f","en"
"damonii","f","en"
"damonta","m","en"
"damontae","m","en"
"damonte","m","en"
"damya","f","en"
"damyah","f","en"
"damyan","m","en"
"damyiah","f","en"
"damyla","f","en"
"damyra","f","en"
"dan","f","en"
"dana","f","en"
"danae","f","en"
"danah","f","en"
"danahi","f","en"
"danai","f","en"
"danaica","f","en"
"danais","f","en"
"danali","f","en"
"danari","f","en"
"danasia","f","en"
"danaya","f","en"
"dandelion","f","en"
"dandre","m","en"
"dane","m","en"
"daneen","f","en"
"daneiris","f","en"
"daneli","f","en"
"danelia","f","en"
"danella","f","en"
"danelle","f","en"
"danelly","f","en"
"danely","f","en"
"danelys","f","en"
"danette","f","en"
"dangelo","m","en"
"danger","m","en"
"dani","f","en"
"dania","f","en"
"daniah","f","en"
"danial","m","en"
"danica","f","en"
"daniel","m","en"
"daniela","f","en"
"daniell","m","en"
"daniella","f","en"
"danielle","f","en"
"danielys","f","en"
"daniil","m","en"
"danika","f","en"
"danil","m","en"
"danila","f","en"
"danilah","f","en"
"danileigh","f","en"
"danilo","m","en"
"danilyn","f","en"
"danilynn","f","en"
"danira","f","en"
"danis","m","en"
"danish","m","en"
"danisha","f","en"
"danissa","f","en"
"danita","f","en"
"danitza","f","en"
"daniya","f","en"
"daniyah","f","en"
"daniyal","m","en"
"daniyla","f","en"
"daniylah","f","en"
"danna","f","en"
"dannae","f","en"
"dannah","f","en"
"danner","m","en"
"danni","f","en"
"dannia","f","en"
"dannie","f","en"
"danniel","m","en"
"danniella","f","en"
"danny","f","en"
"danova","f","en"
"dansby","m","en"
"dantae","m","en"
"dante","m","en"
"dantes","m","en"
"danthony","m","en"
"dany","m","en"
"danya","f","en"
"danyal","m","en"
"danyel","m","en"
"danyella","f","en"
"danyelle","f","en"
"danyla","f","en"
"danylah","f","en"
"danylo","m","en"
"daoud","m","en"
"daouda","m","en"
"daphna","f","en"
"daphne","f","en"
"daphnee","f","en"
"daphney","f","en"
"daphnie","f","en"
"daquan","m","en"
"daquarius","m","en"
"dara","f","en"
"darah","f","en"
"darasimi","f","en"
"darby","f","en"
"darcey","f","en"
"darci","f","en"
"darcie","f","en"
"darcy","f","en"
"dardan","m","en"
"dareck","m","en"
"dareen","f","en"
"darek","m","en"
"darel","m","en"
"dareli","f","en"
"darelin","f","en"
"darelis","f","en"
"darell","m","en"
"darely","f","en"
"daren","m","en"
"darey","m","en"
"dari","f","en"
"daria","f","en"
"dariah","f","en"
"darian","f","en"
"dariana","f","en"
"darianna","f","en"
"darianny","f","en"
"dariany","f","en"
"darice","f","en"
"darickson","m","en"
"dariel","m","en"
"dariela","f","en"
"darielis","f","en"
"dariell","m","en"
"dariella","f","en"
"darielle","f","en"
"dariely","f","en"
"darielys","f","en"
"darien","m","en"
"darii","f","en"
"darik","m","en"
"darikson","m","en"
"darin","m","en"
"darina","f","en"
"darinel","m","en"
"dario","m","en"
"darion","m","en"
"darious","m","en"
"daris","m","en"
"darissa","f","en"
"darius","m","en"
"dariush","m","en"
"dariy","m","en"
"dariya","f","en"
"dariyah","f","en"
"darkiel","m","en"
"darko","m","en"
"darla","f","en"
"darlah","f","en"
"darleen","f","en"
"darlene","f","en"
"darlens","m","en"
"darleny","f","en"
"darleth","f","en"
"darlett","f","en"
"darlette","f","en"
"darley","f","en"
"darlin","f","en"
"darling","f","en"
"darlington","m","en"
"darly","f","en"
"darlyn","f","en"
"darlyng","f","en"
"darlynn","f","en"
"darnell","m","en"
"daron","m","en"
"darragh","m","en"
"darrel","m","en"
"darrell","m","en"
"darren","m","en"
"darrian","m","en"
"darrick","m","en"
"darrielle","f","en"
"darrien","m","en"
"darrin","m","en"
"darrion","m","en"
"darrious","m","en"
"darrius","m","en"
"darron","m","en"
"darrow","m","en"
"darryl","m","en"
"darryn","m","en"
"darsh","m","en"
"darshan","m","en"
"darshana","f","en"
"darshil","m","en"
"dartagnan","m","en"
"darvin","m","en"
"darwin","m","en"
"darya","f","en"
"daryan","m","en"
"daryana","f","en"
"daryanna","f","en"
"daryel","m","en"
"daryl","m","en"
"daryll","m","en"
"daryn","f","en"
"dasan","m","en"
"dasani","f","en"
"dasean","m","en"
"dash","m","en"
"dasha","f","en"
"dashaun","m","en"
"dashawn","m","en"
"dashel","m","en"
"dasher","m","en"
"dashiel","m","en"
"dashiell","m","en"
"dashley","f","en"
"dashly","f","en"
"dashon","m","en"
"dasia","f","en"
"dasiah","m","en"
"dasiya","f","en"
"dason","m","en"
"dastan","m","en"
"dasya","f","en"
"dathan","m","en"
"daud","m","en"
"daunte","m","en"
"dava","f","en"
"davaeh","f","en"
"davanee","f","en"
"davani","f","en"
"davante","m","en"
"davari","m","en"
"davarius","m","en"
"davaughn","m","en"
"davaya","f","en"
"dave","m","en"
"daveah","f","en"
"daveion","m","en"
"daven","m","en"
"davensky","m","en"
"daveon","m","en"
"davey","f","en"
"davi","f","en"
"davia","f","en"
"davian","m","en"
"daviana","f","en"
"davianna","f","en"
"david","m","en"
"davide","m","en"
"davidson","m","en"
"davie","f","en"
"daviel","m","en"
"davien","m","en"
"davieon","m","en"
"davier","m","en"
"davilucca","m","en"
"davin","m","en"
"davina","f","en"
"davinchi","m","en"
"davinci","m","en"
"davinity","f","en"
"davinna","f","en"
"davion","m","en"
"davis","f","en"
"davison","m","en"
"davit","m","en"
"daviyon","m","en"
"davon","m","en"
"davonta","m","en"
"davontae","m","en"
"davontay","m","en"
"davonte","m","en"
"davud","m","en"
"davy","f","en"
"davyd","m","en"
"davyon","m","en"
"dawan","m","en"
"dawayne","m","en"
"dawens","m","en"
"dawensky","m","en"
"dawensley","m","en"
"dawid","m","en"
"dawit","m","en"
"dawn","f","en"
"dawna","f","en"
"dawood","m","en"
"dawoud","m","en"
"dawsen","f","en"
"dawson","f","en"
"dawsyn","f","en"
"dawud","m","en"
"dax","m","en"
"daxen","m","en"
"daxon","m","en"
"daxson","m","en"
"daxston","m","en"
"daxten","m","en"
"daxter","m","en"
"daxtin","m","en"
"daxton","m","en"
"daxtyn","m","en"
"daxx","m","en"
"daxxon","m","en"
"daxxton","m","en"
"daxyn","m","en"
"daya","f","en"
"dayali","f","en"
"dayami","f","en"
"dayan","m","en"
"dayana","f","en"
"dayanara","f","en"
"dayani","f","en"
"dayanna","f","en"
"dayanni","f","en"
"dayari","f","en"
"dayden","m","en"
"daye","f","en"
"dayeli","f","en"
"dayla","f","en"
"daylah","f","en"
"daylan","m","en"
"daylani","f","en"
"daylee","f","en"
"dayleen","f","en"
"daylen","f","en"
"daylene","f","en"
"dayli","f","en"
"dayliani","f","en"
"daylin","f","en"
"daylon","m","en"
"daylyn","f","en"
"daylynn","f","en"
"daymein","m","en"
"daymian","m","en"
"daymien","m","en"
"daymir","m","en"
"daymon","m","en"
"daymond","m","en"
"dayna","f","en"
"dayne","f","en"
"dayner","m","en"
"dayonna","f","en"
"dayquan","m","en"
"dayra","f","en"
"dayran","m","en"
"dayren","m","en"
"dayrin","f","en"
"dayron","m","en"
"daysen","m","en"
"daysha","f","en"
"dayshaun","m","en"
"dayshawn","m","en"
"daysi","f","en"
"dayson","m","en"
"dayton","f","en"
"daytona","f","en"
"dayven","m","en"
"dayveon","m","en"
"dayvian","m","en"
"dayvion","m","en"
"dayvon","m","en"
"dayyan","m","en"
"dazani","f","en"
"dazaria","f","en"
"daze","m","en"
"daziyah","f","en"
"dea","f","en"
"deaaron","m","en"
"deacon","m","en"
"deadrian","m","en"
"deagan","m","en"
"deaglan","m","en"
"deair","m","en"
"deaira","f","en"
"deaire","m","en"
"deairra","f","en"
"deajah","f","en"
"deaken","m","en"
"deakon","m","en"
"deakyn","m","en"
"dean","f","en"
"deana","f","en"
"deandra","f","en"
"deandre","m","en"
"deane","m","en"
"deangelo","m","en"
"deanna","f","en"
"deante","m","en"
"deanthony","m","en"
"deara","f","en"
"deari","f","en"
"dearia","f","en"
"dearie","f","en"
"dearies","m","en"
"dearii","f","en"
"dearius","m","en"
"dearra","f","en"
"deasia","f","en"
"deaundre","m","en"
"deauri","f","en"
"deava","f","en"
"debanhi","f","en"
"debanhy","f","en"
"debani","f","en"
"debany","f","en"
"debbie","f","en"
"debhani","f","en"
"debora","f","en"
"deborah","f","en"
"debra","f","en"
"decari","m","en"
"decarlos","m","en"
"december","f","en"
"dechlan","m","en"
"deckard","m","en"
"decker","f","en"
"decklan","m","en"
"decklen","m","en"
"decklin","m","en"
"decklyn","f","en"
"declan","f","en"
"declyn","f","en"
"declynn","f","en"
"decorian","m","en"
"dedric","m","en"
"dedrick","m","en"
"deegan","m","en"
"deejay","m","en"
"deeksha","f","en"
"deem","f","en"
"deema","f","en"
"deen","m","en"
"deena","f","en"
"deethya","f","en"
"deetya","f","en"
"deeya","f","en"
"defne","f","en"
"degan","m","en"
"dehlani","f","en"
"deia","f","en"
"deian","m","en"
"deiby","m","en"
"deidre","f","en"
"deilani","f","en"
"deilany","f","en"
"deimos","m","en"
"deion","m","en"
"deirdre","f","en"
"deisy","f","en"
"deivi","m","en"
"deivid","m","en"
"deivis","m","en"
"deivy","m","en"
"deja","f","en"
"dejah","f","en"
"dejanae","f","en"
"dejay","m","en"
"dejon","m","en"
"dejour","m","en"
"dejuan","m","en"
"dekai","m","en"
"dekari","m","en"
"deker","m","en"
"dekhari","m","en"
"dekker","m","en"
"deklan","m","en"
"deklen","m","en"
"deklin","m","en"
"deklyn","f","en"
"dekota","f","en"
"del","m","en"
"dela","f","en"
"delahni","f","en"
"delaila","f","en"
"delaina","f","en"
"delainee","f","en"
"delainey","f","en"
"delainy","f","en"
"delan","m","en"
"delana","f","en"
"delane","f","en"
"delaneigh","f","en"
"delaney","f","en"
"delani","f","en"
"delanie","f","en"
"delano","m","en"
"delany","f","en"
"delara","f","en"
"delasia","f","en"
"delaya","f","en"
"delayla","f","en"
"delayna","f","en"
"delaynee","f","en"
"delayni","f","en"
"delaynie","f","en"
"delayza","f","en"
"delbert","m","en"
"delcy","f","en"
"deleah","f","en"
"deleiza","f","en"
"delena","f","en"
"deleon","m","en"
"delfin","m","en"
"delfina","f","en"
"delfino","m","en"
"delia","f","en"
"deliah","f","en"
"deliana","f","en"
"delila","f","en"
"delilah","f","en"
"deliliah","f","en"
"delillah","f","en"
"delina","f","en"
"deliyah","f","en"
"delizah","f","en"
"dell","m","en"
"della","f","en"
"dellan","m","en"
"dellarae","f","en"
"dellarose","f","en"
"delle","f","en"
"delma","f","en"
"delmar","m","en"
"delmer","m","en"
"delmi","f","en"
"delmy","f","en"
"delon","m","en"
"deloni","f","en"
"delontae","m","en"
"delonte","m","en"
"delorean","m","en"
"delores","f","en"
"delphi","f","en"
"delphina","f","en"
"delphine","f","en"
"delroy","m","en"
"delsa","f","en"
"delta","f","en"
"delton","m","en"
"deluca","m","en"
"deluka","m","en"
"delvin","m","en"
"delvis","m","en"
"delvonte","m","en"
"delyla","f","en"
"delylah","f","en"
"dema","f","en"
"demani","f","en"
"demar","m","en"
"demarco","m","en"
"demarcus","m","en"
"demari","f","en"
"demaria","f","en"
"demario","m","en"
"demarion","m","en"
"demarious","m","en"
"demarius","m","en"
"demarkus","m","en"
"demarquis","m","en"
"demarri","m","en"
"demaryius","m","en"
"demauri","m","en"
"demazi","m","en"
"demeco","m","en"
"demeir","m","en"
"demere","m","en"
"demery","f","en"
"demetra","f","en"
"demetri","m","en"
"demetria","f","en"
"demetric","m","en"
"demetrice","m","en"
"demetrio","m","en"
"demetrios","m","en"
"demetrious","m","en"
"demetris","m","en"
"demetrius","m","en"
"demi","f","en"
"demia","f","en"
"demiah","f","en"
"demian","m","en"
"demiana","f","en"
"demid","m","en"
"demie","f","en"
"demii","f","en"
"demir","m","en"
"demire","m","en"
"demiri","m","en"
"demitri","m","en"
"demitria","f","en"
"demitrius","m","en"
"demiyah","f","en"
"demond","m","en"
"demoni","f","en"
"demont","m","en"
"demontae","m","en"
"demonte","m","en"
"demorris","m","en"
"dempsey","f","en"
"demri","f","en"
"demy","f","en"
"demya","f","en"
"demyan","m","en"
"dena","f","en"
"denae","f","en"
"denahi","m","en"
"denali","f","en"
"denari","m","en"
"denasia","f","en"
"deng","m","en"
"denham","m","en"
"deni","f","en"
"denia","f","en"
"denice","f","en"
"deniel","m","en"
"denilson","m","en"
"denim","f","en"
"deniro","m","en"
"denis","m","en"
"denise","f","en"
"denisha","f","en"
"denisse","f","en"
"deniya","f","en"
"deniyah","f","en"
"deniz","f","en"
"denna","f","en"
"denni","f","en"
"dennis","m","en"
"dennise","f","en"
"dennison","m","en"
"denny","m","en"
"dennys","m","en"
"densel","m","en"
"densley","m","en"
"denton","m","en"
"denver","f","en"
"denvyr","f","en"
"denyla","f","en"
"denylah","f","en"
"denym","f","en"
"denys","m","en"
"denzel","m","en"
"denzell","m","en"
"deo","m","en"
"deon","f","en"
"deondre","m","en"
"deoni","f","en"
"deonna","f","en"
"deonta","m","en"
"deontae","m","en"
"deontay","m","en"
"deonte","m","en"
"deor","f","en"
"dequan","m","en"
"dequincy","m","en"
"deran","m","en"
"dereck","m","en"
"derek","m","en"
"deren","m","en"
"dereon","m","en"
"deriam","m","en"
"derian","m","en"
"deriany","f","en"
"deric","m","en"
"derick","m","en"
"derico","m","en"
"derik","m","en"
"derin","f","en"
"derion","m","en"
"deriyah","f","en"
"deron","m","en"
"derrek","m","en"
"derrell","m","en"
"derrick","m","en"
"derrik","m","en"
"derrin","m","en"
"derrion","m","en"
"derrius","m","en"
"derron","m","en"
"dervin","m","en"
"derwin","m","en"
"derya","f","en"
"desai","m","en"
"desani","m","en"
"desean","m","en"
"deshan","m","en"
"deshaun","m","en"
"deshawn","m","en"
"deshon","m","en"
"deshun","m","en"
"desi","f","en"
"desiderio","m","en"
"desirae","f","en"
"desiray","f","en"
"desire","f","en"
"desiree","f","en"
"deslyn","f","en"
"desmon","m","en"
"desmond","m","en"
"despina","f","en"
"dessa","f","en"
"dessiah","m","en"
"dessie","f","en"
"destany","f","en"
"desteny","f","en"
"destin","f","en"
"destined","m","en"
"destinee","f","en"
"destiney","f","en"
"destini","f","en"
"destinie","f","en"
"destiny","f","en"
"deston","m","en"
"destry","m","en"
"destyn","f","en"
"detrick","m","en"
"deuce","m","en"
"deundre","m","en"
"deus","m","en"
"dev","m","en"
"deva","f","en"
"devaansh","m","en"
"devahni","f","en"
"devam","m","en"
"devan","f","en"
"devanhi","f","en"
"devani","f","en"
"devanny","f","en"
"devansh","m","en"
"devanshi","f","en"
"devante","m","en"
"devany","f","en"
"devarion","m","en"
"devaughn","m","en"
"devaun","m","en"
"deveah","f","en"
"deven","m","en"
"devereaux","f","en"
"devi","f","en"
"devika","f","en"
"devin","f","en"
"devina","f","en"
"devine","f","en"
"devinity","f","en"
"devion","m","en"
"devisha","f","en"
"devlin","f","en"
"devlyn","m","en"
"devoiry","f","en"
"devon","f","en"
"devonta","m","en"
"devontae","m","en"
"devontay","m","en"
"devonte","m","en"
"devora","f","en"
"devorah","f","en"
"devory","f","en"
"devyansh","m","en"
"devyn","f","en"
"devyne","f","en"
"devynn","f","en"
"dewayne","m","en"
"dewey","m","en"
"dewitt","m","en"
"dex","m","en"
"dexter","m","en"
"dexton","m","en"
"deya","f","en"
"deyani","f","en"
"deyanira","f","en"
"deyla","f","en"
"deylan","m","en"
"deylani","f","en"
"deylin","f","en"
"deymi","f","en"
"deyon","m","en"
"deyren","m","en"
"deysi","f","en"
"deyton","m","en"
"deyvi","m","en"
"deyvid","m","en"
"deyvin","m","en"
"deyvis","m","en"
"deyvon","m","en"
"dez","m","en"
"dezaray","f","en"
"dezaria","f","en"
"dezariah","f","en"
"dezi","f","en"
"dezirae","f","en"
"dezire","f","en"
"deziree","f","en"
"deziyah","f","en"
"dezlynn","f","en"
"dezmin","m","en"
"dezmon","m","en"
"dezmond","m","en"
"dezyre","f","en"
"dhairya","m","en"
"dhalia","f","en"
"dhani","f","en"
"dhanush","m","en"
"dhanvi","f","en"
"dhanvik","m","en"
"dhanvin","m","en"
"dhanvith","m","en"
"dhanya","f","en"
"dhara","f","en"
"dharani","f","en"
"dharius","m","en"
"dharma","f","en"
"dharshan","m","en"
"dharvik","m","en"
"dhatri","f","en"
"dheer","m","en"
"dheera","m","en"
"dheeran","m","en"
"dhemilly","f","en"
"dhev","m","en"
"dhilan","m","en"
"dhiya","f","en"
"dhrithi","f","en"
"dhriti","f","en"
"dhruthi","f","en"
"dhruv","m","en"
"dhruva","m","en"
"dhruvan","m","en"
"dhruvi","f","en"
"dhruvika","f","en"
"dhruvin","m","en"
"dhruvreddy","m","en"
"dhvani","f","en"
"dhwani","f","en"
"dhyan","m","en"
"dhyana","f","en"
"dhyani","f","en"
"dhyey","m","en"
"dhylan","m","en"
"dia","f","en"
"diago","m","en"
"diala","f","en"
"diallo","m","en"
"diamante","m","en"
"diamond","f","en"
"dian","m","en"
"diana","f","en"
"diane","f","en"
"dianely","f","en"
"diangelo","m","en"
"diani","f","en"
"dianna","f","en"
"dianne","f","en"
"diante","m","en"
"diany","f","en"
"diar","m","en"
"diara","f","en"
"diari","f","en"
"diarra","f","en"
"diba","f","en"
"dice","m","en"
"dickson","m","en"
"didier","m","en"
"diego","f","en"
"diell","m","en"
"diem","f","en"
"dierks","m","en"
"dierre","m","en"
"diesel","m","en"
"dieter","m","en"
"dietrich","m","en"
"dieudonne","m","en"
"diezel","m","en"
"digiannia","f","en"
"dijon","m","en"
"dilam","m","en"
"dilan","m","en"
"dilara","f","en"
"dilcia","f","en"
"dilia","f","en"
"dililah","f","en"
"dillan","f","en"
"dillen","m","en"
"dillinger","m","en"
"dillion","f","en"
"dillon","f","en"
"dillyn","f","en"
"dilma","f","en"
"dilon","m","en"
"dilson","m","en"
"dilynn","f","en"
"dima","f","en"
"dimas","m","en"
"dimitra","f","en"
"dimitri","m","en"
"dimitrios","m","en"
"dimitris","m","en"
"dimitrius","m","en"
"dimitry","m","en"
"din","m","en"
"dina","f","en"
"dinah","f","en"
"dinero","m","en"
"dino","m","en"
"dinora","f","en"
"dio","m","en"
"diogo","m","en"
"dion","m","en"
"diondre","m","en"
"dione","f","en"
"dionicio","m","en"
"dionisio","m","en"
"dionna","f","en"
"dionne","f","en"
"diontae","m","en"
"dionte","m","en"
"dionysus","m","en"
"dior","f","en"
"diora","f","en"
"diore","f","en"
"dirk","m","en"
"disha","f","en"
"ditya","f","en"
"diva","f","en"
"divija","f","en"
"divina","f","en"
"divine","f","en"
"divinity","f","en"
"divino","m","en"
"divisha","f","en"
"divit","m","en"
"divith","m","en"
"divya","f","en"
"divyam","m","en"
"divyan","m","en"
"divyana","f","en"
"divyansh","m","en"
"dixi","f","en"
"dixie","f","en"
"dixon","m","en"
"diya","f","en"
"diyan","m","en"
"diyana","f","en"
"diyari","m","en"
"diyon","m","en"
"dj","m","en"
"djamila","f","en"
"django","m","en"
"djay","m","en"
"djeneba","f","en"
"djibril","m","en"
"djuan","m","en"
"djuna","f","en"
"dkai","m","en"
"dkari","m","en"
"dkarter","m","en"
"dkhari","m","en"
"dlani","f","en"
"dlylah","f","en"
"dmani","m","en"
"dmarco","m","en"
"dmarcus","m","en"
"dmari","m","en"
"dmario","m","en"
"dmarion","m","en"
"dmir","m","en"
"dmitri","m","en"
"dmitriy","m","en"
"dmitry","m","en"
"dmoni","m","en"
"dmonte","m","en"
"dmya","f","en"
"dmytro","m","en"
"dnyla","f","en"
"dnylah","f","en"
"doc","m","en"
"dock","m","en"
"dodge","m","en"
"dodger","m","en"
"dolan","m","en"
"dollie","f","en"
"dolly","f","en"
"dolores","f","en"
"dom","m","en"
"domani","m","en"
"domenic","m","en"
"domenica","f","en"
"domenick","m","en"
"domenico","m","en"
"dominga","f","en"
"domingo","m","en"
"dominic","m","en"
"dominica","f","en"
"dominick","m","en"
"dominico","m","en"
"dominik","m","en"
"dominika","f","en"
"dominion","m","en"
"dominiq","m","en"
"dominique","f","en"
"domino","f","en"
"dominque","m","en"
"dominus","m","en"
"domonic","m","en"
"domonick","m","en"
"domonique","f","en"
"don","m","en"
"dona","f","en"
"donal","m","en"
"donald","m","en"
"donaldo","m","en"
"donatella","f","en"
"donatello","m","en"
"donati","m","en"
"donato","m","en"
"donavan","m","en"
"donaven","m","en"
"donavin","m","en"
"donavon","m","en"
"donavyn","m","en"
"dondre","m","en"
"donell","m","en"
"donn","m","en"
"donna","f","en"
"donnell","m","en"
"donnie","f","en"
"donnis","m","en"
"donny","m","en"
"donovan","m","en"
"donovin","m","en"
"donta","m","en"
"dontae","m","en"
"dontavious","m","en"
"dontavius","m","en"
"dontay","m","en"
"donte","m","en"
"dontez","m","en"
"dontrell","m","en"
"donya","f","en"
"donye","m","en"
"dor","f","en"
"dora","f","en"
"dorah","f","en"
"doran","m","en"
"dorcas","f","en"
"doreen","f","en"
"doretta","f","en"
"dori","f","en"
"doria","f","en"
"dorian","f","en"
"dorien","m","en"
"doris","f","en"
"dorothea","f","en"
"dorothy","f","en"
"dorrian","m","en"
"dorthy","f","en"
"doruk","m","en"
"dory","f","en"
"doryan","m","en"
"doss","m","en"
"dot","f","en"
"dotti","f","en"
"dottie","f","en"
"dotty","f","en"
"doug","m","en"
"douglas","m","en"
"dov","m","en"
"dovber","m","en"
"dove","f","en"
"dovey","f","en"
"dovi","m","en"
"dovid","m","en"
"dovie","f","en"
"doxa","f","en"
"doyle","m","en"
"dquan","m","en"
"dracarys","m","en"
"drace","m","en"
"draco","m","en"
"drae","m","en"
"draedyn","m","en"
"dragan","m","en"
"drago","m","en"
"dragon","m","en"
"draiden","m","en"
"draizy","f","en"
"drake","m","en"
"drakeo","m","en"
"drako","m","en"
"draven","m","en"
"dravyn","m","en"
"drax","m","en"
"draxler","m","en"
"draxton","m","en"
"dray","m","en"
"draya","f","en"
"drayce","m","en"
"draycen","m","en"
"drayco","m","en"
"drayden","m","en"
"draydon","m","en"
"draylen","m","en"
"draylon","m","en"
"draymond","m","en"
"drayson","m","en"
"drayton","m","en"
"drayven","m","en"
"dre","m","en"
"drea","f","en"
"dream","f","en"
"dreama","f","en"
"dreame","f","en"
"dreamy","f","en"
"dreden","m","en"
"dreem","f","en"
"drelyn","m","en"
"drelynn","m","en"
"dreme","f","en"
"dren","m","en"
"drequan","m","en"
"dresden","m","en"
"dresean","m","en"
"dreshawn","m","en"
"dreson","m","en"
"dreu","f","en"
"dreux","f","en"
"drevon","m","en"
"drevyn","m","en"
"drew","f","en"
"drexel","m","en"
"drexler","m","en"
"drey","m","en"
"dreya","f","en"
"dreyah","f","en"
"dreydan","m","en"
"dreyden","m","en"
"dreyson","m","en"
"dreyton","m","en"
"driana","f","en"
"driggs","m","en"
"drin","m","en"
"drishya","f","en"
"drithi","f","en"
"driti","f","en"
"dru","f","en"
"drue","f","en"
"drusilla","f","en"
"druvika","f","en"
"dryden","m","en"
"dshaun","m","en"
"dua","f","en"
"duaa","f","en"
"duane","m","en"
"dublin","f","en"
"duchess","f","en"
"dudley","m","en"
"duha","f","en"
"duke","m","en"
"dulce","f","en"
"dulcemaria","f","en"
"dunamis","m","en"
"duncan","m","en"
"dune","f","en"
"dunia","f","en"
"dunya","f","en"
"dupree","m","en"
"duran","m","en"
"durga","f","en"
"durham","m","en"
"durrell","m","en"
"duru","f","en"
"dusan","m","en"
"dusti","f","en"
"dustin","m","en"
"dusty","f","en"
"dustyn","m","en"
"dutch","m","en"
"dutchess","f","en"
"dutton","f","en"
"duvan","m","en"
"duvid","m","en"
"duy","m","en"
"dvon","m","en"
"dwan","m","en"
"dwayne","m","en"
"dwight","m","en"
"dwija","f","en"
"dyair","m","en"
"dyami","m","en"
"dyamond","f","en"
"dyan","m","en"
"dyana","f","en"
"dyani","f","en"
"dyanna","f","en"
"dyce","m","en"
"dylan","m","en"
"dyland","m","en"
"dylani","f","en"
"dylanie","f","en"
"dylann","f","en"
"dylen","m","en"
"dylilah","f","en"
"dylin","m","en"
"dyllan","f","en"
"dyllon","m","en"
"dylon","m","en"
"dylyn","f","en"
"dylynn","f","en"
"dymond","f","en"
"dyna","f","en"
"dynasti","f","en"
"dynasty","f","en"
"dynisty","f","en"
"dynver","f","en"
"dyon","m","en"
"dyquan","m","en"
"dyshun","m","en"
"dyson","m","en"
"dyuthi","f","en"
"dzejla","f","en"
"dziyah","f","en"
"eabha","f","en"
"eaden","m","en"
"eagan","m","en"
"eames","m","en"
"eamon","m","en"
"eamonn","m","en"
"ean","m","en"
"earl","m","en"
"earnest","m","en"
"earth","f","en"
"eason","m","en"
"east","m","en"
"easten","m","en"
"eastin","m","en"
"eastlyn","f","en"
"easton","m","en"
"eastyn","f","en"
"eastynn","f","en"
"eathan","m","en"
"eaton","m","en"
"ebadat","f","en"
"ebba","f","en"
"eben","m","en"
"ebenezer","m","en"
"eber","m","en"
"eberly","f","en"
"ebony","f","en"
"ebraheem","m","en"
"ebrahim","m","en"
"ebyan","f","en"
"echo","f","en"
"eclipse","f","en"
"ed","m","en"
"eda","f","en"
"edahi","m","en"
"edalyn","f","en"
"edalynn","f","en"
"edan","f","en"
"edda","f","en"
"edder","m","en"
"eddie","f","en"
"eddiel","m","en"
"eddison","m","en"
"eddy","f","en"
"edel","m","en"
"edelin","f","en"
"edeline","f","en"
"edelweiss","f","en"
"edelyn","f","en"
"edelynn","f","en"
"edem","m","en"
"eden","f","en"
"eder","m","en"
"ederson","m","en"
"edgar","m","en"
"edgard","m","en"
"edgardo","m","en"
"edge","m","en"
"edi","f","en"
"edian","m","en"
"edie","f","en"
"ediel","m","en"
"edil","m","en"
"edilson","m","en"
"edin","f","en"
"edinson","m","en"
"edis","m","en"
"edison","f","en"
"edisson","m","en"
"edith","f","en"
"ediz","m","en"
"edlyn","f","en"
"edmond","m","en"
"edmund","m","en"
"edmundo","m","en"
"edna","f","en"
"edoardo","m","en"
"edon","m","en"
"edras","m","en"
"edrei","m","en"
"edrian","m","en"
"edric","m","en"
"edrick","m","en"
"edriel","m","en"
"edrik","m","en"
"edris","m","en"
"edsel","m","en"
"edson","m","en"
"edu","m","en"
"eduar","m","en"
"eduard","m","en"
"eduardo","m","en"
"eduin","m","en"
"edvin","m","en"
"edwar","m","en"
"edward","m","en"
"edwardo","m","en"
"edwin","m","en"
"edwina","f","en"
"edwyn","m","en"
"edy","m","en"
"edyn","f","en"
"edynn","f","en"
"edythe","f","en"
"eean","m","en"
"eera","f","en"
"eero","m","en"
"eesa","m","en"
"eesha","f","en"
"eeshan","m","en"
"eeshani","f","en"
"eevee","f","en"
"eevie","f","en"
"efat","f","en"
"efe","m","en"
"effat","f","en"
"effie","f","en"
"effy","f","en"
"efraim","m","en"
"efrain","m","en"
"efrata","f","en"
"efrayim","m","en"
"efrem","m","en"
"efren","m","en"
"egan","m","en"
"ege","m","en"
"egon","m","en"
"egypt","f","en"
"eh","f","en"
"ehaan","m","en"
"ehab","m","en"
"ehan","m","en"
"ehi","f","en"
"ehika","f","en"
"ehitan","m","en"
"ehlani","f","en"
"ehren","m","en"
"ehsan","m","en"
"eian","m","en"
"eidan","m","en"
"eidel","f","en"
"eiden","m","en"
"eider","m","en"
"eidhan","m","en"
"eiker","m","en"
"eila","f","en"
"eilaf","f","en"
"eilah","f","en"
"eilam","m","en"
"eilan","m","en"
"eilani","f","en"
"eilany","f","en"
"eile","f","en"
"eilee","f","en"
"eileen","f","en"
"eileithyia","f","en"
"eilen","f","en"
"eiley","f","en"
"eiliana","f","en"
"eilidh","f","en"
"eilin","f","en"
"eilis","f","en"
"eilish","f","en"
"eiliyah","f","en"
"eilla","f","en"
"eily","f","en"
"eilyn","f","en"
"eimi","f","en"
"eimmy","f","en"
"eimy","f","en"
"einar","m","en"
"einer","m","en"
"eion","m","en"
"eira","f","en"
"eiren","m","en"
"eirene","f","en"
"eiress","f","en"
"eirik","m","en"
"eirini","f","en"
"eisa","f","en"
"eisen","m","en"
"eisha","f","en"
"eisla","f","en"
"eisley","f","en"
"eissa","m","en"
"eitan","m","en"
"eitana","f","en"
"eitham","m","en"
"eithan","m","en"
"eithen","m","en"
"eito","m","en"
"eiva","f","en"
"eivan","m","en"
"eivin","m","en"
"eivor","f","en"
"eiza","f","en"
"eizan","m","en"
"eizen","m","en"
"ej","m","en"
"ejay","m","en"
"eka","f","en"
"ekam","m","en"
"ekamjot","m","en"
"ekamveer","m","en"
"ekansh","m","en"
"ekaterina","f","en"
"ekin","m","en"
"ekko","f","en"
"eklavya","m","en"
"eknoor","f","en"
"eko","m","en"
"el","m","en"
"ela","f","en"
"elaahi","f","en"
"eladia","f","en"
"eladio","m","en"
"elaena","f","en"
"elaf","f","en"
"elah","f","en"
"elahi","f","en"
"elahni","f","en"
"elai","m","en"
"elaia","f","en"
"elaijah","f","en"
"elain","f","en"
"elaina","f","en"
"elainah","f","en"
"elaine","f","en"
"elainna","f","en"
"elaiya","f","en"
"elaiyah","f","en"
"elaiza","f","en"
"elam","m","en"
"elan","f","en"
"elana","f","en"
"elani","f","en"
"elanie","f","en"
"elanii","f","en"
"elanna","f","en"
"elanni","f","en"
"elanny","f","en"
"elanor","f","en"
"elanora","f","en"
"elanore","f","en"
"elany","f","en"
"elara","f","en"
"elaria","f","en"
"elario","m","en"
"elay","m","en"
"elaya","f","en"
"elayah","f","en"
"elayna","f","en"
"elaynah","f","en"
"elayne","f","en"
"elaysha","f","en"
"elaysia","f","en"
"elazar","m","en"
"elba","f","en"
"elber","m","en"
"elchanan","m","en"
"elchonon","m","en"
"elcie","f","en"
"elda","f","en"
"eldana","f","en"
"eldar","m","en"
"elden","m","en"
"elder","m","en"
"eldin","m","en"
"eldon","m","en"
"eldrick","m","en"
"eldridge","m","en"
"elea","f","en"
"eleah","f","en"
"elean","m","en"
"eleana","f","en"
"eleanna","f","en"
"eleanor","f","en"
"eleanora","f","en"
"eleanorah","f","en"
"eleanore","f","en"
"eleany","f","en"
"eleazar","m","en"
"electra","f","en"
"eleen","f","en"
"eleena","f","en"
"eleftheria","f","en"
"eleftherios","m","en"
"eleia","f","en"
"eleina","f","en"
"elek","m","en"
"elektra","f","en"
"elen","f","en"
"elena","f","en"
"elenah","f","en"
"elenarose","f","en"
"elend","m","en"
"elene","f","en"
"eleni","f","en"
"elenia","f","en"
"elenie","f","en"
"elenna","f","en"
"elenoa","f","en"
"elenor","f","en"
"elenora","f","en"
"elenore","f","en"
"eleny","f","en"
"eleo","m","en"
"eleon","m","en"
"eleonor","f","en"
"eleonora","f","en"
"eleonore","f","en"
"eleora","f","en"
"elessia","f","en"
"eleven","f","en"
"elevyn","f","en"
"elex","m","en"
"elexia","f","en"
"eleya","f","en"
"eleyah","f","en"
"eleyna","f","en"
"elezar","m","en"
"elgin","m","en"
"elhadj","m","en"
"elhadji","m","en"
"elham","f","en"
"elhan","m","en"
"elhana","f","en"
"elhanan","m","en"
"eli","m","en"
"elia","f","en"
"eliab","m","en"
"eliad","m","en"
"eliah","f","en"
"eliahna","f","en"
"eliakim","m","en"
"eliam","m","en"
"elian","f","en"
"eliana","f","en"
"elianah","f","en"
"eliane","f","en"
"elianet","f","en"
"eliani","f","en"
"elianie","f","en"
"elianis","f","en"
"elianiz","f","en"
"eliann","m","en"
"elianna","f","en"
"eliannah","f","en"
"elianne","f","en"
"elianni","f","en"
"elianny","f","en"
"eliannys","f","en"
"eliano","m","en"
"eliantte","m","en"
"eliany","f","en"
"elianys","f","en"
"elias","m","en"
"eliasjames","m","en"
"eliath","m","en"
"eliav","m","en"
"eliaz","m","en"
"eliazar","m","en"
"eliazer","m","en"
"elibeth","f","en"
"elice","f","en"
"eliceo","m","en"
"elicia","f","en"
"elida","f","en"
"elie","f","en"
"eliel","m","en"
"eliena","f","en"
"elienai","f","en"
"elier","m","en"
"elieth","f","en"
"eliette","f","en"
"eliezer","m","en"
"elif","f","en"
"eligh","m","en"
"eligio","m","en"
"elihu","m","en"
"elija","m","en"
"elijah","m","en"
"elijahjames","m","en"
"elijana","f","en"
"elijha","m","en"
"elijiah","m","en"
"elikai","m","en"
"elikem","m","en"
"elilah","f","en"
"elim","f","en"
"elimelech","m","en"
"elin","f","en"
"elina","f","en"
"eline","f","en"
"elinor","f","en"
"elinora","f","en"
"elinore","f","en"
"elio","m","en"
"elioenai","m","en"
"elion","m","en"
"eliona","f","en"
"elior","m","en"
"eliora","f","en"
"eliorah","f","en"
"elios","m","en"
"eliot","f","en"
"eliott","m","en"
"elira","f","en"
"elis","f","en"
"elisa","f","en"
"elisabella","f","en"
"elisabet","f","en"
"elisabeth","f","en"
"elisabetta","f","en"
"elisandra","f","en"
"elisandro","m","en"
"elise","f","en"
"elisei","m","en"
"eliseo","m","en"
"elisha","f","en"
"elishah","m","en"
"elishama","m","en"
"elisheba","f","en"
"elisheva","f","en"
"elisia","f","en"
"elisio","m","en"
"elissa","f","en"
"elisse","f","en"
"elissia","f","en"
"elite","m","en"
"elitza","f","en"
"eliu","m","en"
"eliud","m","en"
"elius","m","en"
"eliuth","m","en"
"elivia","f","en"
"elix","m","en"
"elixander","m","en"
"eliya","f","en"
"eliyah","f","en"
"eliyahna","f","en"
"eliyahu","m","en"
"eliyana","f","en"
"eliyanah","f","en"
"eliyanna","f","en"
"eliyannah","f","en"
"eliyas","m","en"
"eliyohu","m","en"
"eliz","f","en"
"eliza","f","en"
"elizabella","f","en"
"elizabet","f","en"
"elizabeth","f","en"
"elizah","f","en"
"elizajane","f","en"
"elizandro","m","en"
"elizar","m","en"
"elizaveta","f","en"
"elize","f","en"
"elizeo","m","en"
"elizer","m","en"
"elizha","f","en"
"eljay","m","en"
"elka","f","en"
"elke","f","en"
"elkin","m","en"
"elky","f","en"
"ella","f","en"
"ellagrace","f","en"
"ellah","f","en"
"ellaia","f","en"
"ellaina","f","en"
"ellaine","f","en"
"ellajo","f","en"
"ellamae","f","en"
"ellamarie","f","en"
"ellamay","f","en"
"ellana","f","en"
"ellani","f","en"
"ellanie","f","en"
"ellanor","f","en"
"ellanora","f","en"
"ellanore","f","en"
"ellara","f","en"
"ellarae","f","en"
"ellaree","f","en"
"ellaria","f","en"
"ellarie","f","en"
"ellarose","f","en"
"ellary","f","en"
"ellasandra","f","en"
"ellasyn","f","en"
"ellawyn","f","en"
"ellawynn","f","en"
"ellaya","f","en"
"ellayna","f","en"
"elle","f","en"
"ellea","f","en"
"elleah","f","en"
"elleana","f","en"
"elleanna","f","en"
"elleanor","f","en"
"ellee","f","en"
"elleigh","f","en"
"ellen","f","en"
"ellena","f","en"
"elleni","f","en"
"ellenor","f","en"
"ellenora","f","en"
"ellenore","f","en"
"elleri","f","en"
"ellerie","f","en"
"ellery","f","en"
"elley","f","en"
"elli","f","en"
"ellia","f","en"
"elliana","f","en"
"ellianah","f","en"
"elliani","f","en"
"elliann","f","en"
"ellianna","f","en"
"elliannah","f","en"
"ellianne","f","en"
"elliany","f","en"
"ellias","m","en"
"elliauna","f","en"
"ellie","f","en"
"ellieana","f","en"
"ellieann","f","en"
"ellieanna","f","en"
"ellieanne","f","en"
"elliee","f","en"
"elliejo","f","en"
"elliemae","f","en"
"elliemarie","f","en"
"elliemay","f","en"
"ellierose","f","en"
"elliette","f","en"
"ellijah","m","en"
"ellin","f","en"
"ellina","f","en"
"ellington","f","en"
"ellinor","f","en"
"ellio","m","en"
"elliona","f","en"
"ellionna","f","en"
"elliora","f","en"
"elliot","f","en"
"elliott","f","en"
"elliotte","f","en"
"ellis","f","en"
"ellise","f","en"
"ellison","f","en"
"elliston","f","en"
"ellisyn","f","en"
"elliyah","f","en"
"elliyana","f","en"
"elliyanna","f","en"
"elloa","f","en"
"ellodie","f","en"
"ellody","f","en"
"elloise","f","en"
"ellora","f","en"
"elloree","f","en"
"ellori","f","en"
"ellorie","f","en"
"ellory","f","en"
"ellouise","f","en"
"ellowen","f","en"
"ellowyn","f","en"
"ellsie","f","en"
"elly","f","en"
"ellyana","f","en"
"ellyanah","f","en"
"ellyanna","f","en"
"ellyannah","f","en"
"ellyn","f","en"
"ellyse","f","en"
"ellysia","f","en"
"ellyson","f","en"
"ellyssa","f","en"
"ellyza","f","en"
"elma","f","en"
"elmer","m","en"
"elmin","m","en"
"elmina","f","en"
"elmira","f","en"
"elmo","m","en"
"elna","f","en"
"elnatan","m","en"
"elnathan","m","en"
"elnaz","f","en"
"elnora","f","en"
"elo","m","en"
"eloa","f","en"
"eloah","f","en"
"elodi","f","en"
"elodie","f","en"
"elody","f","en"
"elohim","m","en"
"eloi","m","en"
"eloisa","f","en"
"eloise","f","en"
"elon","m","en"
"elona","f","en"
"eloni","f","en"
"elonna","f","en"
"elonni","f","en"
"elonnie","f","en"
"elonzo","m","en"
"elora","f","en"
"elorah","f","en"
"elorie","f","en"
"elouise","f","en"
"elovie","f","en"
"elowen","f","en"
"elowyn","f","en"
"elowynn","f","en"
"eloy","m","en"
"elrey","m","en"
"elric","m","en"
"elroi","f","en"
"elroy","m","en"
"elsa","f","en"
"elsbeth","f","en"
"elsea","f","en"
"elsey","f","en"
"elshaddai","m","en"
"elsi","f","en"
"elsie","f","en"
"elson","m","en"
"elspeth","f","en"
"elswyth","f","en"
"elsy","f","en"
"elton","m","en"
"elunay","f","en"
"eluney","f","en"
"eluzer","m","en"
"elva","f","en"
"elver","m","en"
"elvi","f","en"
"elvia","f","en"
"elvie","f","en"
"elvin","m","en"
"elvina","f","en"
"elvira","f","en"
"elvis","m","en"
"elwin","m","en"
"elwood","m","en"
"elwyn","f","en"
"ely","f","en"
"elya","f","en"
"elyan","f","en"
"elyana","f","en"
"elyanah","f","en"
"elyanna","f","en"
"elyannah","f","en"
"elyas","m","en"
"elyce","f","en"
"elycia","f","en"
"elyiana","f","en"
"elyjah","m","en"
"elyn","f","en"
"elyna","f","en"
"elynn","f","en"
"elyon","f","en"
"elyot","m","en"
"elyra","f","en"
"elys","f","en"
"elysa","f","en"
"elysani","f","en"
"elyse","f","en"
"elysia","f","en"
"elysian","f","en"
"elysium","f","en"
"elyssa","f","en"
"elysse","f","en"
"elyza","f","en"
"elyzabeth","f","en"
"elyzah","f","en"
"elza","f","en"
"elzie","f","en"
"elzin","m","en"
"ema","f","en"
"emaad","m","en"
"emaan","f","en"
"emad","m","en"
"emalee","f","en"
"emaleigh","f","en"
"emalene","f","en"
"emalia","f","en"
"emalie","f","en"
"emalina","f","en"
"emaline","f","en"
"emaly","f","en"
"emalyn","f","en"
"emalynn","f","en"
"eman","f","en"
"emani","f","en"
"emanii","f","en"
"emanuel","f","en"
"emanuela","f","en"
"emanuella","f","en"
"emanuelle","f","en"
"emanuelly","f","en"
"emara","f","en"
"emari","f","en"
"emaria","f","en"
"emarie","f","en"
"emarion","m","en"
"emarosa","f","en"
"emary","f","en"
"emauri","m","en"
"emaya","f","en"
"ember","f","en"
"emberlee","f","en"
"emberlei","f","en"
"emberleigh","f","en"
"emberley","f","en"
"emberli","f","en"
"emberlie","f","en"
"emberlin","f","en"
"emberly","f","en"
"emberlyn","f","en"
"emberlynn","f","en"
"emberlynne","f","en"
"emberrose","f","en"
"embersyn","f","en"
"embrace","f","en"
"embree","f","en"
"embri","f","en"
"embrie","f","en"
"embry","f","en"
"embyr","f","en"
"emeka","m","en"
"emeli","f","en"
"emelia","f","en"
"emelie","f","en"
"emelin","f","en"
"emelina","f","en"
"emeline","f","en"
"emelio","m","en"
"emelisse","f","en"
"emelly","f","en"
"emely","f","en"
"emelyn","f","en"
"emelynn","f","en"
"emerald","f","en"
"emeree","f","en"
"emeri","f","en"
"emeric","m","en"
"emerick","m","en"
"emerie","f","en"
"emeriee","f","en"
"emerii","f","en"
"emerik","m","en"
"emeris","m","en"
"emerlee","f","en"
"emerleigh","f","en"
"emerly","f","en"
"emerlyn","f","en"
"emerlynn","f","en"
"emersen","f","en"
"emerson","f","en"
"emersyn","f","en"
"emersynn","f","en"
"emery","f","en"
"emeryk","m","en"
"emeryn","f","en"
"emerynn","f","en"
"emeryrose","f","en"
"emet","m","en"
"emett","m","en"
"emi","f","en"
"emiah","f","en"
"emias","m","en"
"emie","f","en"
"emigdio","m","en"
"emika","f","en"
"emiko","f","en"
"emil","m","en"
"emila","f","en"
"emile","m","en"
"emilea","f","en"
"emilee","f","en"
"emileigh","f","en"
"emilene","f","en"
"emileo","m","en"
"emiley","f","en"
"emili","f","en"
"emilia","f","en"
"emiliah","f","en"
"emilian","m","en"
"emiliana","f","en"
"emilianna","f","en"
"emiliano","m","en"
"emiliarose","f","en"
"emilie","f","en"
"emilija","f","en"
"emilina","f","en"
"emiline","f","en"
"emilio","m","en"
"emiliya","f","en"
"emiliyah","f","en"
"emillia","f","en"
"emilliano","m","en"
"emillie","f","en"
"emillio","m","en"
"emilly","f","en"
"emilo","m","en"
"emilson","m","en"
"emily","f","en"
"emilya","f","en"
"emilyn","f","en"
"emilynn","f","en"
"emilyrose","f","en"
"emin","m","en"
"emina","f","en"
"emir","f","en"
"emira","f","en"
"emirah","f","en"
"emireth","f","en"
"emirhan","m","en"
"emiri","f","en"
"emit","m","en"
"emitt","m","en"
"emiya","f","en"
"emiyah","f","en"
"emjay","f","en"
"emlyn","f","en"
"emma","f","en"
"emmagrace","f","en"
"emmah","f","en"
"emmajane","f","en"
"emmajean","f","en"
"emmakate","f","en"
"emmalee","f","en"
"emmaleigh","f","en"
"emmalene","f","en"
"emmalia","f","en"
"emmalie","f","en"
"emmalin","f","en"
"emmalina","f","en"
"emmaline","f","en"
"emmalise","f","en"
"emmaliz","f","en"
"emmalou","f","en"
"emmaly","f","en"
"emmalyn","f","en"
"emmalyne","f","en"
"emmalynn","f","en"
"emmalynne","f","en"
"emmanual","m","en"
"emmanuel","m","en"
"emmanuela","f","en"
"emmanuella","f","en"
"emmanuelle","f","en"
"emmarae","f","en"
"emmaree","f","en"
"emmarie","f","en"
"emmarose","f","en"
"emmary","f","en"
"emmasophia","f","en"
"emmaus","m","en"
"emme","f","en"
"emmelia","f","en"
"emmelin","f","en"
"emmelina","f","en"
"emmeline","f","en"
"emmely","f","en"
"emmelyn","f","en"
"emmelynn","f","en"
"emmeri","f","en"
"emmerich","m","en"
"emmerick","m","en"
"emmerie","f","en"
"emmerson","f","en"
"emmersyn","f","en"
"emmery","f","en"
"emmet","m","en"
"emmett","f","en"
"emmette","m","en"
"emmi","f","en"
"emmie","f","en"
"emmilia","f","en"
"emmiliano","m","en"
"emmily","f","en"
"emmilyn","f","en"
"emmir","m","en"
"emmit","m","en"
"emmitt","m","en"
"emmon","m","en"
"emmorie","f","en"
"emmory","f","en"
"emmry","f","en"
"emmy","f","en"
"emmylou","f","en"
"emnet","f","en"
"emon","m","en"
"emoni","f","en"
"emonie","f","en"
"emonii","f","en"
"emonni","f","en"
"emora","f","en"
"emoree","f","en"
"emori","f","en"
"emorie","f","en"
"emorii","f","en"
"emory","f","en"
"emoura","f","en"
"emperor","m","en"
"empress","f","en"
"empryss","f","en"
"emra","f","en"
"emrah","f","en"
"emrakel","f","en"
"emran","m","en"
"emre","m","en"
"emree","f","en"
"emrey","f","en"
"emri","f","en"
"emric","m","en"
"emrick","m","en"
"emrie","f","en"
"emriella","f","en"
"emrielle","f","en"
"emrik","m","en"
"emris","m","en"
"emry","f","en"
"emryn","f","en"
"emrynn","f","en"
"emrys","f","en"
"emryss","f","en"
"emslee","f","en"
"emsley","f","en"
"emuna","f","en"
"emunah","f","en"
"emy","f","en"
"emya","f","en"
"emylia","f","en"
"emyr","m","en"
"emyra","f","en"
"emyrson","f","en"
"ena","f","en"
"enael","m","en"
"enam","m","en"
"enara","f","en"
"enas","f","en"
"enaya","f","en"
"enayah","f","en"
"enayat","f","en"
"endeavor","m","en"
"ender","f","en"
"enderson","m","en"
"endi","f","en"
"endia","f","en"
"endri","m","en"
"endrick","m","en"
"endry","m","en"
"endy","m","en"
"endymion","m","en"
"enea","m","en"
"enedina","f","en"
"eneko","m","en"
"energy","f","en"
"enes","m","en"
"eney","m","en"
"enfinity","f","en"
"engel","m","en"
"england","f","en"
"enias","m","en"
"enid","f","en"
"eniel","m","en"
"eniko","f","en"
"eniola","f","en"
"enisa","f","en"
"enith","f","en"
"eniya","f","en"
"eniyah","f","en"
"enki","m","en"
"enlil","m","en"
"enma","f","en"
"enmanuel","m","en"
"enna","f","en"
"ennio","m","en"
"ennis","m","en"
"enno","m","en"
"eno","m","en"
"enoc","m","en"
"enoch","m","en"
"enock","m","en"
"enola","f","en"
"enora","f","en"
"enos","m","en"
"enri","m","en"
"enrico","m","en"
"enrique","m","en"
"enrrique","m","en"
"enry","m","en"
"enslee","f","en"
"ensleigh","f","en"
"ensley","f","en"
"enslie","f","en"
"enso","m","en"
"enver","m","en"
"envy","f","en"
"enya","f","en"
"enyel","m","en"
"enyla","f","en"
"enza","f","en"
"enzi","f","en"
"enzio","m","en"
"enzlee","f","en"
"enzleigh","f","en"
"enzley","f","en"
"enzly","f","en"
"enzo","f","en"
"enzon","m","en"
"eoghan","m","en"
"eoin","m","en"
"eon","m","en"
"eowyn","f","en"
"ephraim","m","en"
"ephram","m","en"
"ephrata","f","en"
"ephrem","m","en"
"ephriam","m","en"
"epic","f","en"
"epifanio","m","en"
"epik","m","en"
"epiphany","f","en"
"era","f","en"
"erabella","f","en"
"eragon","m","en"
"erandi","f","en"
"erasmo","m","en"
"erdem","m","en"
"eredin","m","en"
"eren","f","en"
"erena","f","en"
"erendira","f","en"
"eretria","f","en"
"erez","m","en"
"erfan","m","en"
"erha","f","en"
"erhan","m","en"
"eri","f","en"
"erian","m","en"
"eriana","f","en"
"erianna","f","en"
"erianny","f","en"
"eriberto","m","en"
"eric","m","en"
"erica","f","en"
"erich","m","en"
"erick","m","en"
"ericka","f","en"
"erickson","m","en"
"ericson","m","en"
"ericsson","m","en"
"erie","f","en"
"eriel","f","en"
"eriella","f","en"
"erielle","f","en"
"eries","f","en"
"erik","m","en"
"erika","f","en"
"eriksen","m","en"
"erikson","m","en"
"erilyn","f","en"
"erin","f","en"
"erina","f","en"
"erioluwa","f","en"
"erion","m","en"
"erionna","f","en"
"eris","f","en"
"erish","m","en"
"erisha","f","en"
"eriss","f","en"
"eriyah","f","en"
"eriyan","f","en"
"erlin","m","en"
"erlinda","f","en"
"erling","m","en"
"erma","f","en"
"ermani","f","en"
"ermias","m","en"
"ernest","m","en"
"ernestina","f","en"
"ernesto","m","en"
"ernie","m","en"
"ero","m","en"
"eron","m","en"
"eros","m","en"
"errol","m","en"
"erron","m","en"
"ervin","m","en"
"erwin","m","en"
"eryk","m","en"
"erykah","f","en"
"eryn","f","en"
"erynn","f","en"
"erys","f","en"
"eryss","f","en"
"eryx","m","en"
"erza","f","en"
"esa","f","en"
"esabella","f","en"
"esai","m","en"
"esaiah","m","en"
"esaias","m","en"
"esau","m","en"
"esbeidy","f","en"
"esben","m","en"
"escanor","m","en"
"escarleth","f","en"
"escarlett","f","en"
"escher","m","en"
"esdras","m","en"
"eseosa","f","en"
"esequiel","m","en"
"esgar","m","en"
"esha","f","en"
"eshaal","f","en"
"eshaan","m","en"
"eshal","f","en"
"eshan","m","en"
"eshani","f","en"
"esi","f","en"
"esiah","m","en"
"esias","m","en"
"esiyah","m","en"
"eska","f","en"
"esko","m","en"
"eslee","f","en"
"esley","f","en"
"esli","f","en"
"esly","f","en"
"eslyn","f","en"
"esma","f","en"
"esmae","f","en"
"esmael","m","en"
"esmarie","f","en"
"esmay","f","en"
"esme","f","en"
"esmee","f","en"
"esmei","f","en"
"esmerae","f","en"
"esmeralda","f","en"
"esmeray","f","en"
"esmerelda","f","en"
"esmery","f","en"
"esmi","f","en"
"esmie","f","en"
"esmira","f","en"
"esmond","m","en"
"esneider","m","en"
"espen","f","en"
"esperanza","f","en"
"espn","f","en"
"esra","f","en"
"esraa","f","en"
"esrael","m","en"
"essa","f","en"
"essam","m","en"
"essence","f","en"
"essex","f","en"
"essiah","m","en"
"essie","f","en"
"essiel","m","en"
"essynce","f","en"
"estaban","m","en"
"este","f","en"
"esteban","m","en"
"estee","f","en"
"estefan","m","en"
"estefani","f","en"
"estefania","f","en"
"estefanie","f","en"
"estefany","f","en"
"estel","f","en"
"estela","f","en"
"estella","f","en"
"estelle","f","en"
"esten","m","en"
"estephanie","f","en"
"estephany","f","en"
"ester","f","en"
"estera","f","en"
"estes","f","en"
"estevan","m","en"
"esthela","f","en"
"esther","f","en"
"estherline","f","en"
"esti","f","en"
"estie","f","en"
"estiven","m","en"
"eston","m","en"
"estrella","f","en"
"estrellita","f","en"
"estuardo","m","en"
"esty","f","en"
"esvin","m","en"
"eswin","m","en"
"eterniti","f","en"
"eternity","f","en"
"etham","m","en"
"ethan","f","en"
"ethaniel","m","en"
"ethanjames","m","en"
"ethanmateo","m","en"
"ethel","f","en"
"ethen","m","en"
"ethereal","f","en"
"ethic","m","en"
"ethyn","m","en"
"etienne","m","en"
"eto","f","en"
"etson","m","en"
"etta","f","en"
"ettalee","f","en"
"ettalynn","f","en"
"ettel","f","en"
"ettie","f","en"
"ettore","m","en"
"etty","f","en"
"etzio","m","en"
"euan","m","en"
"eudora","f","en"
"eugene","m","en"
"eugenia","f","en"
"eugenio","m","en"
"eula","f","en"
"eulalia","f","en"
"eulalie","f","en"
"eulalio","m","en"
"eunice","f","en"
"euphemia","f","en"
"euphoria","f","en"
"euriyah","f","en"
"euro","m","en"
"eurydice","f","en"
"eusebio","m","en"
"eustace","m","en"
"eva","f","en"
"evaan","m","en"
"evah","f","en"
"evalee","f","en"
"evaleen","f","en"
"evaleigh","f","en"
"evalena","f","en"
"evalene","f","en"
"evalia","f","en"
"evalie","f","en"
"evalina","f","en"
"evaline","f","en"
"evalise","f","en"
"evaluna","f","en"
"evaly","f","en"
"evalyn","f","en"
"evalyne","f","en"
"evalynn","f","en"
"evalynne","f","en"
"evamaria","f","en"
"evamarie","f","en"
"evan","f","en"
"evana","f","en"
"evander","m","en"
"evangaline","f","en"
"evangelene","f","en"
"evangelia","f","en"
"evangelina","f","en"
"evangeline","f","en"
"evangelo","m","en"
"evangelos","m","en"
"evangelyn","f","en"
"evangelyne","f","en"
"evangelynn","f","en"
"evani","f","en"
"evania","f","en"
"evanie","f","en"
"evann","m","en"
"evanna","f","en"
"evanni","f","en"
"evanny","f","en"
"evanora","f","en"
"evans","f","en"
"evanthia","f","en"
"evany","f","en"
"evara","f","en"
"evaristo","m","en"
"evarose","f","en"
"evaya","f","en"
"evayah","f","en"
"eve","f","en"
"evee","f","en"
"eveleen","f","en"
"eveleigh","f","en"
"evelena","f","en"
"evelette","f","en"
"evelia","f","en"
"evelie","f","en"
"evelin","f","en"
"evelina","f","en"
"eveline","f","en"
"evelio","m","en"
"evelise","f","en"
"evella","f","en"
"evellyn","f","en"
"evely","f","en"
"evelyn","f","en"
"evelyna","f","en"
"evelyne","f","en"
"evelynmae","f","en"
"evelynn","f","en"
"evelynne","f","en"
"evelynrose","f","en"
"evemarie","f","en"
"even","m","en"
"evenie","f","en"
"evening","f","en"
"eveny","f","en"
"ever","f","en"
"evera","f","en"
"everardo","m","en"
"everen","m","en"
"everest","f","en"
"everet","m","en"
"everett","m","en"
"everette","f","en"
"evergreen","f","en"
"everhett","m","en"
"everick","m","en"
"everitt","m","en"
"everlea","f","en"
"everlee","f","en"
"everlei","f","en"
"everleigh","f","en"
"everley","f","en"
"everli","f","en"
"everlie","f","en"
"everliegh","f","en"
"everlin","f","en"
"everly","f","en"
"everlyee","f","en"
"everlyn","f","en"
"everlynn","f","en"
"everlynne","f","en"
"evermore","f","en"
"everrett","m","en"
"everson","f","en"
"everton","m","en"
"everyn","f","en"
"everyx","m","en"
"evette","f","en"
"evey","f","en"
"evi","f","en"
"evia","f","en"
"evian","m","en"
"eviana","f","en"
"evianna","f","en"
"evie","f","en"
"evin","m","en"
"evina","f","en"
"evita","f","en"
"evlyn","f","en"
"evnika","f","en"
"evoleht","f","en"
"evolet","f","en"
"evoleth","f","en"
"evolett","f","en"
"evolette","f","en"
"evonna","f","en"
"evonne","f","en"
"evony","f","en"
"evora","f","en"
"evran","m","en"
"evren","f","en"
"evrhett","m","en"
"evryn","f","en"
"evva","f","en"
"evvie","f","en"
"evvy","f","en"
"evy","f","en"
"evyanna","f","en"
"evyn","f","en"
"evynn","f","en"
"ewan","m","en"
"ewen","m","en"
"exander","m","en"
"exavier","m","en"
"excellence","f","en"
"exequiel","m","en"
"exodus","f","en"
"exzavier","m","en"
"eyad","m","en"
"eyal","m","en"
"eyan","m","en"
"eyana","f","en"
"eyas","m","en"
"eydan","m","en"
"eyden","m","en"
"eyder","m","en"
"eyla","f","en"
"eylah","f","en"
"eylan","m","en"
"eylani","f","en"
"eyleen","f","en"
"eylen","f","en"
"eylin","f","en"
"eylul","f","en"
"eymi","f","en"
"eyner","m","en"
"eyoab","m","en"
"eyob","m","en"
"eyoel","m","en"
"eyosias","m","en"
"eyram","f","en"
"eytan","m","en"
"eythan","m","en"
"eyuel","m","en"
"eyva","f","en"
"ezaan","m","en"
"ezabella","f","en"
"ezael","m","en"
"ezai","m","en"
"ezaiah","m","en"
"ezaias","m","en"
"ezalea","f","en"
"ezalia","f","en"
"ezamae","f","en"
"ezan","m","en"
"ezana","m","en"
"ezar","m","en"
"ezara","f","en"
"ezari","f","en"
"ezaria","f","en"
"ezariah","f","en"
"ezaryah","m","en"
"ezdan","m","en"
"eze","m","en"
"ezechiel","m","en"
"ezekai","m","en"
"ezekeil","m","en"
"ezekiah","m","en"
"ezekial","m","en"
"ezekias","m","en"
"ezekiel","m","en"
"ezekieljames","m","en"
"ezekio","m","en"
"ezekyel","m","en"
"ezel","m","en"
"ezell","m","en"
"ezequias","m","en"
"ezequiel","m","en"
"ezer","m","en"
"ezera","m","en"
"ezeriah","f","en"
"ezgi","f","en"
"eziah","m","en"
"eziel","m","en"
"ezikiel","m","en"
"ezinne","f","en"
"ezio","m","en"
"ezlyn","f","en"
"ezlynn","f","en"
"ezmae","f","en"
"ezmarie","f","en"
"ezmay","f","en"
"ezme","f","en"
"ezmeralda","f","en"
"ezmerelda","f","en"
"ezmia","f","en"
"ezra","m","en"
"ezrael","m","en"
"ezrah","f","en"
"ezrajames","m","en"
"ezran","m","en"
"ezreal","m","en"
"ezren","m","en"
"ezri","f","en"
"ezria","f","en"
"ezriah","f","en"
"ezrie","f","en"
"ezriel","m","en"
"ezrin","m","en"
"ezryn","m","en"
"eztli","f","en"
"ezykiel","m","en"
"ezz","m","en"
"ezzah","f","en"
"faatiha","f","en"
"fabian","m","en"
"fabiana","f","en"
"fabianna","f","en"
"fabien","m","en"
"fabiha","f","en"
"fabio","m","en"
"fabiola","f","en"
"fable","f","en"
"fabricio","m","en"
"fabrizio","m","en"
"fadel","m","en"
"fadi","m","en"
"fadima","f","en"
"fady","m","en"
"fae","f","en"
"faelan","m","en"
"faelyn","f","en"
"faelynn","f","en"
"fahad","m","en"
"fahd","m","en"
"fahed","m","en"
"faheem","m","en"
"fahim","m","en"
"fahima","f","en"
"faiga","f","en"
"faigy","f","en"
"faisal","m","en"
"faith","f","en"
"faithe","f","en"
"faithlyn","f","en"
"faithlynn","f","en"
"faiyaz","m","en"
"faiz","m","en"
"faiza","f","en"
"faizaan","m","en"
"faizah","f","en"
"faizan","m","en"
"faizon","m","en"
"fajr","f","en"
"falak","f","en"
"falaq","f","en"
"falcon","m","en"
"fallon","f","en"
"fallyn","f","en"
"falon","f","en"
"falyn","f","en"
"falynn","f","en"
"fame","m","en"
"famous","m","en"
"fancy","f","en"
"fannie","f","en"
"fanny","f","en"
"fanta","f","en"
"fanuel","m","en"
"faolan","m","en"
"fara","f","en"
"farah","f","en"
"faraja","m","en"
"faraji","m","en"
"faraz","m","en"
"fardin","m","en"
"fareed","m","en"
"fareeha","f","en"
"fares","m","en"
"farha","f","en"
"farhan","m","en"
"farhat","f","en"
"farheen","f","en"
"farhia","f","en"
"faria","f","en"
"farid","m","en"
"farida","f","en"
"fariha","f","en"
"faris","m","en"
"farisha","f","en"
"farishta","f","en"
"fariz","m","en"
"faron","m","en"
"farooq","m","en"
"farouk","m","en"
"farouq","m","en"
"farrah","f","en"
"farrell","m","en"
"farren","f","en"
"farris","f","en"
"farryn","f","en"
"farwa","f","en"
"faryal","f","en"
"faryn","f","en"
"fate","m","en"
"fateh","m","en"
"fatema","f","en"
"fatemah","f","en"
"fathima","f","en"
"fatiha","f","en"
"fatima","f","en"
"fatimah","f","en"
"fatimata","f","en"
"fatimazahra","f","en"
"fatma","f","en"
"fatmata","f","en"
"fatou","f","en"
"fatoumata","f","en"
"fatu","f","en"
"fatuma","f","en"
"fatumata","f","en"
"fauna","f","en"
"faustin","m","en"
"faustina","f","en"
"faustino","m","en"
"fausto","m","en"
"favian","m","en"
"favio","m","en"
"faviola","f","en"
"favor","f","en"
"favour","f","en"
"fawaz","m","en"
"fawkes","m","en"
"fawn","f","en"
"fawzan","m","en"
"fay","f","en"
"faya","f","en"
"fayden","m","en"
"faye","f","en"
"fayelyn","f","en"
"fayelynn","f","en"
"fayrouz","f","en"
"faysal","m","en"
"fayth","f","en"
"fe","f","en"
"feather","f","en"
"febe","f","en"
"federica","f","en"
"federico","m","en"
"feivel","m","en"
"felice","f","en"
"felicia","f","en"
"feliciana","f","en"
"feliciano","m","en"
"felicity","f","en"
"feliks","m","en"
"felina","f","en"
"felipe","m","en"
"felisa","f","en"
"felix","f","en"
"felton","m","en"
"femi","f","en"
"fen","m","en"
"fender","m","en"
"fendi","f","en"
"fenet","f","en"
"fenix","f","en"
"fenn","m","en"
"fenna","f","en"
"fennec","f","en"
"fenrir","m","en"
"fenris","m","en"
"fenton","m","en"
"fenyx","m","en"
"feras","m","en"
"ferdinand","m","en"
"fergus","m","en"
"ferguson","m","en"
"feriha","f","en"
"fermin","m","en"
"fermina","f","en"
"fern","f","en"
"fernan","m","en"
"fernanda","f","en"
"fernando","m","en"
"ferran","m","en"
"ferrari","m","en"
"ferris","f","en"
"festus","m","en"
"feven","f","en"
"fey","f","en"
"feya","f","en"
"feyre","f","en"
"feza","f","en"
"fia","f","en"
"fiadh","f","en"
"fianna","f","en"
"fidel","m","en"
"fidencio","m","en"
"fielder","m","en"
"fielding","m","en"
"fields","m","en"
"fiia","f","en"
"filiberto","m","en"
"filip","m","en"
"filipa","f","en"
"filipe","m","en"
"filippa","f","en"
"filippo","m","en"
"filomena","f","en"
"fin","m","en"
"fina","f","en"
"finan","m","en"
"finbarr","m","en"
"finch","m","en"
"findlay","f","en"
"findley","f","en"
"finesse","m","en"
"finian","m","en"
"finlan","m","en"
"finlay","f","en"
"finlee","f","en"
"finleigh","f","en"
"finley","f","en"
"finn","f","en"
"finnan","m","en"
"finnbar","m","en"
"finnean","m","en"
"finneas","m","en"
"finnegan","f","en"
"finnian","m","en"
"finnic","m","en"
"finnick","m","en"
"finnigan","m","en"
"finnik","m","en"
"finnin","m","en"
"finnlee","f","en"
"finnleigh","f","en"
"finnley","f","en"
"fintan","m","en"
"finton","m","en"
"fiona","f","en"
"fionn","m","en"
"fionna","f","en"
"fionnuala","f","en"
"fiora","f","en"
"fiorella","f","en"
"fira","f","en"
"firas","m","en"
"firdaus","f","en"
"fischer","m","en"
"fishel","m","en"
"fisher","f","en"
"fitz","m","en"
"fitzgerald","m","en"
"fitzpatrick","m","en"
"fitzwilliam","m","en"
"fiza","f","en"
"flannery","f","en"
"flavia","f","en"
"flavio","m","en"
"fletcher","f","en"
"fleur","f","en"
"flint","m","en"
"floki","m","en"
"flor","f","en"
"flora","f","en"
"florence","f","en"
"florencia","f","en"
"florencio","m","en"
"florentina","f","en"
"florentino","m","en"
"florian","m","en"
"floriana","f","en"
"floridalma","f","en"
"florin","m","en"
"florina","f","en"
"florinda","f","en"
"flossie","f","en"
"flower","f","en"
"floyd","m","en"
"flynn","f","en"
"flynne","f","en"
"fnu","f","en"
"folarin","m","en"
"folasade","f","en"
"forbes","m","en"
"ford","m","en"
"foreign","m","en"
"forest","f","en"
"forestt","m","en"
"forever","f","en"
"forge","m","en"
"forrest","f","en"
"forrie","m","en"
"fortune","f","en"
"foster","f","en"
"fotima","f","en"
"fotini","f","en"
"fouad","m","en"
"fowler","m","en"
"fox","f","en"
"foxx","m","en"
"frabian","m","en"
"fradel","f","en"
"frady","f","en"
"fraida","f","en"
"fraidy","f","en"
"francely","f","en"
"frances","f","en"
"francesca","f","en"
"francesco","m","en"
"franceska","f","en"
"francess","f","en"
"franchesca","f","en"
"franchesco","m","en"
"francheska","f","en"
"francie","f","en"
"franciel","m","en"
"francine","f","en"
"francis","f","en"
"francisca","f","en"
"francisco","m","en"
"franciszek","m","en"
"franck","m","en"
"franco","m","en"
"francois","m","en"
"francoise","f","en"
"frandy","m","en"
"franey","f","en"
"frank","m","en"
"frankee","f","en"
"franki","f","en"
"frankie","f","en"
"franklin","f","en"
"franklyn","f","en"
"franko","m","en"
"franky","m","en"
"frannie","f","en"
"fransisco","m","en"
"frantz","m","en"
"franyeli","f","en"
"franyelis","f","en"
"franz","m","en"
"fraser","m","en"
"frasier","m","en"
"fraya","f","en"
"frazier","m","en"
"fred","m","en"
"freda","f","en"
"freddie","f","en"
"freddy","m","en"
"frederic","m","en"
"frederica","f","en"
"frederick","m","en"
"frederico","m","en"
"frederik","m","en"
"fredi","m","en"
"fredric","m","en"
"fredrick","m","en"
"fredrik","m","en"
"fredy","m","en"
"freedom","f","en"
"freeman","m","en"
"freida","f","en"
"freidy","f","en"
"freja","f","en"
"frejya","f","en"
"frey","m","en"
"freya","f","en"
"freyah","f","en"
"freydis","f","en"
"freyia","f","en"
"freyja","f","en"
"freyr","m","en"
"frida","f","en"
"frieda","f","en"
"friedrich","m","en"
"frimet","f","en"
"frimmy","f","en"
"frimy","f","en"
"fritz","m","en"
"froylan","m","en"
"fuad","m","en"
"fuller","m","en"
"fulton","m","en"
"furaha","f","en"
"furqan","m","en"
"future","m","en"
"fynlee","f","en"
"fynn","f","en"
"fynnegan","m","en"
"fynnlee","f","en"
"fynnley","m","en"
"fyodor","m","en"
"gabbi","f","en"
"gabbie","f","en"
"gabby","f","en"
"gabe","m","en"
"gabi","f","en"
"gabino","m","en"
"gable","m","en"
"gabrian","m","en"
"gabriel","m","en"
"gabriela","f","en"
"gabriele","m","en"
"gabriella","f","en"
"gabrielle","f","en"
"gabrielly","f","en"
"gabryella","f","en"
"gaby","f","en"
"gad","m","en"
"gada","m","en"
"gaddiel","m","en"
"gadiel","m","en"
"gadriel","m","en"
"gael","f","en"
"gaela","f","en"
"gaeli","f","en"
"gaella","f","en"
"gaelle","f","en"
"gaetano","m","en"
"gage","m","en"
"gahel","m","en"
"gaia","f","en"
"gaige","m","en"
"gail","f","en"
"gaines","m","en"
"gaith","m","en"
"gaius","m","en"
"gal","f","en"
"gala","f","en"
"galadriel","f","en"
"galaxie","f","en"
"galaxy","f","en"
"galdino","m","en"
"gale","f","en"
"galen","m","en"
"galena","f","en"
"gali","f","en"
"galia","f","en"
"galilea","f","en"
"galileah","f","en"
"galilee","f","en"
"galileo","m","en"
"galina","f","en"
"gallagher","m","en"
"galo","m","en"
"galvin","m","en"
"galya","f","en"
"gamal","m","en"
"gamaliel","m","en"
"gamila","f","en"
"ganna","f","en"
"gannon","m","en"
"ganon","m","en"
"ganza","m","en"
"gardenia","f","en"
"gardner","m","en"
"garen","m","en"
"gareth","m","en"
"garett","m","en"
"garland","f","en"
"garner","f","en"
"garnet","f","en"
"garnett","m","en"
"garren","m","en"
"garret","m","en"
"garrett","m","en"
"garrick","m","en"
"garrison","m","en"
"garrus","m","en"
"garry","m","en"
"garth","m","en"
"garv","m","en"
"garvey","m","en"
"gary","m","en"
"gaspar","m","en"
"gaspard","m","en"
"gaston","m","en"
"gates","m","en"
"gatlin","f","en"
"gatlyn","f","en"
"gatlynn","f","en"
"gatsby","m","en"
"gauge","m","en"
"gauri","f","en"
"gaurik","m","en"
"gautam","m","en"
"gautham","m","en"
"gaven","m","en"
"gavi","m","en"
"gavin","f","en"
"gavino","m","en"
"gavriel","m","en"
"gavyn","m","en"
"gawain","m","en"
"gayatri","f","en"
"gayle","f","en"
"gazelle","f","en"
"gea","f","en"
"geanna","f","en"
"gedalia","m","en"
"gedalya","m","en"
"gedeon","m","en"
"geet","f","en"
"gefen","m","en"
"geffen","f","en"
"gelila","f","en"
"gella","f","en"
"gem","f","en"
"gema","f","en"
"gemini","f","en"
"gemma","f","en"
"gemmalee","f","en"
"genaro","m","en"
"genasis","f","en"
"genavie","f","en"
"genavieve","f","en"
"gene","m","en"
"genecis","f","en"
"genelle","f","en"
"genendy","f","en"
"general","m","en"
"genesee","f","en"
"genesis","f","en"
"genessis","f","en"
"genesys","f","en"
"geneva","f","en"
"genevi","f","en"
"genevie","f","en"
"genevieve","f","en"
"genevive","f","en"
"genie","f","en"
"genisis","f","en"
"genna","f","en"
"gennaro","m","en"
"gennesis","f","en"
"geno","m","en"
"genova","f","en"
"genoveva","f","en"
"gent","m","en"
"gentry","f","en"
"geo","m","en"
"geoffrey","m","en"
"geonna","f","en"
"geordi","m","en"
"geordie","m","en"
"george","m","en"
"georgeanna","f","en"
"georges","m","en"
"georgette","f","en"
"georgia","f","en"
"georgiamae","f","en"
"georgiana","f","en"
"georgianna","f","en"
"georgie","f","en"
"georgina","f","en"
"georgio","m","en"
"georgios","m","en"
"geovani","m","en"
"geovanna","f","en"
"geovanni","m","en"
"geovanny","m","en"
"geovany","m","en"
"geovonni","m","en"
"gerald","m","en"
"geraldin","f","en"
"geraldine","f","en"
"geraldo","m","en"
"geralt","m","en"
"gerard","m","en"
"gerardo","m","en"
"gerber","m","en"
"geremiah","m","en"
"geremias","m","en"
"geremy","m","en"
"germaine","f","en"
"german","m","en"
"germani","f","en"
"germany","f","en"
"gerome","m","en"
"geronimo","m","en"
"gerrard","m","en"
"gerrit","m","en"
"gerry","m","en"
"gershom","m","en"
"gershon","m","en"
"gerson","m","en"
"gertrude","f","en"
"gervonta","m","en"
"gerzon","m","en"
"gethsemane","f","en"
"getsemani","f","en"
"ghaith","m","en"
"ghala","f","en"
"ghali","m","en"
"ghalia","f","en"
"ghassan","m","en"
"ghazal","f","en"
"ghazi","m","en"
"ghia","f","en"
"ghina","f","en"
"ghost","m","en"
"gia","f","en"
"giabella","f","en"
"giacomo","m","en"
"giada","f","en"
"giah","f","en"
"giam","m","en"
"gian","m","en"
"giana","f","en"
"giancarlo","m","en"
"giancarlos","m","en"
"gianella","f","en"
"gianelle","f","en"
"gianelli","f","en"
"gianelly","f","en"
"gianfranco","m","en"
"giani","f","en"
"gianina","f","en"
"gianluca","m","en"
"gianlucas","m","en"
"gianlucca","m","en"
"gianmarco","m","en"
"giann","m","en"
"gianna","f","en"
"giannah","f","en"
"giannamarie","f","en"
"giannarose","f","en"
"gianni","f","en"
"giannie","f","en"
"giannina","f","en"
"giannis","f","en"
"gianno","m","en"
"gianny","f","en"
"giano","m","en"
"giavana","f","en"
"giavanna","f","en"
"giavanni","f","en"
"giavonna","f","en"
"giavonni","f","en"
"gibran","m","en"
"gibson","f","en"
"gideon","m","en"
"gidon","m","en"
"gift","f","en"
"gigi","f","en"
"gil","m","en"
"gila","f","en"
"gilbert","m","en"
"gilberto","m","en"
"gilda","f","en"
"gildardo","m","en"
"gilead","m","en"
"giles","m","en"
"gillian","f","en"
"gilmar","m","en"
"gilmer","m","en"
"gimena","f","en"
"gina","f","en"
"ginebra","f","en"
"ginelle","f","en"
"ginevieve","f","en"
"ginevra","f","en"
"ginger","f","en"
"ginna","f","en"
"ginny","f","en"
"gino","m","en"
"gio","f","en"
"gioia","f","en"
"giomar","m","en"
"gion","m","en"
"gioni","m","en"
"gionna","f","en"
"gionni","f","en"
"giordana","f","en"
"giordano","m","en"
"giorgi","m","en"
"giorgia","f","en"
"giorgiana","f","en"
"giorgina","f","en"
"giorgio","m","en"
"giorno","m","en"
"giovan","m","en"
"giovana","f","en"
"giovani","m","en"
"giovanna","f","en"
"giovanni","f","en"
"giovannie","m","en"
"giovanny","m","en"
"giovany","m","en"
"giovoni","m","en"
"giovonni","m","en"
"girasol","f","en"
"girl","f","en"
"gisel","f","en"
"gisela","f","en"
"gisele","f","en"
"gisell","f","en"
"gisella","f","en"
"giselle","f","en"
"gissel","f","en"
"gissell","f","en"
"gissella","f","en"
"gisselle","f","en"
"gita","f","en"
"gittel","f","en"
"gitty","f","en"
"giulia","f","en"
"giulian","m","en"
"giuliana","f","en"
"giulianna","f","en"
"giuliano","m","en"
"giulietta","f","en"
"giulio","m","en"
"giuseppe","m","en"
"giuseppina","f","en"
"givanna","f","en"
"givenchy","m","en"
"giveon","m","en"
"giyani","f","en"
"giyanna","f","en"
"gizelle","f","en"
"gladis","f","en"
"gladys","f","en"
"glauk","m","en"
"glen","m","en"
"glenda","f","en"
"glendon","m","en"
"glendy","f","en"
"glenn","m","en"
"glenna","f","en"
"glika","f","en"
"glori","f","en"
"gloria","f","en"
"gloriana","f","en"
"glorianna","f","en"
"glorie","f","en"
"glorious","f","en"
"glory","f","en"
"god","m","en"
"goddess","f","en"
"godfrey","m","en"
"godric","m","en"
"godson","m","en"
"godwin","m","en"
"gohan","m","en"
"goku","m","en"
"golda","f","en"
"golden","f","en"
"goldie","f","en"
"goldy","f","en"
"goldyn","f","en"
"gonzalo","m","en"
"gor","m","en"
"gordon","m","en"
"gorgeous","f","en"
"goten","m","en"
"gotti","m","en"
"govanni","m","en"
"gowri","f","en"
"grabiel","m","en"
"grace","f","en"
"graceanne","f","en"
"gracee","f","en"
"gracelee","f","en"
"graceleigh","f","en"
"gracelin","f","en"
"gracely","f","en"
"gracelyn","f","en"
"gracelynn","f","en"
"gracelynne","f","en"
"gracemarie","f","en"
"gracen","f","en"
"graceson","m","en"
"gracey","f","en"
"graceyn","f","en"
"graci","f","en"
"gracia","f","en"
"graciana","f","en"
"gracianna","f","en"
"gracie","f","en"
"graciela","f","en"
"graciella","f","en"
"graciemae","f","en"
"gracilyn","f","en"
"gracin","m","en"
"gracious","f","en"
"graclyn","f","en"
"graclynn","f","en"
"gracy","f","en"
"gracyn","f","en"
"gracynn","f","en"
"graden","m","en"
"gradey","m","en"
"gradie","f","en"
"grady","f","en"
"grae","f","en"
"graelyn","f","en"
"graelynn","f","en"
"graeme","m","en"
"graeson","m","en"
"graesyn","m","en"
"grafton","m","en"
"graham","f","en"
"grahm","m","en"
"grainger","m","en"
"graison","m","en"
"gram","m","en"
"granger","m","en"
"granit","m","en"
"grant","m","en"
"grantley","m","en"
"graves","m","en"
"gray","f","en"
"grayce","f","en"
"graycee","f","en"
"graycelyn","f","en"
"graycen","f","en"
"graycie","f","en"
"grayden","m","en"
"graydon","m","en"
"grayer","m","en"
"graylan","m","en"
"graylee","f","en"
"graylen","m","en"
"graylin","f","en"
"graylon","m","en"
"graylynn","f","en"
"graysen","f","en"
"graysin","m","en"
"grayson","m","en"
"grayston","m","en"
"graysyn","m","en"
"grayton","m","en"
"graziella","f","en"
"greatness","f","en"
"grecia","f","en"
"greeicy","f","en"
"greeley","f","en"
"greenlee","f","en"
"greenleigh","f","en"
"greenley","f","en"
"greenly","f","en"
"greer","f","en"
"greg","m","en"
"gregg","m","en"
"greggory","m","en"
"gregor","m","en"
"gregoria","f","en"
"gregorio","m","en"
"gregory","m","en"
"greicy","f","en"
"greisy","f","en"
"gresham","m","en"
"greta","f","en"
"gretchen","f","en"
"gretel","f","en"
"grethel","f","en"
"gretta","f","en"
"grettel","f","en"
"grettell","f","en"
"grey","f","en"
"greya","f","en"
"greycen","m","en"
"greyden","m","en"
"greydon","m","en"
"greylan","m","en"
"greyleigh","f","en"
"greylen","m","en"
"greylynn","f","en"
"greys","f","en"
"greysen","f","en"
"greyshell","f","en"
"greysi","f","en"
"greysin","m","en"
"greyson","m","en"
"greysyn","m","en"
"gricelda","f","en"
"grier","f","en"
"griezmann","m","en"
"griff","m","en"
"griffen","m","en"
"griffey","m","en"
"griffin","f","en"
"griffith","m","en"
"griffyn","m","en"
"grim","m","en"
"grimm","m","en"
"grisel","f","en"
"griselda","f","en"
"grit","m","en"
"grizelda","f","en"
"grizzly","m","en"
"grover","m","en"
"gryffin","m","en"
"gryphon","m","en"
"guadalupe","f","en"
"gudiel","m","en"
"guhan","m","en"
"guiliana","f","en"
"guillermo","m","en"
"guinevere","f","en"
"guliana","f","en"
"gumaro","m","en"
"gunnar","m","en"
"gunner","m","en"
"gunter","m","en"
"gunther","m","en"
"gurasees","f","en"
"gurbaaz","m","en"
"gurbaj","m","en"
"gurbani","f","en"
"gurfateh","m","en"
"gurjaap","m","en"
"gurkirat","m","en"
"gurleen","f","en"
"gurman","m","en"
"gurmehar","f","en"
"gurnaaz","f","en"
"gurnaz","f","en"
"gurniwaz","m","en"
"gurnoor","f","en"
"gursahib","m","en"
"gursanjh","f","en"
"gursehaj","m","en"
"gurshaan","m","en"
"gursifat","f","en"
"gursirat","f","en"
"gurtaaz","m","en"
"gurtaj","m","en"
"gurtej","m","en"
"gurveer","m","en"
"gus","m","en"
"gustaf","m","en"
"gustav","m","en"
"gustavo","m","en"
"guthrie","m","en"
"guy","m","en"
"guzman","m","en"
"gwen","f","en"
"gwendalyn","f","en"
"gwendalynn","f","en"
"gwendelyn","f","en"
"gwendolen","f","en"
"gwendoline","f","en"
"gwendolyn","f","en"
"gwendolyne","f","en"
"gwendolynn","f","en"
"gweneth","f","en"
"gwenevere","f","en"
"gweneviere","f","en"
"gwenivere","f","en"
"gwenna","f","en"
"gwenyth","f","en"
"gwenyvere","f","en"
"gwyn","f","en"
"gwyndolin","f","en"
"gwyndolyn","f","en"
"gwyneth","f","en"
"gwynevere","f","en"
"gwynne","f","en"
"gwynnevere","f","en"
"gyan","m","en"
"gyana","f","en"
"gyanna","f","en"
"gyasi","m","en"
"gyda","f","en"
"gynesis","f","en"
"gypsy","f","en"
"haadi","m","en"
"haadiya","f","en"
"haaheo","m","en"
"haakon","m","en"
"haaland","m","en"
"haani","f","en"
"haaniya","f","en"
"haashir","m","en"
"haasini","f","en"
"habakkuk","m","en"
"haben","m","en"
"habib","m","en"
"habiba","f","en"
"haby","f","en"
"hada","f","en"
"hadara","f","en"
"hadas","f","en"
"hadasa","f","en"
"hadasah","f","en"
"hadasha","f","en"
"hadassa","f","en"
"hadassah","f","en"
"hadden","f","en"
"haddie","f","en"
"haddon","f","en"
"haddy","f","en"
"hadeel","f","en"
"haden","f","en"
"hades","f","en"
"hadessah","f","en"
"hadi","m","en"
"hadia","f","en"
"hadicha","f","en"
"hadija","f","en"
"hadilynn","f","en"
"hadisa","f","en"
"hadiya","f","en"
"hadiyah","f","en"
"hadja","f","en"
"hadlee","f","en"
"hadleigh","f","en"
"hadley","f","en"
"hadli","f","en"
"hadlie","f","en"
"hadlyn","f","en"
"hadlynn","f","en"
"hadrian","m","en"
"hadriel","m","en"
"hady","m","en"
"hadya","f","en"
"hadyn","f","en"
"haeden","m","en"
"haegan","m","en"
"haelyn","f","en"
"haelynn","f","en"
"haesten","m","en"
"haeven","f","en"
"haevyn","f","en"
"hafez","m","en"
"hafsa","f","en"
"hafsah","f","en"
"hagan","f","en"
"hagen","f","en"
"haggai","m","en"
"hagop","m","en"
"haidar","m","en"
"haiden","f","en"
"haider","m","en"
"haidyn","f","en"
"haifa","f","en"
"haile","f","en"
"hailee","f","en"
"haileigh","f","en"
"hailey","f","en"
"hailie","f","en"
"hailo","f","en"
"haily","f","en"
"hailyn","f","en"
"hailynn","f","en"
"haim","m","en"
"haimi","f","en"
"haines","m","en"
"hairo","m","en"
"haislee","f","en"
"haisleigh","f","en"
"haisley","f","en"
"haisten","m","en"
"haitham","m","en"
"haiti","f","en"
"haiven","f","en"
"haivyn","f","en"
"haiza","f","en"
"haize","f","en"
"haizel","f","en"
"haizen","m","en"
"haizlee","f","en"
"haizleigh","f","en"
"haizley","f","en"
"haizlyn","f","en"
"haizlynn","f","en"
"haja","f","en"
"hajar","f","en"
"hajara","f","en"
"haji","m","en"
"hajin","m","en"
"hajira","f","en"
"hajra","f","en"
"hajun","m","en"
"hakam","m","en"
"hakan","m","en"
"hakeem","m","en"
"hakim","m","en"
"hakimi","m","en"
"hakop","m","en"
"haku","m","en"
"hal","m","en"
"hala","f","en"
"halah","f","en"
"halani","f","en"
"halayna","f","en"
"halcyon","m","en"
"hale","m","en"
"halee","f","en"
"haleem","m","en"
"haleema","f","en"
"haleigh","f","en"
"halen","f","en"
"halena","f","en"
"haley","f","en"
"hali","f","en"
"halia","f","en"
"halid","m","en"
"halim","m","en"
"halima","f","en"
"halimah","f","en"
"halime","f","en"
"halina","f","en"
"haliyah","f","en"
"hall","m","en"
"halle","f","en"
"hallee","f","en"
"halleigh","f","en"
"hallel","f","en"
"hallelujah","f","en"
"halley","f","en"
"halli","f","en"
"hallie","f","en"
"hallow","f","en"
"hally","f","en"
"halo","f","en"
"halona","f","en"
"halsey","f","en"
"halsten","m","en"
"halston","f","en"
"halstyn","f","en"
"halyn","f","en"
"hamad","m","en"
"hamda","f","en"
"hamdan","m","en"
"hamdi","f","en"
"hamed","m","en"
"hameed","m","en"
"hamid","m","en"
"hamida","f","en"
"hamidou","m","en"
"hamilton","m","en"
"hamir","m","en"
"hamish","m","en"
"hammad","m","en"
"hammond","m","en"
"hamna","f","en"
"hamnah","f","en"
"hampton","f","en"
"hamza","m","en"
"hamzah","m","en"
"han","f","en"
"hana","f","en"
"hanaa","f","en"
"hanaan","f","en"
"hanad","m","en"
"hanae","f","en"
"hanah","f","en"
"hanalei","f","en"
"hanami","f","en"
"hanan","f","en"
"hananiah","f","en"
"handsome","m","en"
"haneef","m","en"
"haneen","f","en"
"hanes","m","en"
"hani","f","en"
"hania","f","en"
"haniel","m","en"
"hanif","m","en"
"hanifa","f","en"
"hanifah","f","en"
"hanika","f","en"
"hanish","m","en"
"haniya","f","en"
"haniyah","f","en"
"hank","m","en"
"hanley","f","en"
"hanna","f","en"
"hannah","f","en"
"hannan","f","en"
"hannelore","f","en"
"hannia","f","en"
"hannibal","m","en"
"hannie","f","en"
"hanniel","m","en"
"hannon","m","en"
"hanny","f","en"
"hans","m","en"
"hansel","m","en"
"hansell","m","en"
"hansen","m","en"
"hanson","m","en"
"hanvi","f","en"
"hanvika","f","en"
"hanz","m","en"
"hanzel","m","en"
"hanzo","m","en"
"haoyu","m","en"
"happiness","f","en"
"happy","f","en"
"harald","m","en"
"haram","f","en"
"harbaaz","m","en"
"harbor","f","en"
"harden","m","en"
"hardin","m","en"
"hardy","m","en"
"hardyn","m","en"
"hareem","f","en"
"hareer","f","en"
"harel","m","en"
"hargun","f","en"
"hari","f","en"
"harim","m","en"
"harin","f","en"
"harini","f","en"
"harir","f","en"
"haris","m","en"
"harith","m","en"
"harjas","m","en"
"harlan","f","en"
"harland","m","en"
"harleaux","f","en"
"harlee","f","en"
"harleen","f","en"
"harlei","f","en"
"harleigh","f","en"
"harlem","f","en"
"harlen","f","en"
"harley","f","en"
"harleyann","f","en"
"harli","f","en"
"harlie","f","en"
"harlin","f","en"
"harlo","f","en"
"harloe","f","en"
"harlon","m","en"
"harlow","f","en"
"harlowe","f","en"
"harlym","f","en"
"harlyn","f","en"
"harlynn","f","en"
"harman","m","en"
"harmani","f","en"
"harmon","m","en"
"harmonee","f","en"
"harmonei","f","en"
"harmoney","f","en"
"harmoni","f","en"
"harmonie","f","en"
"harmonii","f","en"
"harmony","f","en"
"harnaaz","f","en"
"harnav","m","en"
"harnoor","f","en"
"harold","m","en"
"haron","m","en"
"haroon","m","en"
"haroun","m","en"
"harout","m","en"
"harper","f","en"
"harperrose","f","en"
"harriet","f","en"
"harriett","f","en"
"harriette","f","en"
"harrington","m","en"
"harris","m","en"
"harrison","f","en"
"harry","m","en"
"harsh","m","en"
"harshitha","f","en"
"harshiv","m","en"
"harsirat","f","en"
"hart","f","en"
"hartford","f","en"
"hartlee","f","en"
"hartleigh","f","en"
"hartlen","m","en"
"hartley","f","en"
"hartlyn","f","en"
"hartlynn","f","en"
"hartman","m","en"
"haru","f","en"
"haruki","m","en"
"harumi","f","en"
"harun","m","en"
"haruto","m","en"
"harvee","f","en"
"harveer","m","en"
"harvest","f","en"
"harvey","f","en"
"harvie","f","en"
"harvin","m","en"
"harvy","m","en"
"harwin","m","en"
"hasaan","m","en"
"hasan","m","en"
"hasanat","f","en"
"hasani","m","en"
"haseeb","m","en"
"haset","f","en"
"hashem","m","en"
"hashim","m","en"
"hashir","m","en"
"hasibullah","m","en"
"hasiel","m","en"
"hasina","f","en"
"hasini","f","en"
"haskell","m","en"
"hasley","f","en"
"hasna","f","en"
"hasnain","m","en"
"hasrat","f","en"
"hassam","m","en"
"hassan","m","en"
"hassani","m","en"
"hasset","f","en"
"hassiah","m","en"
"hasten","m","en"
"hasti","f","en"
"hastings","m","en"
"hatcher","m","en"
"hatem","m","en"
"hathaway","f","en"
"hatim","m","en"
"hatley","f","en"
"hattan","m","en"
"hatten","f","en"
"hatti","f","en"
"hattie","f","en"
"hatton","f","en"
"haumea","f","en"
"hava","f","en"
"havah","f","en"
"havana","f","en"
"havanna","f","en"
"havannah","f","en"
"haven","f","en"
"havi","m","en"
"havik","m","en"
"havilah","f","en"
"havish","m","en"
"havisha","f","en"
"havoc","m","en"
"havok","m","en"
"havyn","f","en"
"havynn","f","en"
"hawa","f","en"
"haweo","m","en"
"hawk","m","en"
"hawken","m","en"
"hawkin","m","en"
"hawkins","f","en"
"hawthorn","m","en"
"hawthorne","m","en"
"hawwa","f","en"
"haya","f","en"
"hayaa","f","en"
"hayah","f","en"
"hayami","f","en"
"hayan","m","en"
"hayat","f","en"
"hayato","m","en"
"haydan","m","en"
"haydar","m","en"
"haydee","f","en"
"hayden","f","en"
"haydin","f","en"
"haydn","f","en"
"haydon","m","en"
"haydyn","f","en"
"hayes","f","en"
"haygen","f","en"
"hayk","m","en"
"hayla","f","en"
"hayle","f","en"
"haylee","f","en"
"hayleen","f","en"
"haylei","f","en"
"hayleigh","f","en"
"haylen","f","en"
"hayley","f","en"
"hayli","f","en"
"haylie","f","en"
"haylin","f","en"
"haylo","f","en"
"haylyn","f","en"
"haylynn","f","en"
"haynes","m","en"
"hays","f","en"
"haysen","m","en"
"hayslee","f","en"
"haysley","f","en"
"hayson","m","en"
"haysten","m","en"
"hayston","m","en"
"haytham","m","en"
"hayven","f","en"
"hayvn","f","en"
"hayward","m","en"
"haywood","m","en"
"hayyan","m","en"
"hayz","m","en"
"hayze","m","en"
"hayzel","f","en"
"hayzen","m","en"
"hayzlee","f","en"
"hayzleigh","f","en"
"hayzlie","f","en"
"hazael","m","en"
"hazaiah","m","en"
"hazal","f","en"
"haze","f","en"
"hazel","f","en"
"hazelee","f","en"
"hazeleigh","f","en"
"hazeley","f","en"
"hazelgrace","f","en"
"hazell","f","en"
"hazelle","f","en"
"hazellynn","f","en"
"hazelmae","f","en"
"hazely","f","en"
"hazelyn","f","en"
"hazelynn","f","en"
"hazem","m","en"
"hazen","m","en"
"hazer","m","en"
"hazie","f","en"
"haziel","m","en"
"hazim","m","en"
"haziq","m","en"
"hazlee","f","en"
"hazleigh","f","en"
"hazley","f","en"
"hazlie","f","en"
"hazlynn","f","en"
"hazoor","m","en"
"hazyl","f","en"
"hazyn","m","en"
"healani","f","en"
"heart","f","en"
"heartlee","f","en"
"heartley","f","en"
"heartly","f","en"
"heartlynn","f","en"
"heath","m","en"
"heather","f","en"
"heaven","f","en"
"heavenlee","f","en"
"heavenleigh","f","en"
"heavenly","f","en"
"heavyn","f","en"
"heavynn","f","en"
"heba","f","en"
"heber","m","en"
"hector","m","en"
"hedy","f","en"
"heela","f","en"
"heer","f","en"
"heera","f","en"
"heiden","m","en"
"heidi","f","en"
"heidy","f","en"
"heily","f","en"
"heilyn","f","en"
"heinrich","m","en"
"heir","m","en"
"heiress","f","en"
"heitor","m","en"
"heizel","f","en"
"hela","f","en"
"helaena","f","en"
"helaina","f","en"
"helana","f","en"
"helany","f","en"
"helayna","f","en"
"helem","f","en"
"helen","f","en"
"helena","f","en"
"helene","f","en"
"heleni","f","en"
"helenna","f","en"
"helia","f","en"
"helin","f","en"
"helina","f","en"
"helio","m","en"
"helios","m","en"
"helix","m","en"
"hellen","f","en"
"hellena","f","en"
"helly","f","en"
"heloisa","f","en"
"heloise","f","en"
"hemen","f","en"
"hemi","m","en"
"hena","f","en"
"henchy","f","en"
"henderson","m","en"
"hendon","m","en"
"hendrex","m","en"
"hendric","m","en"
"hendrick","m","en"
"hendricks","m","en"
"hendrik","m","en"
"hendrix","f","en"
"hendrixx","m","en"
"hendry","m","en"
"hendryx","f","en"
"hendy","f","en"
"henlee","f","en"
"henleigh","f","en"
"henley","f","en"
"henli","f","en"
"henlie","f","en"
"henly","f","en"
"henna","f","en"
"hennessey","f","en"
"hennessy","f","en"
"henning","m","en"
"henny","f","en"
"henoch","m","en"
"henok","m","en"
"henri","m","en"
"henric","m","en"
"henrick","m","en"
"henrie","m","en"
"henrietta","f","en"
"henriette","f","en"
"henrik","m","en"
"henrique","m","en"
"henrry","m","en"
"henry","m","en"
"henryk","m","en"
"henslee","f","en"
"hensleigh","f","en"
"hensley","f","en"
"henson","m","en"
"henya","f","en"
"henza","f","en"
"henzley","f","en"
"hephzibah","f","en"
"hera","f","en"
"heran","f","en"
"herani","f","en"
"herbert","m","en"
"hercules","m","en"
"heriberto","m","en"
"herlin","m","en"
"herlinda","f","en"
"herman","m","en"
"hermela","f","en"
"hermes","m","en"
"herminio","m","en"
"hermione","f","en"
"hermon","f","en"
"hernan","m","en"
"hero","f","en"
"heron","f","en"
"herschel","m","en"
"hersh","m","en"
"hershel","m","en"
"hershy","m","en"
"herson","m","en"
"heru","m","en"
"herve","m","en"
"heshy","m","en"
"hesston","m","en"
"hester","f","en"
"hestia","f","en"
"heston","m","en"
"hetansh","m","en"
"hetvi","f","en"
"hetvik","m","en"
"hewan","f","en"
"hewitt","m","en"
"heyam","f","en"
"heyansh","m","en"
"heyden","m","en"
"heydi","f","en"
"heylen","f","en"
"heyli","f","en"
"heylin","f","en"
"heysel","f","en"
"heysell","f","en"
"heyward","m","en"
"heyzel","f","en"
"hezakiah","m","en"
"hezekai","m","en"
"hezeki","m","en"
"hezekiah","m","en"
"hezekiyah","m","en"
"hezekyah","m","en"
"heziah","m","en"
"hialeah","f","en"
"hian","m","en"
"hiba","f","en"
"hickory","m","en"
"hidaya","f","en"
"hidayah","f","en"
"hieu","m","en"
"hikari","f","en"
"hikma","f","en"
"hila","f","en"
"hilal","f","en"
"hilario","m","en"
"hilary","f","en"
"hilda","f","en"
"hilde","f","en"
"hildegard","f","en"
"hildie","f","en"
"hiliana","f","en"
"hilinai","f","en"
"hill","m","en"
"hillary","f","en"
"hillel","m","en"
"hilton","m","en"
"himari","f","en"
"himawari","f","en"
"himmat","m","en"
"hina","f","en"
"hinami","f","en"
"hinata","f","en"
"hind","f","en"
"hinda","f","en"
"hindy","f","en"
"hinsley","f","en"
"hinson","m","en"
"hira","f","en"
"hiraeth","f","en"
"hiram","m","en"
"hiraya","f","en"
"hiro","m","en"
"hiromi","f","en"
"hiroshi","m","en"
"hirving","m","en"
"hirwa","m","en"
"hisham","m","en"
"historia","f","en"
"hitomi","f","en"
"hixson","m","en"
"hiya","f","en"
"hiyaan","m","en"
"hiyab","f","en"
"hiyan","m","en"
"hobart","m","en"
"hobbes","m","en"
"hobie","m","en"
"hoda","f","en"
"hodaya","f","en"
"hogan","m","en"
"hokulani","f","en"
"holden","f","en"
"holder","m","en"
"holdyn","m","en"
"holiday","f","en"
"hollan","f","en"
"holland","f","en"
"hollee","f","en"
"holleigh","f","en"
"holley","f","en"
"holli","f","en"
"holliday","f","en"
"hollie","f","en"
"hollin","f","en"
"hollins","f","en"
"hollis","f","en"
"holly","f","en"
"hollyn","f","en"
"hollynn","f","en"
"holsten","m","en"
"holston","m","en"
"holstyn","m","en"
"holt","m","en"
"holten","m","en"
"holton","m","en"
"holy","f","en"
"homer","m","en"
"homero","m","en"
"hondo","m","en"
"honest","f","en"
"honesti","f","en"
"honestie","f","en"
"honestii","f","en"
"honesty","f","en"
"honey","f","en"
"honor","f","en"
"honora","f","en"
"honour","f","en"
"hooper","m","en"
"hoor","f","en"
"hoorain","f","en"
"hooriya","f","en"
"hope","f","en"
"hopelyn","f","en"
"hopelynn","f","en"
"hopper","m","en"
"horace","m","en"
"horacio","m","en"
"horizon","f","en"
"hortencia","f","en"
"horus","m","en"
"hosanna","f","en"
"hosea","m","en"
"hosna","f","en"
"hoss","m","en"
"houd","m","en"
"housten","m","en"
"houston","f","en"
"houstyn","f","en"
"hovhannes","m","en"
"howard","m","en"
"howell","m","en"
"howie","m","en"
"howl","m","en"
"howland","m","en"
"hoyt","m","en"
"hrida","f","en"
"hridaan","m","en"
"hriday","m","en"
"hridaya","m","en"
"hridhaan","m","en"
"hrihaan","m","en"
"hubert","m","en"
"huck","m","en"
"huckleberry","m","en"
"huckley","m","en"
"huckson","m","en"
"huckston","m","en"
"hud","m","en"
"huda","f","en"
"huddson","m","en"
"hudsen","m","en"
"hudson","m","en"
"hudsyn","f","en"
"hudsynn","f","en"
"hueston","m","en"
"huey","m","en"
"hugh","m","en"
"hughes","m","en"
"hughie","m","en"
"hugo","m","en"
"huk","m","en"
"hukam","m","en"
"huldah","f","en"
"huma","f","en"
"humaid","m","en"
"humaira","f","en"
"humairah","f","en"
"humayra","f","en"
"humberto","m","en"
"humna","f","en"
"humza","m","en"
"humzah","m","en"
"hunner","m","en"
"hunt","m","en"
"hunter","m","en"
"huntington","m","en"
"huntlee","f","en"
"huntleigh","f","en"
"huntley","f","en"
"hurain","f","en"
"hurley","m","en"
"husain","m","en"
"husam","m","en"
"husayn","m","en"
"husna","f","en"
"hussain","m","en"
"hussam","m","en"
"hussein","m","en"
"huston","m","en"
"hutch","m","en"
"hutcheson","m","en"
"hutchinson","m","en"
"hutchison","m","en"
"hutson","m","en"
"hutton","f","en"
"hux","m","en"
"huxen","m","en"
"huxlee","f","en"
"huxleigh","f","en"
"huxley","f","en"
"huxon","m","en"
"huxson","m","en"
"huxton","m","en"
"huxtyn","m","en"
"huy","m","en"
"huzaifa","m","en"
"huzaifah","m","en"
"hyacinth","f","en"
"hyatt","m","en"
"hyde","m","en"
"hyder","m","en"
"hyla","f","en"
"hyland","f","en"
"hylia","f","en"
"hypatia","f","en"
"hyrum","m","en"
"ia","f","en"
"iago","m","en"
"iain","m","en"
"iam","m","en"
"ian","m","en"
"iana","f","en"
"iann","m","en"
"ianna","f","en"
"iara","f","en"
"ibaad","m","en"
"ibadat","f","en"
"ibbie","f","en"
"ibn","m","en"
"ibraheem","m","en"
"ibrahim","m","en"
"ibrahima","m","en"
"ibrohim","m","en"
"ibtisam","f","en"
"ibukunoluwa","f","en"
"icarus","m","en"
"ice","m","en"
"icela","f","en"
"iceland","f","en"
"icelyn","f","en"
"icelynn","f","en"
"ichigo","m","en"
"ichiro","m","en"
"icon","m","en"
"ida","f","en"
"idahlia","f","en"
"idali","f","en"
"idalia","f","en"
"idaliah","f","en"
"idalie","f","en"
"idalis","f","en"
"idaly","f","en"
"idalynn","f","en"
"idamae","f","en"
"idan","m","en"
"idania","f","en"
"idara","f","en"
"idella","f","en"
"iden","f","en"
"idhika","f","en"
"idiatou","f","en"
"idil","f","en"
"idrees","m","en"
"idris","f","en"
"idriss","m","en"
"idrissa","m","en"
"idy","f","en"
"iesha","f","en"
"ifeanyi","m","en"
"ifeanyichukwu","m","en"
"ifedayo","m","en"
"ifeoluwa","f","en"
"ifeoma","f","en"
"ifora","f","en"
"ifra","f","en"
"ifrah","f","en"
"ifunanya","f","en"
"ifza","f","en"
"iganze","m","en"
"iggy","m","en"
"ignacia","f","en"
"ignacio","m","en"
"ignatius","m","en"
"ignazio","m","en"
"igor","m","en"
"ihaan","m","en"
"ihan","m","en"
"ihana","f","en"
"ihsaan","m","en"
"ihsan","f","en"
"ikaia","m","en"
"ikaika","m","en"
"ikal","m","en"
"ike","m","en"
"ikechukwu","m","en"
"ikenna","m","en"
"ikeoluwa","f","en"
"iker","m","en"
"ikey","m","en"
"ikhlas","f","en"
"iknoor","f","en"
"ikram","f","en"
"ikran","f","en"
"iktan","m","en"
"ila","f","en"
"ilah","f","en"
"ilai","m","en"
"ilaisaane","f","en"
"ilan","m","en"
"ilana","f","en"
"ilani","f","en"
"ilanie","f","en"
"ilany","f","en"
"ilaria","f","en"
"ilario","m","en"
"ilay","m","en"
"ilayah","f","en"
"ilayda","f","en"
"ilda","f","en"
"ilea","f","en"
"ileana","f","en"
"ileanna","f","en"
"ilee","f","en"
"ileigh","f","en"
"ilena","f","en"
"ilene","f","en"
"ilerioluwa","f","en"
"iley","f","en"
"ilham","f","en"
"ilhan","f","en"
"ilia","f","en"
"ilian","m","en"
"iliana","f","en"
"iliani","f","en"
"ilianna","f","en"
"iliany","f","en"
"ilias","m","en"
"ilija","m","en"
"ilijah","m","en"
"ilina","f","en"
"iliya","f","en"
"iliyah","f","en"
"iliyana","f","en"
"iliza","f","en"
"illa","f","en"
"illari","f","en"
"illia","f","en"
"illiana","f","en"
"illianna","f","en"
"illias","m","en"
"illiyana","f","en"
"illyana","f","en"
"illyanna","f","en"
"illyria","f","en"
"ilma","f","en"
"ilona","f","en"
"ilsa","f","en"
"ilse","f","en"
"iluminada","f","en"
"ilwaad","f","en"
"ily","f","en"
"ilya","f","en"
"ilyaas","m","en"
"ilyah","f","en"
"ilyan","m","en"
"ilyana","f","en"
"ilyanna","f","en"
"ilyas","m","en"
"ilyes","m","en"
"ilynn","f","en"
"ilyse","f","en"
"imaad","m","en"
"imaan","f","en"
"imaani","f","en"
"imad","m","en"
"imade","f","en"
"imagine","f","en"
"iman","f","en"
"imana","f","en"
"imane","f","en"
"imani","f","en"
"imanii","f","en"
"imanol","m","en"
"imanuel","m","en"
"imar","m","en"
"imara","f","en"
"imari","f","en"
"imaya","f","en"
"imelda","f","en"
"imer","m","en"
"imina","f","en"
"imir","m","en"
"immaculata","f","en"
"immanuel","m","en"
"imogen","f","en"
"imogene","f","en"
"imon","m","en"
"imona","f","en"
"imoni","f","en"
"imraan","m","en"
"imran","m","en"
"imre","m","en"
"imri","m","en"
"imrie","f","en"
"imron","m","en"
"imunique","f","en"
"ina","f","en"
"inaara","f","en"
"inaaya","f","en"
"inaayah","f","en"
"inaki","m","en"
"inanna","f","en"
"inara","f","en"
"inarah","f","en"
"inari","f","en"
"inas","f","en"
"inaya","f","en"
"inayah","f","en"
"inayat","f","en"
"inayra","f","en"
"inba","m","en"
"indee","f","en"
"indi","f","en"
"india","f","en"
"indiana","f","en"
"indianna","f","en"
"indica","f","en"
"indie","f","en"
"indigo","f","en"
"indio","m","en"
"indira","f","en"
"indiya","f","en"
"indiyah","f","en"
"indra","f","en"
"indy","f","en"
"indya","f","en"
"indyah","f","en"
"ineisha","f","en"
"ines","f","en"
"inesa","f","en"
"inessa","f","en"
"inez","f","en"
"ineza","f","en"
"infant","f","en"
"infantgirl","f","en"
"infantmale","m","en"
"infinite","m","en"
"infiniti","f","en"
"infinity","f","en"
"inga","f","en"
"ingrid","f","en"
"inigo","m","en"
"iniko","m","en"
"inioluwa","f","en"
"iniya","f","en"
"inmer","m","en"
"inna","f","en"
"innocent","m","en"
"ino","f","en"
"inola","f","en"
"insha","f","en"
"inshirah","f","en"
"insiya","f","en"
"insley","f","en"
"inti","m","en"
"intisar","f","en"
"io","f","en"
"ioan","m","en"
"ioane","m","en"
"ioannis","m","en"
"iola","f","en"
"iolana","f","en"
"ion","m","en"
"iona","f","en"
"ione","f","en"
"ionna","f","en"
"iosif","m","en"
"iosua","m","en"
"iqlas","f","en"
"iqra","f","en"
"ira","f","en"
"iraa","f","en"
"irad","m","en"
"irah","f","en"
"irais","f","en"
"iraj","m","en"
"iram","m","en"
"iran","m","en"
"irany","f","en"
"iraya","f","en"
"ireland","f","en"
"irelia","f","en"
"irelyn","f","en"
"irelynn","f","en"
"irem","f","en"
"iremide","f","en"
"irena","f","en"
"irene","f","en"
"ireoluwa","f","en"
"iretomiwa","m","en"
"irfan","m","en"
"irha","f","en"
"irham","m","en"
"iriana","f","en"
"iridessa","f","en"
"irie","f","en"
"iriee","f","en"
"irielle","f","en"
"irina","f","en"
"iris","f","en"
"irish","f","en"
"irlan","m","en"
"irlanda","f","en"
"irma","f","en"
"iroh","m","en"
"iroha","f","en"
"irtaza","m","en"
"irvin","m","en"
"irving","m","en"
"irwin","m","en"
"iryna","f","en"
"irys","f","en"
"irza","f","en"
"isa","f","en"
"isaac","m","en"
"isaak","m","en"
"isabeau","f","en"
"isabel","f","en"
"isabela","f","en"
"isabele","f","en"
"isabell","f","en"
"isabella","f","en"
"isabelle","f","en"
"isabelly","f","en"
"isac","m","en"
"isacc","m","en"
"isadora","f","en"
"isadore","m","en"
"isael","m","en"
"isai","m","en"
"isaia","m","en"
"isaiah","m","en"
"isaias","m","en"
"isaid","m","en"
"isaih","m","en"
"isair","m","en"
"isaiyah","m","en"
"isak","m","en"
"isalia","f","en"
"isamar","f","en"
"isamara","f","en"
"isamari","f","en"
"isamu","m","en"
"isan","m","en"
"isandro","m","en"
"isata","f","en"
"isatou","f","en"
"isaul","m","en"
"isaura","f","en"
"isayah","m","en"
"isbella","f","en"
"isel","f","en"
"isela","f","en"
"isella","f","en"
"iselynn","f","en"
"isha","f","en"
"ishaan","m","en"
"ishaani","f","en"
"ishaanreddy","m","en"
"ishaaq","m","en"
"ishak","m","en"
"ishan","m","en"
"ishana","f","en"
"ishani","f","en"
"ishank","m","en"
"ishanvi","f","en"
"ishaq","m","en"
"ishara","f","en"
"ishareddy","f","en"
"ishi","f","en"
"ishika","f","en"
"ishimwe","f","en"
"ishir","m","en"
"ishira","f","en"
"ishita","f","en"
"ishitha","f","en"
"ishmael","m","en"
"ishvi","f","en"
"isia","f","en"
"isiah","m","en"
"isidor","m","en"
"isidora","f","en"
"isidore","m","en"
"isidoro","m","en"
"isidro","m","en"
"isioma","f","en"
"isis","f","en"
"iskander","m","en"
"iskra","f","en"
"isla","f","en"
"islah","f","en"
"islam","m","en"
"islamae","f","en"
"island","f","en"
"islarose","f","en"
"islay","f","en"
"isley","f","en"
"islo","m","en"
"islyn","f","en"
"islynn","f","en"
"isma","f","en"
"ismaeel","m","en"
"ismael","m","en"
"ismah","f","en"
"ismail","m","en"
"ismaila","m","en"
"ismari","f","en"
"ismoil","m","en"
"isobel","f","en"
"isolde","f","en"
"isom","m","en"
"isra","f","en"
"israa","f","en"
"israel","f","en"
"israela","f","en"
"israella","f","en"
"israelle","f","en"
"israfil","m","en"
"israr","m","en"
"isreal","m","en"
"issa","f","en"
"issabel","f","en"
"issabella","f","en"
"issac","m","en"
"issachar","m","en"
"issael","m","en"
"issaiah","m","en"
"issam","m","en"
"issiah","m","en"
"isys","f","en"
"isyss","f","en"
"ita","f","en"
"itachi","m","en"
"itai","m","en"
"italee","f","en"
"italei","f","en"
"itali","f","en"
"italia","f","en"
"italo","m","en"
"italy","f","en"
"itan","m","en"
"itati","f","en"
"itay","m","en"
"itayetzi","f","en"
"ithan","m","en"
"ithiel","m","en"
"itiel","m","en"
"itotiani","f","en"
"itxel","f","en"
"itza","f","en"
"itzabella","f","en"
"itzae","f","en"
"itzael","m","en"
"itzamar","f","en"
"itzamara","f","en"
"itzan","m","en"
"itzayana","f","en"
"itzayanna","f","en"
"itzel","f","en"
"itzell","f","en"
"itzely","f","en"
"itzia","f","en"
"iva","f","en"
"ivaan","m","en"
"ivaansh","m","en"
"ivadell","f","en"
"ivah","f","en"
"ivalee","f","en"
"ivalynn","f","en"
"ivan","m","en"
"ivana","f","en"
"ivani","f","en"
"ivania","f","en"
"ivanka","f","en"
"ivann","m","en"
"ivanna","f","en"
"ivannah","f","en"
"ivanni","f","en"
"ivar","m","en"
"ivara","f","en"
"ivarr","m","en"
"ivee","f","en"
"iveigh","f","en"
"ivelisse","f","en"
"iven","m","en"
"iver","f","en"
"iverly","f","en"
"iverson","f","en"
"iversyn","f","en"
"ivery","f","en"
"ives","m","en"
"ivet","f","en"
"iveth","f","en"
"ivett","f","en"
"ivette","f","en"
"ivey","f","en"
"ivi","f","en"
"iviana","f","en"
"ivianna","f","en"
"ivie","f","en"
"ivin","m","en"
"iviona","f","en"
"ivionna","f","en"
"ivo","m","en"
"ivon","m","en"
"ivonne","f","en"
"ivor","m","en"
"ivoree","f","en"
"ivori","f","en"
"ivorie","f","en"
"ivory","f","en"
"ivry","f","en"
"ivvy","f","en"
"ivy","f","en"
"ivyana","f","en"
"ivyanna","f","en"
"ivylee","f","en"
"ivylynn","f","en"
"ivymae","f","en"
"ivymarie","f","en"
"ivyona","f","en"
"ivyonna","f","en"
"ivyrose","f","en"
"ixchel","f","en"
"iya","f","en"
"iyaad","m","en"
"iyaan","m","en"
"iyad","m","en"
"iyah","f","en"
"iyal","f","en"
"iyali","f","en"
"iyan","m","en"
"iyana","f","en"
"iyanah","f","en"
"iyani","f","en"
"iyanna","f","en"
"iyanni","f","en"
"iyanu","m","en"
"iyanuoluwa","f","en"
"iyari","f","en"
"iyla","f","en"
"iylah","f","en"
"iyland","f","en"
"iylani","f","en"
"iylee","f","en"
"iymona","f","en"
"iyona","f","en"
"iyoni","f","en"
"iyonna","f","en"
"iyra","f","en"
"iyris","f","en"
"iysis","f","en"
"iza","f","en"
"izaac","m","en"
"izaak","m","en"
"izaan","m","en"
"izabel","f","en"
"izabela","f","en"
"izabell","f","en"
"izabella","f","en"
"izabellah","f","en"
"izabelle","f","en"
"izac","m","en"
"izadora","f","en"
"izael","m","en"
"izaiah","m","en"
"izaias","m","en"
"izaiyah","m","en"
"izak","m","en"
"izalea","f","en"
"izalia","f","en"
"izamar","f","en"
"izan","m","en"
"izar","m","en"
"izara","f","en"
"izarayla","f","en"
"izari","f","en"
"izariah","f","en"
"izariya","f","en"
"izariyah","f","en"
"izarra","f","en"
"izaya","m","en"
"izayah","m","en"
"izayana","f","en"
"izayus","m","en"
"izeah","m","en"
"izek","m","en"
"izekiel","m","en"
"izel","f","en"
"izela","f","en"
"izella","f","en"
"izen","m","en"
"izhaan","m","en"
"izhan","m","en"
"iziah","m","en"
"izik","m","en"
"izir","m","en"
"izla","f","en"
"izmael","m","en"
"izna","f","en"
"izora","f","en"
"izra","f","en"
"izrael","f","en"
"izreal","m","en"
"izriel","m","en"
"izumi","f","en"
"izyaan","m","en"
"izyais","m","en"
"izyan","m","en"
"izza","f","en"
"izzabella","f","en"
"izzabelle","f","en"
"izzah","f","en"
"izzi","f","en"
"izzie","f","en"
"izzy","f","en"
"ja","m","en"
"jaafar","m","en"
"jaaire","m","en"
"jaaliyah","f","en"
"jaanvi","f","en"
"jaasiel","m","en"
"jaaziel","m","en"
"jabal","m","en"
"jabali","m","en"
"jabar","m","en"
"jabare","m","en"
"jabari","m","en"
"jabarri","m","en"
"jabbar","m","en"
"jaber","m","en"
"jabes","m","en"
"jabez","m","en"
"jabir","m","en"
"jabraylen","m","en"
"jabraylon","m","en"
"jabri","m","en"
"jabria","f","en"
"jabriel","m","en"
"jabril","m","en"
"jac","m","en"
"jacaerys","m","en"
"jacai","m","en"
"jacalyn","f","en"
"jacari","f","en"
"jacarii","m","en"
"jacarri","m","en"
"jace","m","en"
"jacee","f","en"
"jaceion","m","en"
"jacek","m","en"
"jacelyn","f","en"
"jacelynn","f","en"
"jacen","m","en"
"jaceon","m","en"
"jacere","m","en"
"jacey","f","en"
"jaceyon","m","en"
"jachai","m","en"
"jachin","m","en"
"jaci","f","en"
"jacie","f","en"
"jaciel","m","en"
"jacieon","m","en"
"jacier","m","en"
"jaciere","m","en"
"jacinda","f","en"
"jacinta","f","en"
"jacinto","m","en"
"jacion","m","en"
"jack","m","en"
"jackelin","f","en"
"jackeline","f","en"
"jackelyn","f","en"
"jackie","f","en"
"jacklyn","f","en"
"jacklynn","f","en"
"jackman","m","en"
"jacksen","m","en"
"jackson","m","en"
"jackston","m","en"
"jacksyn","m","en"
"jacky","f","en"
"jaclyn","f","en"
"jaclynn","f","en"
"jacob","m","en"
"jacoba","f","en"
"jacobe","m","en"
"jacobi","m","en"
"jacobie","m","en"
"jacobo","m","en"
"jacoby","m","en"
"jacolbi","m","en"
"jacolby","m","en"
"jacorey","m","en"
"jacori","m","en"
"jacorian","m","en"
"jacory","m","en"
"jacque","m","en"
"jacquees","m","en"
"jacquelin","f","en"
"jacqueline","f","en"
"jacquelyn","f","en"
"jacquelynn","f","en"
"jacques","m","en"
"jacquez","m","en"
"jacy","f","en"
"jacyn","m","en"
"jad","m","en"
"jada","f","en"
"jadah","f","en"
"jadalyn","f","en"
"jadalynn","f","en"
"jadan","m","en"
"jadarius","m","en"
"jadarrius","m","en"
"jadaya","f","en"
"jadayah","f","en"
"jade","f","en"
"jadelyn","f","en"
"jadelynn","f","en"
"jaden","f","en"
"jader","m","en"
"jadesola","f","en"
"jadie","f","en"
"jadiel","m","en"
"jadin","m","en"
"jadir","m","en"
"jadis","f","en"
"jadon","m","en"
"jadore","f","en"
"jadrian","m","en"
"jadriel","m","en"
"jadyn","f","en"
"jadzia","f","en"
"jae","f","en"
"jaeanna","f","en"
"jaece","m","en"
"jaeceon","m","en"
"jaeda","f","en"
"jaede","f","en"
"jaeden","m","en"
"jaedon","m","en"
"jaedyn","f","en"
"jaeger","m","en"
"jael","f","en"
"jaela","f","en"
"jaelah","f","en"
"jaelan","m","en"
"jaelani","f","en"
"jaelanii","f","en"
"jaelee","f","en"
"jaeleen","f","en"
"jaeleigh","f","en"
"jaelen","m","en"
"jaelene","f","en"
"jaeli","f","en"
"jaelie","f","en"
"jaelin","f","en"
"jaelle","f","en"
"jaely","f","en"
"jaelyn","f","en"
"jaelynn","f","en"
"jaemin","m","en"
"jaesean","m","en"
"jaeson","m","en"
"jaevion","m","en"
"jaevon","m","en"
"jafar","m","en"
"jafari","m","en"
"jafer","m","en"
"jafet","m","en"
"jafeth","m","en"
"jager","m","en"
"jaggar","m","en"
"jagger","f","en"
"jago","m","en"
"jah","m","en"
"jahaan","m","en"
"jahaira","f","en"
"jahaire","m","en"
"jahan","m","en"
"jahani","m","en"
"jahara","f","en"
"jahari","f","en"
"jaharri","m","en"
"jahaziel","m","en"
"jahbari","m","en"
"jahcari","m","en"
"jahcere","m","en"
"jahcier","m","en"
"jahdiel","m","en"
"jaheem","m","en"
"jaheim","m","en"
"jaheir","m","en"
"jahel","m","en"
"jahi","m","en"
"jahid","m","en"
"jahiel","m","en"
"jahiem","m","en"
"jahier","m","en"
"jahir","m","en"
"jahkai","m","en"
"jahkari","m","en"
"jahkarri","m","en"
"jahkeem","m","en"
"jahki","m","en"
"jahking","m","en"
"jahkor","m","en"
"jahlani","f","en"
"jahlaya","f","en"
"jahlayah","f","en"
"jahleah","f","en"
"jahleel","m","en"
"jahliah","f","en"
"jahlil","m","en"
"jahliyah","f","en"
"jahmai","m","en"
"jahmani","m","en"
"jahmar","m","en"
"jahmari","m","en"
"jahmarion","m","en"
"jahmarley","m","en"
"jahmeer","m","en"
"jahmeir","m","en"
"jahmel","m","en"
"jahmere","m","en"
"jahmiel","m","en"
"jahmier","m","en"
"jahmir","m","en"
"jahmira","f","en"
"jahmire","m","en"
"jahmyr","m","en"
"jahn","m","en"
"jahna","f","en"
"jahnae","f","en"
"jahnavi","f","en"
"jahni","f","en"
"jahniya","f","en"
"jahniyah","f","en"
"jahnova","f","en"
"jahnvi","f","en"
"jahnyla","f","en"
"jahri","m","en"
"jahsai","m","en"
"jahsan","m","en"
"jahseh","m","en"
"jahsei","m","en"
"jahsen","m","en"
"jahsiah","m","en"
"jahsiel","m","en"
"jahsier","m","en"
"jahsir","m","en"
"jahsire","m","en"
"jahsiyah","m","en"
"jahson","m","en"
"jahvier","m","en"
"jahvon","m","en"
"jahzara","f","en"
"jahzaria","f","en"
"jahzeel","m","en"
"jahziah","m","en"
"jahziel","m","en"
"jahzier","m","en"
"jahzir","m","en"
"jahziyah","f","en"
"jai","f","en"
"jaia","f","en"
"jaiah","f","en"
"jaiana","f","en"
"jaiani","f","en"
"jaianna","f","en"
"jaice","m","en"
"jaicee","f","en"
"jaiceion","m","en"
"jaiceon","m","en"
"jaida","f","en"
"jaidah","f","en"
"jaidan","m","en"
"jaide","f","en"
"jaiden","f","en"
"jaidence","f","en"
"jaidev","m","en"
"jaidon","m","en"
"jaidy","f","en"
"jaidyn","f","en"
"jaidynn","m","en"
"jaiel","m","en"
"jaielle","f","en"
"jaier","m","en"
"jaila","f","en"
"jailah","f","en"
"jailahni","f","en"
"jailani","f","en"
"jailany","f","en"
"jaileah","f","en"
"jailee","f","en"
"jaileen","f","en"
"jaileigh","f","en"
"jailen","m","en"
"jailene","f","en"
"jailenne","f","en"
"jailey","f","en"
"jailin","f","en"
"jailoni","f","en"
"jaily","f","en"
"jailyn","f","en"
"jailyne","f","en"
"jailynn","f","en"
"jaime","f","en"
"jaimee","f","en"
"jaimeer","m","en"
"jaimeir","m","en"
"jaimen","m","en"
"jaimeson","m","en"
"jaimie","f","en"
"jaimir","m","en"
"jaina","f","en"
"jaion","m","en"
"jaioni","f","en"
"jaionna","f","en"
"jaionni","f","en"
"jaior","f","en"
"jair","m","en"
"jaira","f","en"
"jairah","f","en"
"jaire","m","en"
"jairen","m","en"
"jairo","m","en"
"jairon","m","en"
"jairus","m","en"
"jais","m","en"
"jaise","m","en"
"jaisen","m","en"
"jaishaun","m","en"
"jaishon","m","en"
"jaisiah","m","en"
"jaisley","f","en"
"jaison","m","en"
"jaisy","f","en"
"jaiveer","m","en"
"jaiven","m","en"
"jaivin","m","en"
"jaivion","m","en"
"jaivon","m","en"
"jaivyn","m","en"
"jaiya","f","en"
"jaiyah","f","en"
"jaiyana","f","en"
"jaiyce","m","en"
"jaiyori","f","en"
"jaizen","m","en"
"jajuan","m","en"
"jak","m","en"
"jakaden","m","en"
"jakai","m","en"
"jakaiden","m","en"
"jakail","m","en"
"jakaiya","f","en"
"jakaiyah","f","en"
"jakalyn","f","en"
"jakara","f","en"
"jakari","f","en"
"jakarie","m","en"
"jakarii","m","en"
"jakarri","m","en"
"jakauri","m","en"
"jakavion","m","en"
"jakayden","m","en"
"jakayla","f","en"
"jakaylah","f","en"
"jake","m","en"
"jakeem","m","en"
"jakenzie","f","en"
"jakhai","m","en"
"jakhari","m","en"
"jakhi","m","en"
"jaki","m","en"
"jakiah","f","en"
"jakin","m","en"
"jaking","m","en"
"jakira","f","en"
"jakiya","f","en"
"jakiyah","f","en"
"jakoa","m","en"
"jakob","m","en"
"jakobe","m","en"
"jakobi","m","en"
"jakobie","m","en"
"jakoby","m","en"
"jakoda","m","en"
"jakolby","m","en"
"jakori","m","en"
"jakory","m","en"
"jakota","m","en"
"jakov","m","en"
"jaksh","m","en"
"jakson","m","en"
"jakub","m","en"
"jakya","f","en"
"jakye","m","en"
"jakyiah","f","en"
"jakyla","f","en"
"jakylah","f","en"
"jakylan","m","en"
"jakylin","m","en"
"jakyra","f","en"
"jakyree","m","en"
"jakyri","m","en"
"jakyrie","m","en"
"jakyrin","m","en"
"jala","f","en"
"jalahni","f","en"
"jalai","f","en"
"jalaia","f","en"
"jalaiah","f","en"
"jalaiya","f","en"
"jalaiyah","f","en"
"jalal","m","en"
"jalana","f","en"
"jalani","f","en"
"jalanie","f","en"
"jalanii","f","en"
"jalanni","f","en"
"jalaya","f","en"
"jalayah","f","en"
"jalayiah","f","en"
"jalayla","f","en"
"jalayna","f","en"
"jalaysia","f","en"
"jalea","f","en"
"jaleah","f","en"
"jalee","f","en"
"jaleek","m","en"
"jaleel","m","en"
"jaleesa","f","en"
"jaleia","f","en"
"jaleiah","f","en"
"jaleigh","f","en"
"jaleigha","f","en"
"jalen","f","en"
"jalena","f","en"
"jalex","m","en"
"jaley","f","en"
"jaleya","f","en"
"jaleyah","f","en"
"jalia","f","en"
"jaliah","f","en"
"jaliana","f","en"
"jalicia","f","en"
"jalil","m","en"
"jalila","f","en"
"jalilah","f","en"
"jalin","m","en"
"jalina","f","en"
"jalisa","f","en"
"jalise","f","en"
"jalissa","f","en"
"jaliya","f","en"
"jaliyah","f","en"
"jalon","m","en"
"jaloni","f","en"
"jalonie","f","en"
"jalonii","f","en"
"jalonni","f","en"
"jalyah","f","en"
"jalyiah","f","en"
"jalylah","f","en"
"jalyn","f","en"
"jalynn","f","en"
"jalynne","f","en"
"jalyric","f","en"
"jalyssa","f","en"
"jamaal","m","en"
"jamaar","m","en"
"jamai","m","en"
"jamaica","f","en"
"jamaine","m","en"
"jamair","m","en"
"jamaiyah","f","en"
"jamal","m","en"
"jamall","m","en"
"jamani","f","en"
"jamar","m","en"
"jamara","f","en"
"jamarcus","m","en"
"jamaree","m","en"
"jamari","f","en"
"jamaria","f","en"
"jamariah","f","en"
"jamarian","m","en"
"jamarie","f","en"
"jamarii","m","en"
"jamario","m","en"
"jamarion","m","en"
"jamarious","m","en"
"jamarius","m","en"
"jamarkus","m","en"
"jamarr","m","en"
"jamarri","m","en"
"jamauri","m","en"
"jamaya","f","en"
"jamayah","f","en"
"jamazi","m","en"
"jameah","f","en"
"jameel","m","en"
"jameela","f","en"
"jameelah","f","en"
"jameer","m","en"
"jameila","f","en"
"jameir","m","en"
"jameison","m","en"
"jamel","m","en"
"jamela","f","en"
"jamelia","f","en"
"jamell","m","en"
"jamenson","m","en"
"jamera","f","en"
"jamere","m","en"
"jameria","f","en"
"jamerson","m","en"
"james","m","en"
"jamesley","m","en"
"jameson","m","en"
"jamesyn","f","en"
"jamey","f","en"
"jamez","m","en"
"jami","f","en"
"jamia","f","en"
"jamiah","f","en"
"jamian","m","en"
"jamias","m","en"
"jamicah","m","en"
"jamichael","m","en"
"jamie","f","en"
"jamiel","m","en"
"jamien","m","en"
"jamier","m","en"
"jamiere","m","en"
"jamieson","m","en"
"jamil","m","en"
"jamila","f","en"
"jamilah","f","en"
"jamilet","f","en"
"jamileth","f","en"
"jamilia","f","en"
"jamilla","f","en"
"jamillah","f","en"
"jamilya","f","en"
"jamin","m","en"
"jamir","m","en"
"jamira","f","en"
"jamiracle","f","en"
"jamirah","f","en"
"jamire","m","en"
"jamiri","f","en"
"jamirr","m","en"
"jamison","f","en"
"jamiya","f","en"
"jamiyah","f","en"
"jamon","m","en"
"jamoni","f","en"
"jamonte","m","en"
"jamora","f","en"
"jamori","m","en"
"jamoura","f","en"
"jamya","f","en"
"jamyah","f","en"
"jamyla","f","en"
"jamylah","f","en"
"jamyra","f","en"
"jamyrah","f","en"
"jamyson","m","en"
"jan","m","en"
"jana","f","en"
"janae","f","en"
"janah","f","en"
"janai","f","en"
"janaia","f","en"
"janaiya","f","en"
"janaiyah","f","en"
"janaki","f","en"
"janan","f","en"
"janani","f","en"
"janari","f","en"
"janasia","f","en"
"janat","f","en"
"janay","f","en"
"janaya","f","en"
"janayah","f","en"
"janayla","f","en"
"jancarlo","m","en"
"jancarlos","m","en"
"jandriel","m","en"
"jane","f","en"
"janea","f","en"
"janeah","f","en"
"janel","f","en"
"janeli","f","en"
"janelis","f","en"
"janell","f","en"
"janella","f","en"
"janelle","f","en"
"janelli","f","en"
"janellie","f","en"
"janelly","f","en"
"janely","f","en"
"janessa","f","en"
"janet","f","en"
"janeth","f","en"
"janette","f","en"
"janetzy","f","en"
"janeva","f","en"
"janey","f","en"
"janeya","f","en"
"jangelo","m","en"
"janhvi","f","en"
"jania","f","en"
"janiah","f","en"
"janice","f","en"
"janie","f","en"
"janiece","f","en"
"janiel","m","en"
"janielle","f","en"
"janielys","f","en"
"janier","m","en"
"janilah","f","en"
"janina","f","en"
"janine","f","en"
"janique","f","en"
"janira","f","en"
"janis","f","en"
"janise","f","en"
"janissa","f","en"
"janita","f","en"
"janiya","f","en"
"janiyah","f","en"
"janiyla","f","en"
"janiylah","f","en"
"janki","f","en"
"janna","f","en"
"jannah","f","en"
"jannat","f","en"
"jannatul","f","en"
"jannelle","f","en"
"jannely","f","en"
"janneth","f","en"
"janney","f","en"
"janny","f","en"
"janoah","m","en"
"janora","f","en"
"janova","f","en"
"janovah","f","en"
"jansel","m","en"
"jansen","m","en"
"janson","m","en"
"january","f","en"
"januel","m","en"
"janvi","f","en"
"janya","f","en"
"janyah","f","en"
"janyia","f","en"
"janyiah","f","en"
"janyla","f","en"
"janylah","f","en"
"janziel","m","en"
"jaoni","f","en"
"japhet","m","en"
"japheth","m","en"
"japji","f","en"
"japnaaz","f","en"
"jaquan","m","en"
"jaquarius","m","en"
"jaquavion","m","en"
"jaquavious","m","en"
"jaquavis","m","en"
"jaquel","m","en"
"jaquelin","f","en"
"jaqueline","f","en"
"jaquelyn","f","en"
"jaquez","m","en"
"jaquin","m","en"
"jaquon","m","en"
"jaqwan","m","en"
"jara","f","en"
"jarad","m","en"
"jarah","f","en"
"jaraiya","f","en"
"jardani","m","en"
"jared","m","en"
"jareem","m","en"
"jarek","m","en"
"jarel","m","en"
"jarell","m","en"
"jarely","f","en"
"jarelyn","f","en"
"jaren","m","en"
"jaret","m","en"
"jareth","m","en"
"jaretsi","f","en"
"jaretssi","f","en"
"jaretssy","f","en"
"jarett","m","en"
"jaretzi","f","en"
"jaretzy","f","en"
"jari","f","en"
"jariah","f","en"
"jariel","m","en"
"jarielys","f","en"
"jarin","m","en"
"jaritza","f","en"
"jaritzy","f","en"
"jarius","m","en"
"jariya","f","en"
"jariyah","f","en"
"jarod","m","en"
"jaron","m","en"
"jarred","m","en"
"jarrel","m","en"
"jarrell","m","en"
"jarren","m","en"
"jarret","m","en"
"jarrett","m","en"
"jarrod","m","en"
"jarvin","m","en"
"jarvis","m","en"
"jaryah","f","en"
"jaryiah","f","en"
"jasaad","m","en"
"jasahn","m","en"
"jasai","m","en"
"jasaiah","m","en"
"jasani","f","en"
"jasaun","m","en"
"jase","m","en"
"jasean","m","en"
"jaseem","m","en"
"jaseh","m","en"
"jaseir","m","en"
"jaselle","f","en"
"jaselyn","f","en"
"jasen","m","en"
"jaser","m","en"
"jasere","m","en"
"jasey","f","en"
"jash","m","en"
"jashan","m","en"
"jashaun","m","en"
"jashawn","m","en"
"jasher","m","en"
"jashly","f","en"
"jashon","m","en"
"jashua","m","en"
"jashvi","f","en"
"jasi","m","en"
"jasia","f","en"
"jasiah","f","en"
"jasias","m","en"
"jasibe","f","en"
"jasie","f","en"
"jasiel","m","en"
"jasier","m","en"
"jasim","m","en"
"jasin","m","en"
"jasir","m","en"
"jasira","f","en"
"jasire","m","en"
"jasiri","f","en"
"jasiyah","f","en"
"jasleen","f","en"
"jaslene","f","en"
"jaslin","f","en"
"jasline","f","en"
"jaslyn","f","en"
"jaslynn","f","en"
"jasmin","f","en"
"jasmina","f","en"
"jasmine","f","en"
"jasmyn","f","en"
"jasmyne","f","en"
"jasnoor","f","en"
"jason","m","en"
"jasoni","f","en"
"jaspen","f","en"
"jasper","f","en"
"jasraj","m","en"
"jasreet","f","en"
"jassar","m","en"
"jassiah","m","en"
"jassiel","m","en"
"jassim","m","en"
"jasslyn","f","en"
"jasson","m","en"
"jastin","m","en"
"jasur","m","en"
"jatavia","f","en"
"jatavious","m","en"
"jathan","m","en"
"jathniel","m","en"
"jatin","m","en"
"jatniel","m","en"
"jatziri","f","en"
"jatziry","f","en"
"javaeh","f","en"
"javan","m","en"
"javani","m","en"
"javanni","m","en"
"javante","m","en"
"javar","m","en"
"javari","m","en"
"javarion","m","en"
"javaris","m","en"
"javarius","m","en"
"javaughn","m","en"
"javaun","m","en"
"javaya","f","en"
"javayah","f","en"
"javeah","f","en"
"javed","m","en"
"javell","m","en"
"javen","m","en"
"javeon","m","en"
"javeria","f","en"
"javeya","f","en"
"javeyah","f","en"
"javi","m","en"
"javiah","f","en"
"javian","m","en"
"javid","m","en"
"javiel","m","en"
"javien","m","en"
"javier","f","en"
"javin","m","en"
"javion","m","en"
"javon","m","en"
"javone","m","en"
"javoni","f","en"
"javonni","f","en"
"javonnie","m","en"
"javontae","m","en"
"javontay","m","en"
"javonte","m","en"
"javy","m","en"
"jawad","m","en"
"jawan","m","en"
"jawon","m","en"
"jawuan","m","en"
"jax","f","en"
"jaxcen","m","en"
"jaxel","m","en"
"jaxen","m","en"
"jaxie","f","en"
"jaxiel","m","en"
"jaxin","m","en"
"jaxn","m","en"
"jaxon","m","en"
"jaxsen","m","en"
"jaxsin","m","en"
"jaxson","m","en"
"jaxsten","m","en"
"jaxston","m","en"
"jaxstyn","m","en"
"jaxsun","m","en"
"jaxsyn","m","en"
"jaxten","m","en"
"jaxtin","m","en"
"jaxton","m","en"
"jaxtyn","m","en"
"jaxx","f","en"
"jaxxen","m","en"
"jaxxon","m","en"
"jaxxson","m","en"
"jaxxton","m","en"
"jaxxyn","m","en"
"jaxyn","f","en"
"jaxziel","m","en"
"jay","f","en"
"jaya","f","en"
"jayah","f","en"
"jayair","m","en"
"jayan","m","en"
"jayana","f","en"
"jayani","f","en"
"jayanna","f","en"
"jayanth","m","en"
"jayce","f","en"
"jaycee","f","en"
"jayceion","m","en"
"jaycen","m","en"
"jayceon","m","en"
"jayci","f","en"
"jaycie","f","en"
"jaycion","m","en"
"jayco","m","en"
"jaycob","m","en"
"jayda","f","en"
"jaydah","f","en"
"jaydan","m","en"
"jayde","f","en"
"jaydee","f","en"
"jaydeen","m","en"
"jaydelin","f","en"
"jayden","m","en"
"jaydence","m","en"
"jaydenn","m","en"
"jaydens","m","en"
"jaydeon","m","en"
"jayder","m","en"
"jaydin","m","en"
"jaydis","m","en"
"jaydn","m","en"
"jaydon","m","en"
"jaydrian","m","en"
"jaydyn","m","en"
"jaye","f","en"
"jayelle","f","en"
"jayen","m","en"
"jayjay","m","en"
"jayke","m","en"
"jayko","m","en"
"jaykob","m","en"
"jaykon","m","en"
"jayla","f","en"
"jaylah","f","en"
"jaylan","m","en"
"jaylana","f","en"
"jaylanee","f","en"
"jaylani","f","en"
"jaylanie","f","en"
"jaylanii","f","en"
"jaylanna","f","en"
"jaylanni","f","en"
"jaylany","f","en"
"jayleah","f","en"
"jaylean","f","en"
"jaylee","f","en"
"jayleen","f","en"
"jayleene","f","en"
"jaylei","f","en"
"jayleigh","f","en"
"jaylen","f","en"
"jaylena","f","en"
"jaylene","f","en"
"jaylens","m","en"
"jayleon","m","en"
"jayler","m","en"
"jayley","f","en"
"jayli","f","en"
"jaylia","f","en"
"jayliah","f","en"
"jayliam","m","en"
"jayliana","f","en"
"jayliani","f","en"
"jaylianis","f","en"
"jaylianna","f","en"
"jaylie","f","en"
"jaylin","f","en"
"jaylina","f","en"
"jayline","f","en"
"jaylinn","f","en"
"jayliyah","f","en"
"jaylon","m","en"
"jayloni","f","en"
"jaylyn","f","en"
"jaylynn","f","en"
"jaymani","m","en"
"jaymar","m","en"
"jaymari","m","en"
"jaymarie","f","en"
"jayme","f","en"
"jaymee","f","en"
"jaymeir","m","en"
"jaymere","m","en"
"jaymes","f","en"
"jaymeson","m","en"
"jaymie","f","en"
"jaymin","m","en"
"jaymir","m","en"
"jayna","f","en"
"jayne","f","en"
"jaynee","f","en"
"jaynie","f","en"
"jayniel","m","en"
"jayon","m","en"
"jayoni","f","en"
"jayonna","f","en"
"jayonni","f","en"
"jayquan","m","en"
"jayr","m","en"
"jayren","m","en"
"jayro","m","en"
"jayron","m","en"
"jaysa","f","en"
"jayse","m","en"
"jaysean","m","en"
"jaysen","m","en"
"jayshawn","m","en"
"jayshon","m","en"
"jaysiah","m","en"
"jaysie","f","en"
"jaysion","m","en"
"jayson","m","en"
"jayston","m","en"
"jayten","m","en"
"jaythan","m","en"
"jayton","m","en"
"jayven","m","en"
"jayveon","m","en"
"jayvian","m","en"
"jayvien","m","en"
"jayvier","m","en"
"jayvin","m","en"
"jayvion","m","en"
"jayvon","m","en"
"jayvoni","m","en"
"jayvyn","m","en"
"jayze","m","en"
"jayzen","m","en"
"jayziah","m","en"
"jayziel","m","en"
"jaz","m","en"
"jaza","f","en"
"jazael","m","en"
"jazaely","f","en"
"jazai","f","en"
"jazair","m","en"
"jazaire","m","en"
"jazaiyah","f","en"
"jazalyn","f","en"
"jazalynn","f","en"
"jazara","f","en"
"jazarae","f","en"
"jazarah","f","en"
"jazari","f","en"
"jazaria","f","en"
"jazariah","f","en"
"jazarie","f","en"
"jazaya","f","en"
"jazayah","f","en"
"jaze","m","en"
"jazel","f","en"
"jazelle","f","en"
"jazhara","f","en"
"jazhiel","m","en"
"jazia","f","en"
"jaziah","f","en"
"jaziel","m","en"
"jazier","m","en"
"jazilyn","f","en"
"jazion","m","en"
"jazir","m","en"
"jazira","f","en"
"jazire","m","en"
"jaziya","f","en"
"jaziyah","f","en"
"jazleen","f","en"
"jazlene","f","en"
"jazlin","f","en"
"jazline","f","en"
"jazly","f","en"
"jazlyn","f","en"
"jazlyne","f","en"
"jazlynn","f","en"
"jazlynne","f","en"
"jazmarie","f","en"
"jazmin","f","en"
"jazmina","f","en"
"jazmine","f","en"
"jazmyn","f","en"
"jazmyne","f","en"
"jazmynn","f","en"
"jazon","m","en"
"jazper","m","en"
"jazuri","f","en"
"jazyah","f","en"
"jazyiah","f","en"
"jazyla","f","en"
"jazz","f","en"
"jazzalyn","f","en"
"jazziel","m","en"
"jazzlyn","f","en"
"jazzlynn","f","en"
"jazzmine","f","en"
"jazzy","f","en"
"jb","m","en"
"jc","m","en"
"jceon","m","en"
"jd","m","en"
"jden","m","en"
"jean","f","en"
"jeana","f","en"
"jeancarlo","m","en"
"jeancarlos","m","en"
"jeanelle","f","en"
"jeanette","f","en"
"jeanie","f","en"
"jeanine","f","en"
"jeanluc","m","en"
"jeanna","f","en"
"jeanne","f","en"
"jeannette","f","en"
"jeannie","f","en"
"jeannine","f","en"
"jeanpaul","m","en"
"jeanpierre","m","en"
"jeb","m","en"
"jebediah","m","en"
"jed","m","en"
"jedaiah","m","en"
"jedd","m","en"
"jedediah","m","en"
"jedi","m","en"
"jediah","m","en"
"jedidah","f","en"
"jedidiah","m","en"
"jedrek","m","en"
"jedrick","m","en"
"jedson","m","en"
"jeevan","m","en"
"jefe","m","en"
"jeferson","m","en"
"jeff","m","en"
"jefferson","m","en"
"jeffery","m","en"
"jeffren","m","en"
"jeffrey","m","en"
"jeffry","m","en"
"jefte","m","en"
"jehan","m","en"
"jehiel","m","en"
"jehiely","f","en"
"jehilyn","f","en"
"jehlani","f","en"
"jehoshaphat","m","en"
"jehu","m","en"
"jeicob","m","en"
"jeiden","m","en"
"jeidy","f","en"
"jeilani","f","en"
"jeilany","f","en"
"jeily","f","en"
"jeilyn","f","en"
"jeimy","f","en"
"jeiner","m","en"
"jeiren","m","en"
"jeison","m","en"
"jeizy","f","en"
"jekai","m","en"
"jekhari","m","en"
"jela","f","en"
"jelani","f","en"
"jelanie","f","en"
"jelany","f","en"
"jelen","f","en"
"jelena","f","en"
"jelilah","f","en"
"jelisa","f","en"
"jelissa","f","en"
"jem","f","en"
"jema","f","en"
"jemal","m","en"
"jemar","m","en"
"jemari","m","en"
"jemel","m","en"
"jemi","f","en"
"jemima","f","en"
"jemimah","f","en"
"jemini","f","en"
"jemma","f","en"
"jemmie","f","en"
"jemuel","m","en"
"jena","f","en"
"jenae","f","en"
"jenai","f","en"
"jenaiah","f","en"
"jenaiya","f","en"
"jenalise","f","en"
"jenan","f","en"
"jenaro","m","en"
"jenasis","f","en"
"jenasys","f","en"
"jenavie","f","en"
"jenavieve","f","en"
"jenaya","f","en"
"jenayah","f","en"
"jencarlos","m","en"
"jendriel","m","en"
"jendry","m","en"
"jenee","f","en"
"jeneen","f","en"
"jenelle","f","en"
"jenesis","f","en"
"jenessa","f","en"
"jenesys","f","en"
"jeneva","f","en"
"jenevie","f","en"
"jenevieve","f","en"
"jeni","f","en"
"jeniah","f","en"
"jenica","f","en"
"jenicka","f","en"
"jenifer","f","en"
"jenika","f","en"
"jenin","f","en"
"jenise","f","en"
"jenisha","f","en"
"jenisis","f","en"
"jeniyah","f","en"
"jenn","f","en"
"jenna","f","en"
"jennah","f","en"
"jennalyn","f","en"
"jennavie","f","en"
"jennavieve","f","en"
"jenner","m","en"
"jennesis","f","en"
"jenni","f","en"
"jennica","f","en"
"jennie","f","en"
"jennifer","f","en"
"jennings","f","en"
"jenny","f","en"
"jennyfer","f","en"
"jenora","f","en"
"jenova","f","en"
"jens","m","en"
"jensen","f","en"
"jenson","m","en"
"jensy","f","en"
"jensyn","f","en"
"jentri","f","en"
"jentry","f","en"
"jentzen","m","en"
"jenziel","m","en"
"jeo","m","en"
"jeovani","m","en"
"jeovanni","m","en"
"jeovanny","m","en"
"jeovany","m","en"
"jep","m","en"
"jeptha","m","en"
"jera","f","en"
"jerald","m","en"
"jeramiah","m","en"
"jeramy","m","en"
"jeramyah","m","en"
"jered","m","en"
"jerek","m","en"
"jerel","m","en"
"jerell","m","en"
"jerelyn","f","en"
"jeremai","m","en"
"jeremi","m","en"
"jeremia","m","en"
"jeremiah","m","en"
"jeremias","m","en"
"jeremie","m","en"
"jeremih","m","en"
"jeremiyah","m","en"
"jeremy","m","en"
"jeremyah","m","en"
"jeren","m","en"
"jereth","m","en"
"jeri","f","en"
"jeriah","f","en"
"jeric","m","en"
"jerica","f","en"
"jericho","f","en"
"jerick","m","en"
"jerico","m","en"
"jeriel","m","en"
"jerika","f","en"
"jeriko","m","en"
"jerimiah","m","en"
"jerimyah","m","en"
"jerin","m","en"
"jeriyah","f","en"
"jermaine","m","en"
"jermani","f","en"
"jermany","f","en"
"jermari","m","en"
"jermey","m","en"
"jermiah","m","en"
"jermichael","m","en"
"jermir","m","en"
"jermoni","m","en"
"jernee","f","en"
"jernie","f","en"
"jerod","m","en"
"jerome","m","en"
"jeron","m","en"
"jeronimo","m","en"
"jerrell","m","en"
"jerri","f","en"
"jerrica","f","en"
"jerrick","m","en"
"jerrod","m","en"
"jerron","m","en"
"jerry","m","en"
"jersei","f","en"
"jersey","f","en"
"jersi","f","en"
"jersie","f","en"
"jerson","m","en"
"jerusalem","f","en"
"jerusalen","f","en"
"jerusha","f","en"
"jeryl","m","en"
"jerze","m","en"
"jerzee","f","en"
"jerzey","f","en"
"jerzi","f","en"
"jerzie","f","en"
"jerzy","m","en"
"jesaaelys","f","en"
"jesai","m","en"
"jesaiah","m","en"
"jese","m","en"
"jeselle","f","en"
"jesenia","f","en"
"jeshia","f","en"
"jeshua","m","en"
"jeshurun","m","en"
"jesi","f","en"
"jesiah","f","en"
"jesiel","m","en"
"jeslie","f","en"
"jesly","f","en"
"jeslyn","f","en"
"jeslynn","f","en"
"jesper","m","en"
"jess","f","en"
"jessa","f","en"
"jessabelle","f","en"
"jessalyn","f","en"
"jessalynn","f","en"
"jessamine","f","en"
"jessamy","f","en"
"jesse","f","en"
"jessejames","m","en"
"jessenia","f","en"
"jesser","m","en"
"jessi","f","en"
"jessia","f","en"
"jessiah","f","en"
"jessica","f","en"
"jessie","f","en"
"jessika","f","en"
"jessilyn","f","en"
"jesslyn","f","en"
"jesslynn","f","en"
"jessup","m","en"
"jessy","f","en"
"jesus","f","en"
"jet","f","en"
"jeter","m","en"
"jethro","m","en"
"jetsen","m","en"
"jetson","m","en"
"jetsyn","m","en"
"jett","f","en"
"jetta","f","en"
"jette","f","en"
"jettie","f","en"
"jettsen","m","en"
"jettson","m","en"
"jettsyn","m","en"
"jetty","f","en"
"jetziel","m","en"
"jevaun","m","en"
"jevin","m","en"
"jevon","m","en"
"jevonte","m","en"
"jewel","f","en"
"jewelia","f","en"
"jewell","f","en"
"jewels","f","en"
"jewelz","f","en"
"jey","m","en"
"jeyco","m","en"
"jeycob","m","en"
"jeydan","m","en"
"jeyden","m","en"
"jeyder","m","en"
"jeyko","m","en"
"jeyla","f","en"
"jeylani","f","en"
"jeylen","f","en"
"jeyler","m","en"
"jeyli","f","en"
"jeylin","f","en"
"jeymar","m","en"
"jeymi","f","en"
"jeyren","m","en"
"jeyson","m","en"
"jeyvier","m","en"
"jezabel","f","en"
"jezebel","f","en"
"jezelle","f","en"
"jeziah","m","en"
"jeziel","m","en"
"jezlyn","f","en"
"jezreel","f","en"
"jhacari","m","en"
"jhace","m","en"
"jhade","f","en"
"jhadiel","m","en"
"jhael","m","en"
"jhai","m","en"
"jhair","m","en"
"jhakari","m","en"
"jhalani","f","en"
"jhalil","m","en"
"jhamari","m","en"
"jhamir","m","en"
"jhan","m","en"
"jhanna","f","en"
"jhanvi","f","en"
"jhara","f","en"
"jhared","m","en"
"jhari","m","en"
"jhasai","m","en"
"jhase","m","en"
"jhay","m","en"
"jhayce","m","en"
"jhayco","m","en"
"jhayden","m","en"
"jhaziel","m","en"
"jhelani","f","en"
"jhene","f","en"
"jhenesis","f","en"
"jheremy","m","en"
"jhersi","f","en"
"jherzee","f","en"
"jherzi","f","en"
"jhett","m","en"
"jhettson","m","en"
"jheyden","m","en"
"jhianna","f","en"
"jhoan","m","en"
"jhoana","f","en"
"jhoanna","f","en"
"jhoel","m","en"
"jhon","m","en"
"jhonatan","m","en"
"jhonathan","m","en"
"jhonjairo","m","en"
"jhonny","m","en"
"jhony","m","en"
"jhordy","m","en"
"jhoselyn","f","en"
"jhosep","m","en"
"jhostin","m","en"
"jhosua","m","en"
"jhourni","f","en"
"jhovanny","m","en"
"jhovany","m","en"
"jhream","f","en"
"jia","f","en"
"jiah","f","en"
"jiair","m","en"
"jiaire","m","en"
"jian","m","en"
"jiana","f","en"
"jiancarlo","m","en"
"jiani","f","en"
"jianna","f","en"
"jiannah","f","en"
"jianni","f","en"
"jiannis","m","en"
"jiarui","m","en"
"jiayi","f","en"
"jiayir","m","en"
"jibran","m","en"
"jibreel","m","en"
"jibril","m","en"
"jidenna","m","en"
"jihad","m","en"
"jihan","f","en"
"jiho","m","en"
"jill","f","en"
"jillian","f","en"
"jim","m","en"
"jimena","f","en"
"jimi","m","en"
"jimin","m","en"
"jimmie","f","en"
"jimmy","m","en"
"jin","m","en"
"jina","f","en"
"jinan","f","en"
"jind","f","en"
"jinger","f","en"
"jinora","f","en"
"jinu","m","en"
"jinx","m","en"
"jio","m","en"
"jionna","f","en"
"jionni","f","en"
"jiovani","m","en"
"jiovanni","m","en"
"jiovanny","m","en"
"jiovonni","m","en"
"jirah","f","en"
"jiraiya","f","en"
"jiraiyah","m","en"
"jireh","f","en"
"jiren","m","en"
"jireth","f","en"
"jiro","m","en"
"jiselle","f","en"
"jisha","f","en"
"jishnu","m","en"
"jisselle","f","en"
"jivan","m","en"
"jiya","f","en"
"jiyaan","m","en"
"jiyah","f","en"
"jiyan","m","en"
"jiyana","f","en"
"jiyansh","m","en"
"jizelle","f","en"
"jj","m","en"
"jjesus","m","en"
"jkai","m","en"
"jkhari","m","en"
"jlani","f","en"
"jleia","f","en"
"jleigh","f","en"
"jlexis","m","en"
"jlynn","f","en"
"jmar","m","en"
"jmari","m","en"
"jmir","m","en"
"jo","f","en"
"joa","f","en"
"joab","m","en"
"joachim","m","en"
"joah","m","en"
"joakim","m","en"
"joan","f","en"
"joana","f","en"
"joani","f","en"
"joanie","f","en"
"joann","f","en"
"joanna","f","en"
"joanne","f","en"
"joanny","f","en"
"joao","m","en"
"joaogabriel","m","en"
"joaolucas","m","en"
"joaomiguel","m","en"
"joaopedro","m","en"
"joaquim","m","en"
"joaquin","m","en"
"joas","m","en"
"joash","m","en"
"job","m","en"
"joban","m","en"
"jobe","m","en"
"joby","m","en"
"joc","m","en"
"jocabed","f","en"
"jocee","f","en"
"jocelin","f","en"
"joceline","f","en"
"jocelyn","f","en"
"jocelyne","f","en"
"jocelynn","f","en"
"jocelynne","f","en"
"jochebed","f","en"
"jocie","f","en"
"jocko","m","en"
"jodeci","f","en"
"jodee","f","en"
"jodi","f","en"
"jodie","f","en"
"jody","f","en"
"joe","m","en"
"joei","f","en"
"joel","f","en"
"joelene","f","en"
"joelis","f","en"
"joell","m","en"
"joella","f","en"
"joelle","f","en"
"joellen","f","en"
"joellie","f","en"
"joelly","f","en"
"joely","f","en"
"joelynn","f","en"
"joelys","f","en"
"joen","m","en"
"joeseph","m","en"
"joesiah","m","en"
"joesph","m","en"
"joevan","m","en"
"joey","f","en"
"joeziah","m","en"
"johan","m","en"
"johana","f","en"
"johander","m","en"
"johann","m","en"
"johanna","f","en"
"johannah","f","en"
"johannes","m","en"
"johanny","f","en"
"johany","f","en"
"johara","f","en"
"johari","f","en"
"johely","f","en"
"john","m","en"
"johnanthony","m","en"
"johnatan","m","en"
"johnathan","m","en"
"johnathen","m","en"
"johnathon","m","en"
"johndavid","m","en"
"johnhenry","m","en"
"johnie","m","en"
"johnkerry","m","en"
"johnlee","m","en"
"johnlucas","m","en"
"johnluke","m","en"
"johnmark","m","en"
"johnmichael","m","en"
"johnna","f","en"
"johnni","f","en"
"johnnie","f","en"
"johnny","m","en"
"johnpatrick","m","en"
"johnpaul","m","en"
"johnse","m","en"
"johnson","m","en"
"johnston","m","en"
"johnthomas","m","en"
"johnwesley","m","en"
"johnwilliam","m","en"
"johny","m","en"
"joi","f","en"
"joia","f","en"
"joie","f","en"
"joji","m","en"
"jojo","f","en"
"jolan","m","en"
"jolani","f","en"
"jolea","f","en"
"jolee","f","en"
"joleen","f","en"
"joleena","f","en"
"joleigh","f","en"
"jolena","f","en"
"jolene","f","en"
"jolette","f","en"
"joley","f","en"
"joli","f","en"
"joliana","f","en"
"jolie","f","en"
"joliet","f","en"
"jolin","f","en"
"jolina","f","en"
"joline","f","en"
"jolisa","f","en"
"jolissa","f","en"
"joliyah","f","en"
"jolyn","f","en"
"jolyne","f","en"
"jolynn","f","en"
"jomar","m","en"
"jomari","m","en"
"jon","m","en"
"jona","f","en"
"jonae","f","en"
"jonael","m","en"
"jonah","f","en"
"jonan","m","en"
"jonas","m","en"
"jonasia","f","en"
"jonatan","m","en"
"jonathan","m","en"
"jonathon","m","en"
"jonay","m","en"
"jonelle","f","en"
"jones","f","en"
"joni","f","en"
"jonie","f","en"
"joniel","m","en"
"jonna","f","en"
"jonnathan","m","en"
"jonni","f","en"
"jonnie","f","en"
"jonny","m","en"
"jonpaul","m","en"
"jontae","m","en"
"jontavious","m","en"
"jonte","m","en"
"jonuel","m","en"
"jony","m","en"
"jood","f","en"
"joon","f","en"
"joory","f","en"
"jophiel","f","en"
"joplin","f","en"
"jora","f","en"
"jorah","f","en"
"joram","m","en"
"joravar","m","en"
"jorawar","m","en"
"jordan","m","en"
"jordana","f","en"
"jordani","m","en"
"jordanna","f","en"
"jordany","m","en"
"jordell","m","en"
"jorden","m","en"
"jordi","f","en"
"jordie","f","en"
"jordin","f","en"
"jordon","m","en"
"jordy","f","en"
"jordyn","f","en"
"jordynn","f","en"
"jorel","m","en"
"joren","m","en"
"jorge","m","en"
"jorgia","f","en"
"jori","f","en"
"jorie","f","en"
"joriel","m","en"
"jorin","m","en"
"joriyah","f","en"
"jorja","f","en"
"jory","f","en"
"josabeth","f","en"
"josafat","m","en"
"josahn","m","en"
"josai","m","en"
"josaiah","m","en"
"josalyn","f","en"
"josalynn","f","en"
"josaphat","m","en"
"joscelyn","f","en"
"jose","m","en"
"josean","m","en"
"joseangel","m","en"
"joseantonio","m","en"
"josedejesus","m","en"
"josee","f","en"
"josef","m","en"
"josefa","f","en"
"josefina","f","en"
"josefine","f","en"
"josegabriel","m","en"
"josejuan","m","en"
"josejulian","m","en"
"joselin","f","en"
"joseline","f","en"
"joseluis","m","en"
"joselyn","f","en"
"joselyne","f","en"
"joselynn","f","en"
"joselynne","f","en"
"josemanuel","m","en"
"josemaria","m","en"
"josemiguel","m","en"
"josep","m","en"
"joseph","m","en"
"josephina","f","en"
"josephine","f","en"
"josephus","m","en"
"joseth","m","en"
"josette","f","en"
"josey","f","en"
"josh","m","en"
"joshlyn","f","en"
"joshlynn","f","en"
"joshua","m","en"
"joshuah","m","en"
"joshuan","m","en"
"joshue","m","en"
"josi","f","en"
"josia","m","en"
"josiah","m","en"
"josiahs","m","en"
"josian","m","en"
"josiana","f","en"
"josiane","f","en"
"josias","m","en"
"josie","f","en"
"josiel","m","en"
"josiemae","f","en"
"josilyn","f","en"
"josilynn","f","en"
"josiyah","m","en"
"joslin","f","en"
"joslyn","f","en"
"joslynn","f","en"
"josmar","m","en"
"josohn","m","en"
"jospeh","m","en"
"joss","f","en"
"josselin","f","en"
"josseline","f","en"
"josselyn","f","en"
"jossiah","m","en"
"jossie","f","en"
"jossiel","m","en"
"josslyn","f","en"
"josslynn","f","en"
"jostin","m","en"
"josue","m","en"
"josy","f","en"
"josyah","m","en"
"jotham","m","en"
"joud","f","en"
"joudia","f","en"
"jourdan","f","en"
"jourdyn","f","en"
"jourdynn","f","en"
"jouri","f","en"
"journe","f","en"
"journee","f","en"
"journei","f","en"
"journeigh","f","en"
"journeii","f","en"
"journey","f","en"
"journi","f","en"
"journie","f","en"
"journiee","f","en"
"journii","f","en"
"joury","f","en"
"jovan","m","en"
"jovana","f","en"
"jovani","f","en"
"jovann","m","en"
"jovanna","f","en"
"jovanni","m","en"
"jovannie","m","en"
"jovanny","m","en"
"jovany","m","en"
"jove","m","en"
"jovee","f","en"
"joven","m","en"
"jovey","f","en"
"jovi","f","en"
"jovia","f","en"
"jovial","f","en"
"jovian","m","en"
"jovianna","f","en"
"jovie","f","en"
"jovin","m","en"
"jovon","m","en"
"jovoni","m","en"
"jovonni","m","en"
"jovonte","m","en"
"jowan","m","en"
"jowell","m","en"
"joy","f","en"
"joya","f","en"
"joyanna","f","en"
"joyce","f","en"
"joycelyn","f","en"
"joycelynn","f","en"
"joycie","f","en"
"joylynn","f","en"
"joyner","m","en"
"joyson","m","en"
"jozee","f","en"
"jozef","m","en"
"jozelle","f","en"
"jozhiel","m","en"
"jozi","f","en"
"joziah","m","en"
"jozias","m","en"
"jozie","f","en"
"joziel","m","en"
"jozion","m","en"
"joziyah","m","en"
"jozlynn","f","en"
"jozsef","m","en"
"jquan","m","en"
"jr","m","en"
"jrae","m","en"
"jrake","m","en"
"jream","f","en"
"jru","f","en"
"jrue","f","en"
"jruex","m","en"
"jshaun","m","en"
"jsiah","m","en"
"json","m","en"
"jt","m","en"
"juan","m","en"
"juana","f","en"
"juanantonio","m","en"
"juancarlos","m","en"
"juandavid","m","en"
"juandiego","m","en"
"juanita","f","en"
"juanito","m","en"
"juanjose","m","en"
"juanmanuel","m","en"
"juanpablo","m","en"
"jubal","m","en"
"jubilee","f","en"
"jubran","m","en"
"juda","m","en"
"judaea","f","en"
"judah","f","en"
"judas","m","en"
"judd","m","en"
"juddson","m","en"
"jude","f","en"
"judea","f","en"
"judge","m","en"
"judi","f","en"
"judia","f","en"
"judit","f","en"
"judith","f","en"
"judsen","m","en"
"judson","m","en"
"judy","f","en"
"juel","m","en"
"juell","m","en"
"juelle","f","en"
"juellz","m","en"
"juels","m","en"
"juelz","m","en"
"jujhar","m","en"
"jukai","m","en"
"julan","f","en"
"julani","f","en"
"juleah","f","en"
"julee","f","en"
"julen","m","en"
"julene","f","en"
"jules","f","en"
"julez","m","en"
"juli","f","en"
"julia","f","en"
"julian","m","en"
"juliana","f","en"
"juliani","f","en"
"juliann","f","en"
"julianna","f","en"
"julianne","f","en"
"julianni","f","en"
"julianny","f","en"
"juliano","m","en"
"juliany","f","en"
"julianys","f","en"
"julias","m","en"
"julicia","f","en"
"julie","f","en"
"julieann","f","en"
"julieanna","f","en"
"julien","f","en"
"julienne","f","en"
"juliet","f","en"
"julieta","f","en"
"julieth","f","en"
"juliett","f","en"
"julietta","f","en"
"juliette","f","en"
"julina","f","en"
"julio","m","en"
"juliocesar","m","en"
"julion","m","en"
"julious","m","en"
"julisa","f","en"
"julissa","f","en"
"julius","m","en"
"jullian","m","en"
"julliana","f","en"
"jullien","m","en"
"july","f","en"
"julyan","m","en"
"julyana","f","en"
"juma","m","en"
"juman","f","en"
"jumana","f","en"
"jumanah","f","en"
"jumari","m","en"
"jun","m","en"
"juna","f","en"
"junaid","m","en"
"june","f","en"
"juneau","f","en"
"junee","f","en"
"juni","f","en"
"junia","f","en"
"junie","f","en"
"juniel","m","en"
"junior","m","en"
"juniper","f","en"
"junissa","f","en"
"juniyah","f","en"
"juno","f","en"
"jupiter","f","en"
"juree","f","en"
"juri","f","en"
"juriah","m","en"
"jurmani","f","en"
"jurnee","f","en"
"jurnei","f","en"
"jurney","f","en"
"jurni","f","en"
"jurnie","f","en"
"jurnii","f","en"
"jusiah","m","en"
"just","m","en"
"justen","m","en"
"justice","f","en"
"justin","m","en"
"justina","f","en"
"justine","f","en"
"justino","m","en"
"justo","m","en"
"justus","f","en"
"justyce","f","en"
"justyn","m","en"
"juvenal","m","en"
"juvens","m","en"
"juventino","m","en"
"juvia","f","en"
"juwan","m","en"
"juwayriya","f","en"
"juwon","m","en"
"jveon","m","en"
"jvon","m","en"
"jw","m","en"
"jyair","m","en"
"jyaire","m","en"
"jyheir","m","en"
"jyla","f","en"
"jyles","m","en"
"jymir","m","en"
"jyn","f","en"
"jynesis","f","en"
"jyra","f","en"
"jyson","m","en"
"kaaliyah","f","en"
"kaan","m","en"
"kaanan","m","en"
"kaari","f","en"
"kaash","m","en"
"kaashvi","f","en"
"kaavya","f","en"
"kabeer","m","en"
"kabel","m","en"
"kabir","m","en"
"kable","m","en"
"kabrielle","f","en"
"kace","m","en"
"kacee","f","en"
"kaceion","m","en"
"kacelyn","f","en"
"kacelynn","f","en"
"kacen","m","en"
"kaceon","m","en"
"kaceton","m","en"
"kacey","f","en"
"kaceyn","m","en"
"kaceyon","m","en"
"kaci","f","en"
"kacie","f","en"
"kacion","m","en"
"kacper","m","en"
"kacy","f","en"
"kacyn","f","en"
"kadafi","m","en"
"kadan","m","en"
"kadance","f","en"
"kadarius","m","en"
"kade","f","en"
"kadeem","m","en"
"kadeen","m","en"
"kaden","m","en"
"kadence","f","en"
"kadi","f","en"
"kadiatou","f","en"
"kadidia","f","en"
"kadie","f","en"
"kadija","f","en"
"kadijah","f","en"
"kadin","m","en"
"kadir","m","en"
"kadmiel","m","en"
"kado","m","en"
"kadon","m","en"
"kadrian","m","en"
"kadriel","m","en"
"kady","f","en"
"kadyn","f","en"
"kadynce","f","en"
"kae","f","en"
"kaecyn","m","en"
"kaede","f","en"
"kaeden","m","en"
"kaedence","f","en"
"kaedon","m","en"
"kaedyn","f","en"
"kael","m","en"
"kaela","f","en"
"kaelan","m","en"
"kaelani","f","en"
"kaelany","f","en"
"kaelee","f","en"
"kaeleigh","f","en"
"kaelem","m","en"
"kaelen","m","en"
"kaeley","f","en"
"kaeli","f","en"
"kaeliana","f","en"
"kaelie","f","en"
"kaelin","f","en"
"kaelli","f","en"
"kaelly","f","en"
"kaelo","m","en"
"kaelon","m","en"
"kaeloni","f","en"
"kaelum","m","en"
"kaely","f","en"
"kaelyn","f","en"
"kaelynn","f","en"
"kaemon","m","en"
"kaena","m","en"
"kaenan","m","en"
"kaeo","m","en"
"kaesen","m","en"
"kaeson","m","en"
"kaesyn","f","en"
"kaevion","m","en"
"kaevon","m","en"
"kaeya","f","en"
"kaezlynn","f","en"
"kagan","m","en"
"kage","m","en"
"kahaan","m","en"
"kahani","f","en"
"kahari","f","en"
"kaharri","m","en"
"kahealani","f","en"
"kaheem","m","en"
"kaheli","f","en"
"kahiau","m","en"
"kahlan","f","en"
"kahlani","f","en"
"kahlaya","f","en"
"kahlea","f","en"
"kahleah","f","en"
"kahleb","m","en"
"kahleel","m","en"
"kahleesi","f","en"
"kahleo","m","en"
"kahli","f","en"
"kahlia","f","en"
"kahliah","f","en"
"kahlil","m","en"
"kahlila","f","en"
"kahliya","f","en"
"kahliyah","f","en"
"kahlo","m","en"
"kahloni","f","en"
"kahmari","f","en"
"kahmir","m","en"
"kahmya","f","en"
"kahmyla","f","en"
"kahn","m","en"
"kai","m","en"
"kaia","f","en"
"kaiah","f","en"
"kaiair","m","en"
"kaiaire","m","en"
"kaian","m","en"
"kaiana","f","en"
"kaiani","f","en"
"kaiari","f","en"
"kaiba","m","en"
"kaicen","m","en"
"kaicyn","m","en"
"kaid","m","en"
"kaida","f","en"
"kaidan","m","en"
"kaidance","f","en"
"kaide","m","en"
"kaiden","f","en"
"kaidence","f","en"
"kaidin","m","en"
"kaido","m","en"
"kaidon","m","en"
"kaidy","f","en"
"kaidyn","f","en"
"kaidynce","f","en"
"kaiel","m","en"
"kaieli","f","en"
"kaielle","f","en"
"kaier","m","en"
"kaif","m","en"
"kaige","m","en"
"kaihan","m","en"
"kaihlany","f","en"
"kaii","m","en"
"kaiir","m","en"
"kaija","f","en"
"kaiko","m","en"
"kaikoa","m","en"
"kail","m","en"
"kaila","f","en"
"kailah","f","en"
"kailahni","f","en"
"kailan","f","en"
"kailana","f","en"
"kailand","m","en"
"kailani","f","en"
"kailanie","f","en"
"kailanii","f","en"
"kailanni","f","en"
"kailanny","f","en"
"kailany","f","en"
"kailash","m","en"
"kailaya","f","en"
"kailea","f","en"
"kaileah","f","en"
"kaileb","m","en"
"kailee","f","en"
"kaileen","f","en"
"kaileena","f","en"
"kailei","f","en"
"kaileia","f","en"
"kaileigh","f","en"
"kailen","f","en"
"kailena","f","en"
"kailene","f","en"
"kaileo","m","en"
"kailer","f","en"
"kailey","f","en"
"kaili","f","en"
"kailia","f","en"
"kailiah","f","en"
"kailiam","m","en"
"kailiani","f","en"
"kailianna","f","en"
"kailie","f","en"
"kailin","f","en"
"kailina","f","en"
"kailo","m","en"
"kailoh","m","en"
"kailon","m","en"
"kailoni","f","en"
"kailor","f","en"
"kaily","f","en"
"kailyn","f","en"
"kailynn","f","en"
"kaiman","m","en"
"kaimana","f","en"
"kaimani","f","en"
"kaimari","m","en"
"kaimere","m","en"
"kaimir","m","en"
"kaimoni","f","en"
"kain","m","en"
"kaina","f","en"
"kainaat","f","en"
"kainalu","m","en"
"kainan","m","en"
"kainat","f","en"
"kaine","m","en"
"kainen","m","en"
"kainoa","m","en"
"kainoah","m","en"
"kainon","m","en"
"kaio","m","en"
"kaiomi","f","en"
"kaion","m","en"
"kaioni","f","en"
"kaior","f","en"
"kaiora","f","en"
"kaiori","f","en"
"kaipo","m","en"
"kaique","m","en"
"kair","m","en"
"kaira","f","en"
"kairah","f","en"
"kairan","m","en"
"kairav","m","en"
"kaire","f","en"
"kairee","f","en"
"kairen","m","en"
"kairi","f","en"
"kairie","m","en"
"kairo","f","en"
"kairoh","m","en"
"kairon","m","en"
"kairos","f","en"
"kairus","m","en"
"kairy","f","en"
"kairyn","m","en"
"kais","m","en"
"kaisa","f","en"
"kaisan","m","en"
"kaisei","m","en"
"kaisen","m","en"
"kaiser","m","en"
"kaisey","f","en"
"kaisha","f","en"
"kaishawn","m","en"
"kaislee","f","en"
"kaisleigh","f","en"
"kaisley","f","en"
"kaislyn","f","en"
"kaislynn","f","en"
"kaison","m","en"
"kaiston","m","en"
"kaisyn","f","en"
"kaisynn","f","en"
"kaithlyn","f","en"
"kaitlin","f","en"
"kaitlyn","f","en"
"kaitlynn","f","en"
"kaito","m","en"
"kaity","f","en"
"kaiulani","f","en"
"kaius","m","en"
"kaiva","f","en"
"kaivan","m","en"
"kaiven","m","en"
"kaiveon","m","en"
"kaivion","m","en"
"kaivon","m","en"
"kaiya","f","en"
"kaiyah","f","en"
"kaiyair","m","en"
"kaiyan","m","en"
"kaiyani","f","en"
"kaiyden","m","en"
"kaiyen","m","en"
"kaiyir","m","en"
"kaiyo","m","en"
"kaiyomi","f","en"
"kaiyon","m","en"
"kaiyori","f","en"
"kaiyr","m","en"
"kaiyzen","m","en"
"kaiza","f","en"
"kaizah","m","en"
"kaize","m","en"
"kaizen","f","en"
"kaizer","f","en"
"kaizier","m","en"
"kaizir","m","en"
"kaizlee","f","en"
"kaizleigh","f","en"
"kaizley","f","en"
"kaizlyn","f","en"
"kaizlynn","f","en"
"kaizon","m","en"
"kaizyn","m","en"
"kaj","m","en"
"kaja","f","en"
"kajai","m","en"
"kajani","m","en"
"kajuan","m","en"
"kajun","m","en"
"kakashi","m","en"
"kal","m","en"
"kala","f","en"
"kalab","m","en"
"kaladin","m","en"
"kalahni","f","en"
"kalai","m","en"
"kalaia","f","en"
"kalaiah","f","en"
"kalaiya","f","en"
"kalaiyah","f","en"
"kalan","m","en"
"kalana","f","en"
"kalani","f","en"
"kalanie","f","en"
"kalanii","f","en"
"kalanni","f","en"
"kalany","f","en"
"kalaya","f","en"
"kalayah","f","en"
"kalayiah","f","en"
"kalaysia","f","en"
"kale","m","en"
"kalea","f","en"
"kaleab","m","en"
"kaleah","f","en"
"kaleb","m","en"
"kaled","m","en"
"kalee","f","en"
"kaleeah","f","en"
"kaleel","m","en"
"kaleem","m","en"
"kaleena","f","en"
"kaleesi","f","en"
"kaleesia","f","en"
"kaleeya","f","en"
"kalei","f","en"
"kaleia","f","en"
"kaleiah","f","en"
"kaleigh","f","en"
"kaleigha","f","en"
"kaleiya","f","en"
"kaleiyah","f","en"
"kalel","m","en"
"kalem","m","en"
"kalen","m","en"
"kalena","f","en"
"kaleo","m","en"
"kalesia","f","en"
"kalet","f","en"
"kaleth","m","en"
"kalev","m","en"
"kalex","m","en"
"kaley","f","en"
"kaleya","f","en"
"kaleyah","f","en"
"kali","f","en"
"kalia","f","en"
"kaliah","f","en"
"kalian","m","en"
"kaliana","f","en"
"kalianna","f","en"
"kalianne","f","en"
"kalias","m","en"
"kalib","m","en"
"kalicia","f","en"
"kalid","m","en"
"kaliden","m","en"
"kalie","f","en"
"kaliea","f","en"
"kaliel","m","en"
"kaliese","f","en"
"kalii","f","en"
"kalijah","m","en"
"kaliko","m","en"
"kalil","m","en"
"kalila","f","en"
"kalilah","f","en"
"kalim","m","en"
"kalimah","f","en"
"kalin","f","en"
"kalina","f","en"
"kalino","m","en"
"kalio","m","en"
"kalionna","f","en"
"kaliope","f","en"
"kaliq","m","en"
"kalirose","f","en"
"kalis","f","en"
"kalisa","f","en"
"kalise","f","en"
"kalisha","f","en"
"kalissa","f","en"
"kalista","f","en"
"kalix","m","en"
"kaliya","f","en"
"kaliyah","f","en"
"kalki","f","en"
"kalla","f","en"
"kallahan","f","en"
"kallai","m","en"
"kallan","f","en"
"kallee","f","en"
"kalleigh","f","en"
"kallen","f","en"
"kalley","f","en"
"kalli","f","en"
"kallia","f","en"
"kallie","f","en"
"kallin","m","en"
"kalliope","f","en"
"kalliopi","f","en"
"kallista","f","en"
"kallon","m","en"
"kalloway","m","en"
"kallum","m","en"
"kally","f","en"
"kallyn","f","en"
"kalman","m","en"
"kalmen","m","en"
"kalo","m","en"
"kalob","m","en"
"kalon","m","en"
"kaloni","f","en"
"kalu","m","en"
"kalum","m","en"
"kalvin","m","en"
"kaly","f","en"
"kalyani","f","en"
"kalyce","f","en"
"kalylah","f","en"
"kalyn","f","en"
"kalyna","f","en"
"kalynn","f","en"
"kalypso","f","en"
"kalyse","f","en"
"kalyssa","f","en"
"kalysta","f","en"
"kalyx","m","en"
"kam","m","en"
"kamai","f","en"
"kamaia","f","en"
"kamaiya","f","en"
"kamaiyah","f","en"
"kamal","m","en"
"kamala","f","en"
"kamalani","f","en"
"kamali","f","en"
"kamani","f","en"
"kamar","m","en"
"kamara","f","en"
"kamarah","f","en"
"kamare","m","en"
"kamaree","f","en"
"kamari","f","en"
"kamaria","f","en"
"kamariah","f","en"
"kamariana","f","en"
"kamarie","f","en"
"kamarii","f","en"
"kamarion","m","en"
"kamariyah","f","en"
"kamarri","m","en"
"kamau","m","en"
"kamauri","f","en"
"kamaya","f","en"
"kamayah","f","en"
"kamazi","m","en"
"kamber","f","en"
"kambree","f","en"
"kambri","f","en"
"kambria","f","en"
"kambrie","f","en"
"kambry","f","en"
"kambryn","f","en"
"kamden","f","en"
"kamdon","m","en"
"kamdyn","f","en"
"kamdynn","f","en"
"kamea","f","en"
"kameel","m","en"
"kameela","f","en"
"kameelah","f","en"
"kameila","f","en"
"kamel","m","en"
"kamela","f","en"
"kamelia","f","en"
"kamella","f","en"
"kamelo","m","en"
"kamen","m","en"
"kamere","m","en"
"kameren","m","en"
"kameria","f","en"
"kamerin","m","en"
"kameron","f","en"
"kameryn","f","en"
"kami","f","en"
"kamia","f","en"
"kamiah","f","en"
"kamiko","f","en"
"kamil","f","en"
"kamila","f","en"
"kamilah","f","en"
"kamile","f","en"
"kamilia","f","en"
"kamilla","f","en"
"kamillah","f","en"
"kamille","f","en"
"kamilo","m","en"
"kamina","f","en"
"kamir","m","en"
"kamira","f","en"
"kamirah","f","en"
"kamiri","f","en"
"kamiya","f","en"
"kamiyah","f","en"
"kamiyla","f","en"
"kamiylah","f","en"
"kammie","f","en"
"kamon","m","en"
"kamoni","f","en"
"kamonie","f","en"
"kamonii","f","en"
"kamora","f","en"
"kamorah","f","en"
"kamori","f","en"
"kamoura","f","en"
"kamp","m","en"
"kampbell","m","en"
"kampton","m","en"
"kamran","m","en"
"kamree","f","en"
"kamren","f","en"
"kamri","f","en"
"kamrie","f","en"
"kamrin","m","en"
"kamron","m","en"
"kamry","f","en"
"kamryn","f","en"
"kamrynn","f","en"
"kamsiyochukwu","f","en"
"kamsiyonna","f","en"
"kamya","f","en"
"kamyah","f","en"
"kamyia","f","en"
"kamyiah","f","en"
"kamyla","f","en"
"kamylah","f","en"
"kamyra","f","en"
"kamyrah","f","en"
"kamyri","f","en"
"kana","f","en"
"kanaan","m","en"
"kanai","f","en"
"kanaloa","m","en"
"kanami","f","en"
"kanan","m","en"
"kanani","f","en"
"kanari","f","en"
"kanav","m","en"
"kanaya","f","en"
"kandace","f","en"
"kandhan","m","en"
"kandice","f","en"
"kandon","m","en"
"kandy","f","en"
"kane","m","en"
"kaneki","m","en"
"kanelo","m","en"
"kanen","m","en"
"kani","m","en"
"kaniah","f","en"
"kanika","f","en"
"kanin","m","en"
"kanisha","f","en"
"kanishk","m","en"
"kaniya","f","en"
"kaniyah","f","en"
"kaniylah","f","en"
"kanna","f","en"
"kannan","m","en"
"kannen","m","en"
"kannon","f","en"
"kannyn","f","en"
"kano","m","en"
"kanoa","m","en"
"kanon","m","en"
"kansas","f","en"
"kanton","m","en"
"kanya","f","en"
"kanye","m","en"
"kanyla","f","en"
"kanylah","f","en"
"kanyon","m","en"
"kao","m","en"
"kaoir","f","en"
"kaomi","f","en"
"kaoni","f","en"
"kaori","f","en"
"kaos","m","en"
"kap","m","en"
"kapena","m","en"
"kapono","m","en"
"kapree","f","en"
"kapri","f","en"
"kara","f","en"
"karah","f","en"
"karalee","f","en"
"karalina","f","en"
"karaline","f","en"
"karalyn","f","en"
"karalynn","f","en"
"karam","m","en"
"karan","m","en"
"karas","m","en"
"karaya","f","en"
"karden","m","en"
"karder","m","en"
"kardi","f","en"
"kardiair","m","en"
"kareem","m","en"
"kareena","f","en"
"karel","m","en"
"kareli","f","en"
"karelly","f","en"
"karely","f","en"
"karelys","f","en"
"karen","f","en"
"karena","f","en"
"karev","m","en"
"kari","f","en"
"karia","f","en"
"kariah","f","en"
"kariana","f","en"
"karianna","f","en"
"karielle","f","en"
"karielys","f","en"
"karii","f","en"
"karim","m","en"
"karima","f","en"
"karime","f","en"
"karin","f","en"
"karina","f","en"
"karine","f","en"
"kario","m","en"
"karis","f","en"
"karisa","f","en"
"karishma","f","en"
"karisma","f","en"
"karissa","f","en"
"kariyah","f","en"
"karizma","f","en"
"karl","m","en"
"karla","f","en"
"karlee","f","en"
"karlei","f","en"
"karleigh","f","en"
"karlene","f","en"
"karley","f","en"
"karli","f","en"
"karliah","f","en"
"karlie","f","en"
"karlin","f","en"
"karlita","f","en"
"karlito","m","en"
"karlo","m","en"
"karlos","m","en"
"karly","f","en"
"karlyn","f","en"
"karlynn","f","en"
"karma","f","en"
"karman","f","en"
"karmani","f","en"
"karmela","f","en"
"karmella","f","en"
"karmello","m","en"
"karmelo","m","en"
"karmen","f","en"
"karmin","f","en"
"karmina","f","en"
"karmoni","f","en"
"karmyn","f","en"
"karo","m","en"
"karol","f","en"
"karolina","f","en"
"karoline","f","en"
"karolyn","f","en"
"karolyna","f","en"
"karon","m","en"
"karra","f","en"
"karri","f","en"
"karrie","f","en"
"karrigan","f","en"
"karrington","f","en"
"karrion","m","en"
"karsen","f","en"
"karsin","m","en"
"karson","f","en"
"karsten","m","en"
"karston","m","en"
"karstyn","f","en"
"karsyn","f","en"
"karsynn","f","en"
"kartel","m","en"
"karter","f","en"
"karthik","m","en"
"karthikeya","m","en"
"karti","f","en"
"kartier","f","en"
"kartik","m","en"
"kartikeya","m","en"
"karver","f","en"
"kary","f","en"
"karyme","f","en"
"karyna","f","en"
"karys","f","en"
"kasaan","m","en"
"kasahn","m","en"
"kasai","f","en"
"kasandra","f","en"
"kasani","f","en"
"kasden","m","en"
"kase","m","en"
"kaseem","m","en"
"kaselyn","f","en"
"kasem","m","en"
"kasen","m","en"
"kasey","f","en"
"kash","f","en"
"kasha","f","en"
"kashaun","m","en"
"kashawn","m","en"
"kashay","f","en"
"kashden","m","en"
"kashdyn","m","en"
"kasher","m","en"
"kashi","f","en"
"kashif","m","en"
"kashindi","m","en"
"kashius","m","en"
"kashlyn","f","en"
"kashlynn","f","en"
"kashmeir","m","en"
"kashmere","f","en"
"kashmier","m","en"
"kashmiere","m","en"
"kashmir","f","en"
"kashmire","m","en"
"kashon","m","en"
"kashston","m","en"
"kashten","m","en"
"kashtian","m","en"
"kashtin","m","en"
"kashton","f","en"
"kashtyn","f","en"
"kashtynn","m","en"
"kashus","m","en"
"kashvi","f","en"
"kasi","m","en"
"kasia","f","en"
"kasiah","f","en"
"kasian","m","en"
"kasie","f","en"
"kasim","m","en"
"kasimir","m","en"
"kasin","m","en"
"kasino","m","en"
"kasir","m","en"
"kasius","m","en"
"kasiya","f","en"
"kasiyah","f","en"
"kaslyn","f","en"
"kasmir","m","en"
"kason","m","en"
"kaspar","m","en"
"kaspen","m","en"
"kasper","f","en"
"kaspian","m","en"
"kasra","m","en"
"kassaius","m","en"
"kassan","m","en"
"kassandra","f","en"
"kassem","m","en"
"kassey","f","en"
"kassi","f","en"
"kassia","f","en"
"kassiah","f","en"
"kassian","m","en"
"kassiani","f","en"
"kassidi","f","en"
"kassidy","f","en"
"kassie","f","en"
"kassim","m","en"
"kassius","m","en"
"kasson","m","en"
"kasten","m","en"
"kastiel","m","en"
"kastin","m","en"
"kaston","m","en"
"kasumi","f","en"
"kasyn","f","en"
"kat","f","en"
"katai","m","en"
"katalaya","f","en"
"katalayah","f","en"
"katalea","f","en"
"kataleah","f","en"
"kataleia","f","en"
"kataleiya","f","en"
"katalena","f","en"
"kataleya","f","en"
"kataleyah","f","en"
"katalia","f","en"
"kataliah","f","en"
"katalina","f","en"
"kataliya","f","en"
"katalyna","f","en"
"katalynna","f","en"
"katana","f","en"
"katara","f","en"
"katari","m","en"
"katarina","f","en"
"katarzyna","f","en"
"kate","f","en"
"kateleya","f","en"
"katelin","f","en"
"katelyn","f","en"
"katelynn","f","en"
"kateri","f","en"
"katerin","f","en"
"katerina","f","en"
"katerine","f","en"
"kateryna","f","en"
"katey","f","en"
"katha","f","en"
"kathaleya","f","en"
"kathalia","f","en"
"kathalina","f","en"
"katharina","f","en"
"katharine","f","en"
"katherin","f","en"
"katherina","f","en"
"katherine","f","en"
"katheryn","f","en"
"katheryne","f","en"
"kathia","f","en"
"kathleen","f","en"
"kathlyn","f","en"
"kathlynn","f","en"
"kathrine","f","en"
"kathryn","f","en"
"kathryne","f","en"
"kathrynn","f","en"
"kathy","f","en"
"kathya","f","en"
"kati","f","en"
"katia","f","en"
"katiana","f","en"
"katie","f","en"
"katina","f","en"
"katja","f","en"
"katlyn","f","en"
"katlynn","f","en"
"katniss","f","en"
"kato","m","en"
"katorah","f","en"
"katori","f","en"
"katrell","m","en"
"katriel","f","en"
"katrin","f","en"
"katrina","f","en"
"kattaleya","f","en"
"kattleya","f","en"
"katty","f","en"
"katurah","f","en"
"katy","f","en"
"katya","f","en"
"katyayani","f","en"
"kauan","m","en"
"kaulana","m","en"
"kaulder","m","en"
"kauri","m","en"
"kausar","f","en"
"kavan","m","en"
"kavari","m","en"
"kaveah","f","en"
"kaveer","m","en"
"kaveh","m","en"
"kaven","m","en"
"kaveon","m","en"
"kaveri","f","en"
"kavery","f","en"
"kavi","f","en"
"kavia","f","en"
"kavik","m","en"
"kavin","m","en"
"kavion","m","en"
"kavir","m","en"
"kavish","m","en"
"kavon","m","en"
"kavontae","m","en"
"kavonte","m","en"
"kavya","f","en"
"kawai","m","en"
"kawailani","f","en"
"kawehi","f","en"
"kawena","f","en"
"kawhi","m","en"
"kawika","m","en"
"kawliga","m","en"
"kawsar","f","en"
"kawthar","f","en"
"kay","f","en"
"kaya","f","en"
"kayaan","m","en"
"kayah","f","en"
"kayal","f","en"
"kayan","f","en"
"kayana","f","en"
"kayani","f","en"
"kayann","f","en"
"kayanna","f","en"
"kayari","f","en"
"kaybree","f","en"
"kayce","f","en"
"kaycee","f","en"
"kaycen","m","en"
"kayceon","m","en"
"kayci","f","en"
"kaycia","f","en"
"kaycie","f","en"
"kaycin","m","en"
"kaycion","m","en"
"kaycyn","m","en"
"kayd","m","en"
"kayda","f","en"
"kaydan","m","en"
"kaydance","f","en"
"kaydden","m","en"
"kayde","m","en"
"kaydee","f","en"
"kaydem","m","en"
"kayden","m","en"
"kaydence","f","en"
"kaydin","f","en"
"kaydon","m","en"
"kaydyn","m","en"
"kaye","f","en"
"kayeli","f","en"
"kayelle","f","en"
"kayelynn","f","en"
"kayen","m","en"
"kayhan","m","en"
"kayhlani","f","en"
"kayin","f","en"
"kayior","f","en"
"kayjay","m","en"
"kayla","f","en"
"kaylah","f","en"
"kaylahni","f","en"
"kaylan","f","en"
"kaylana","f","en"
"kaylanee","f","en"
"kaylani","f","en"
"kaylanie","f","en"
"kaylanii","f","en"
"kaylanis","f","en"
"kaylanni","f","en"
"kaylany","f","en"
"kayle","f","en"
"kaylea","f","en"
"kayleah","f","en"
"kayleb","m","en"
"kaylee","f","en"
"kayleeann","f","en"
"kayleen","f","en"
"kayleena","f","en"
"kaylei","f","en"
"kayleigh","f","en"
"kaylem","m","en"
"kaylen","f","en"
"kaylena","f","en"
"kaylene","f","en"
"kayler","m","en"
"kayley","f","en"
"kayli","f","en"
"kaylia","f","en"
"kayliah","f","en"
"kayliana","f","en"
"kayliani","f","en"
"kaylianis","f","en"
"kaylianna","f","en"
"kaylie","f","en"
"kaylin","f","en"
"kaylina","f","en"
"kayline","f","en"
"kaylinn","f","en"
"kaylisa","f","en"
"kaylix","m","en"
"kayliyah","f","en"
"kaylla","f","en"
"kaylon","m","en"
"kayloni","f","en"
"kaylonie","f","en"
"kaylonnie","f","en"
"kaylor","f","en"
"kaylum","m","en"
"kaylyn","f","en"
"kaylynn","f","en"
"kayman","m","en"
"kaymani","f","en"
"kaymari","f","en"
"kaymarie","f","en"
"kaymen","m","en"
"kaymoni","f","en"
"kayn","m","en"
"kayna","f","en"
"kaynan","m","en"
"kayne","m","en"
"kaynen","m","en"
"kaynon","m","en"
"kayo","m","en"
"kayode","m","en"
"kayoir","f","en"
"kayomi","f","en"
"kayon","m","en"
"kayoni","f","en"
"kayonna","f","en"
"kayonni","f","en"
"kayora","f","en"
"kayori","f","en"
"kayra","f","en"
"kayren","m","en"
"kayro","m","en"
"kayron","m","en"
"kaysan","m","en"
"kaysaun","m","en"
"kayse","m","en"
"kaysen","f","en"
"kaysha","f","en"
"kayshawn","m","en"
"kaysi","f","en"
"kaysie","f","en"
"kaysin","m","en"
"kayslee","f","en"
"kaysleigh","f","en"
"kaysley","f","en"
"kayson","f","en"
"kayston","m","en"
"kaysun","m","en"
"kaysyn","m","en"
"kaytlin","f","en"
"kaytlyn","f","en"
"kayton","m","en"
"kayvan","m","en"
"kayven","m","en"
"kayveon","m","en"
"kayvian","m","en"
"kayvion","m","en"
"kayvon","m","en"
"kayzen","m","en"
"kayzie","f","en"
"kayzlee","f","en"
"kayzlie","f","en"
"kayzlynn","f","en"
"kayzon","m","en"
"kaz","m","en"
"kazari","f","en"
"kazaria","f","en"
"kazden","m","en"
"kaze","m","en"
"kazeem","m","en"
"kazelyn","f","en"
"kazen","m","en"
"kazi","f","en"
"kaziah","f","en"
"kaziel","m","en"
"kazim","m","en"
"kazimir","m","en"
"kazir","m","en"
"kaziya","f","en"
"kaziyah","f","en"
"kazleigh","f","en"
"kazmir","m","en"
"kazon","m","en"
"kazuki","m","en"
"kazuma","m","en"
"kazuya","m","en"
"kazz","m","en"
"kc","m","en"
"kcyn","m","en"
"kdyn","m","en"
"keab","m","en"
"keagan","f","en"
"keagen","m","en"
"keahi","m","en"
"keala","f","en"
"kealan","m","en"
"kealani","f","en"
"kealii","m","en"
"kealoha","f","en"
"kealohilani","f","en"
"kean","m","en"
"keana","f","en"
"keanan","m","en"
"keandre","m","en"
"keane","m","en"
"keani","f","en"
"keanii","f","en"
"keanna","f","en"
"keano","m","en"
"keanu","m","en"
"keara","f","en"
"keari","f","en"
"kearie","f","en"
"kearra","f","en"
"keasia","f","en"
"keaston","m","en"
"keaton","f","en"
"keatyn","f","en"
"keawe","m","en"
"kebron","m","en"
"kedar","m","en"
"kedric","m","en"
"kedrick","m","en"
"keean","m","en"
"keeana","f","en"
"keegan","f","en"
"keela","f","en"
"keelan","f","en"
"keelani","f","en"
"keeleigh","f","en"
"keelen","m","en"
"keeley","f","en"
"keelie","f","en"
"keelin","m","en"
"keely","f","en"
"keelyn","f","en"
"keen","m","en"
"keena","f","en"
"keenan","m","en"
"keeon","m","en"
"keera","f","en"
"keerat","f","en"
"keeton","m","en"
"keeva","f","en"
"keevah","f","en"
"kegan","m","en"
"kehaulani","f","en"
"kehilany","f","en"
"kehlan","m","en"
"kehlanee","f","en"
"kehlani","f","en"
"kehlanie","f","en"
"kehlanii","f","en"
"kehlanni","f","en"
"kehlany","f","en"
"kehloni","f","en"
"kei","f","en"
"keian","m","en"
"keiani","f","en"
"keianna","f","en"
"keiara","f","en"
"keiari","f","en"
"keicha","f","en"
"keiden","m","en"
"keidy","f","en"
"keigan","f","en"
"keighley","f","en"
"keihlani","f","en"
"keihlany","f","en"
"keiji","m","en"
"keiko","f","en"
"keila","f","en"
"keilah","f","en"
"keilahni","f","en"
"keilan","m","en"
"keilana","f","en"
"keilani","f","en"
"keilanie","f","en"
"keilanni","f","en"
"keilanny","f","en"
"keilany","f","en"
"keilee","f","en"
"keiler","m","en"
"keiley","f","en"
"keiliany","f","en"
"keilijah","m","en"
"keilin","f","en"
"keilly","f","en"
"keily","f","en"
"keilyn","f","en"
"keimani","m","en"
"keimari","m","en"
"keimoni","f","en"
"keimy","f","en"
"kein","m","en"
"keinan","m","en"
"keiner","m","en"
"keion","m","en"
"keiontae","m","en"
"keior","f","en"
"keir","m","en"
"keira","f","en"
"keirah","f","en"
"keiran","m","en"
"keiren","m","en"
"keiri","f","en"
"keirra","f","en"
"keiry","f","en"
"keisha","f","en"
"keishawn","m","en"
"keishla","f","en"
"keishon","m","en"
"keissy","f","en"
"keiston","m","en"
"keisy","f","en"
"keith","m","en"
"keithan","m","en"
"keithen","m","en"
"keitlyn","f","en"
"keito","m","en"
"keity","f","en"
"keivon","m","en"
"keiyon","m","en"
"keizer","m","en"
"kejuan","m","en"
"kekeli","f","en"
"kekoa","m","en"
"kel","m","en"
"kelahni","f","en"
"kelaiah","f","en"
"kelan","m","en"
"kelana","f","en"
"kelani","f","en"
"kelanie","f","en"
"kelany","f","en"
"kelaya","f","en"
"kelayah","f","en"
"kelbie","f","en"
"kelby","f","en"
"kelce","f","en"
"kelcee","f","en"
"kelcey","f","en"
"kelci","f","en"
"kelcie","f","en"
"kelcy","f","en"
"keldon","m","en"
"keldrick","m","en"
"kelechi","m","en"
"kelhani","f","en"
"kelia","f","en"
"keliah","f","en"
"kelian","m","en"
"keliana","f","en"
"kelii","m","en"
"kelijah","m","en"
"kelilah","f","en"
"kelina","f","en"
"kelis","f","en"
"kelise","f","en"
"keliyah","f","en"
"kella","f","en"
"kellan","m","en"
"kellani","f","en"
"kellen","f","en"
"keller","f","en"
"kelley","f","en"
"kelli","f","en"
"kellian","m","en"
"kellie","f","en"
"kellin","m","en"
"kellum","m","en"
"kelly","f","en"
"kellyanne","f","en"
"kellyn","f","en"
"kelon","m","en"
"keloni","f","en"
"kelonni","f","en"
"kelsea","f","en"
"kelsey","f","en"
"kelsi","f","en"
"kelsie","f","en"
"kelso","m","en"
"kelson","m","en"
"kelsy","f","en"
"kelton","m","en"
"kelvin","m","en"
"kemaj","m","en"
"kemal","m","en"
"kemani","f","en"
"kemar","m","en"
"kemari","f","en"
"kemarion","m","en"
"kemauri","m","en"
"kember","f","en"
"kemely","f","en"
"kemet","m","en"
"kemi","f","en"
"kemiah","f","en"
"kemilly","f","en"
"kemiya","f","en"
"kemiyah","f","en"
"kemon","m","en"
"kemoni","f","en"
"kemontae","m","en"
"kemonte","m","en"
"kemora","f","en"
"kemp","m","en"
"kemper","f","en"
"kemuel","m","en"
"kemya","f","en"
"ken","m","en"
"kena","f","en"
"kenaan","m","en"
"kenadee","f","en"
"kenadi","f","en"
"kenady","f","en"
"kenai","f","en"
"kenan","m","en"
"kenay","m","en"
"kenaya","f","en"
"kenaz","m","en"
"kency","f","en"
"kenda","f","en"
"kendal","f","en"
"kendale","m","en"
"kendall","f","en"
"kendallyn","f","en"
"kendalyn","f","en"
"kendalynn","f","en"
"kendan","m","en"
"kendarious","m","en"
"kendarius","m","en"
"kendel","f","en"
"kendell","f","en"
"kenden","m","en"
"kender","m","en"
"kenderson","m","en"
"kendi","f","en"
"kendon","m","en"
"kendra","f","en"
"kendria","f","en"
"kendric","m","en"
"kendrick","m","en"
"kendriel","m","en"
"kendrik","m","en"
"kendrix","m","en"
"kendrixx","m","en"
"kendry","m","en"
"kendryk","m","en"
"kendy","f","en"
"kendyl","f","en"
"kendyll","f","en"
"kendyn","m","en"
"kenechukwu","m","en"
"kenedi","f","en"
"kenedy","f","en"
"kenenna","m","en"
"kener","m","en"
"keneth","m","en"
"keng","m","en"
"keni","f","en"
"kenia","f","en"
"kenidi","f","en"
"keniel","m","en"
"kenil","m","en"
"kenisha","f","en"
"kenith","m","en"
"keniya","f","en"
"keniyah","f","en"
"kenji","m","en"
"kenjiro","m","en"
"kenlee","f","en"
"kenlei","f","en"
"kenleigh","f","en"
"kenley","f","en"
"kenli","f","en"
"kenlie","f","en"
"kenlin","m","en"
"kenly","f","en"
"kenlynn","f","en"
"kenna","f","en"
"kennadee","f","en"
"kennadi","f","en"
"kennady","f","en"
"kennah","f","en"
"kennan","m","en"
"kennard","m","en"
"kennedi","f","en"
"kennedie","f","en"
"kennedy","f","en"
"kennen","m","en"
"kenner","m","en"
"kenneth","m","en"
"kenni","f","en"
"kennidee","f","en"
"kenniel","m","en"
"kennith","m","en"
"kennley","f","en"
"kennon","m","en"
"kenny","f","en"
"kennya","f","en"
"keno","m","en"
"kenobi","m","en"
"kenric","m","en"
"kenry","m","en"
"kensey","f","en"
"kenshin","m","en"
"kensi","f","en"
"kensie","f","en"
"kensington","f","en"
"kenslee","f","en"
"kenslei","f","en"
"kensleigh","f","en"
"kensley","f","en"
"kensli","f","en"
"kenslie","f","en"
"kensly","f","en"
"kenson","m","en"
"kenston","m","en"
"kensy","f","en"
"kent","m","en"
"kentavious","m","en"
"kentley","f","en"
"kento","m","en"
"kenton","m","en"
"kentreal","m","en"
"kentrel","m","en"
"kentrell","m","en"
"keny","m","en"
"kenya","f","en"
"kenyah","f","en"
"kenyan","m","en"
"kenyatta","m","en"
"kenyer","m","en"
"kenyon","m","en"
"kenz","f","en"
"kenza","f","en"
"kenzi","f","en"
"kenzie","f","en"
"kenziee","f","en"
"kenzington","f","en"
"kenzlee","f","en"
"kenzlei","f","en"
"kenzleigh","f","en"
"kenzley","f","en"
"kenzli","f","en"
"kenzlie","f","en"
"kenzly","f","en"
"kenzo","m","en"
"kenzy","f","en"
"keo","m","en"
"keoki","m","en"
"keol","m","en"
"keola","m","en"
"keomi","f","en"
"keon","m","en"
"keona","f","en"
"keondre","m","en"
"keone","m","en"
"keoni","f","en"
"keonna","f","en"
"keonni","f","en"
"keontae","m","en"
"keontay","m","en"
"keonte","m","en"
"keora","f","en"
"keori","f","en"
"kepler","m","en"
"kera","f","en"
"kerem","m","en"
"keren","f","en"
"keri","f","en"
"kerim","m","en"
"kerin","m","en"
"kerlens","m","en"
"kerly","f","en"
"keron","m","en"
"kerr","m","en"
"kerri","f","en"
"kerrigan","f","en"
"kerrington","f","en"
"kerry","f","en"
"kershaw","m","en"
"kervens","m","en"
"kervenson","m","en"
"kervin","m","en"
"kerwens","m","en"
"kerwin","m","en"
"kesean","m","en"
"kesha","f","en"
"keshaun","m","en"
"keshav","m","en"
"keshavi","f","en"
"keshawn","m","en"
"keshon","m","en"
"keshvi","f","en"
"kesiah","m","en"
"keslee","f","en"
"kesler","m","en"
"kesley","f","en"
"keslie","f","en"
"kessa","f","en"
"kessiah","m","en"
"kessler","f","en"
"keston","m","en"
"kestrel","f","en"
"ketch","m","en"
"ketcher","m","en"
"keturah","f","en"
"ketzali","f","en"
"ketzaly","f","en"
"ketzia","f","en"
"ketzy","f","en"
"keva","f","en"
"kevan","m","en"
"keven","m","en"
"kevin","m","en"
"kevion","m","en"
"kevon","m","en"
"kevontae","m","en"
"kevonte","m","en"
"kevyn","m","en"
"kewon","m","en"
"key","m","en"
"keya","f","en"
"keyaan","m","en"
"keyaire","m","en"
"keyan","m","en"
"keyana","f","en"
"keyandre","m","en"
"keyani","f","en"
"keyanna","f","en"
"keyanni","f","en"
"keyansh","m","en"
"keyara","f","en"
"keyarah","f","en"
"keyari","f","en"
"keydan","m","en"
"keydem","m","en"
"keyden","m","en"
"keyder","m","en"
"keydi","f","en"
"keyior","f","en"
"keyla","f","en"
"keylahni","f","en"
"keylan","f","en"
"keylani","f","en"
"keylanie","f","en"
"keylanis","f","en"
"keylany","f","en"
"keylee","f","en"
"keylen","f","en"
"keyler","m","en"
"keyli","f","en"
"keylianis","f","en"
"keylie","f","en"
"keylin","f","en"
"keyloni","f","en"
"keylor","m","en"
"keyly","f","en"
"keymani","f","en"
"keymari","m","en"
"keymarion","m","en"
"keynan","m","en"
"keyner","m","en"
"keyoir","f","en"
"keyomi","f","en"
"keyon","m","en"
"keyona","f","en"
"keyoni","f","en"
"keyonna","f","en"
"keyonni","f","en"
"keyontae","m","en"
"keyonte","m","en"
"keyora","f","en"
"keyori","f","en"
"keyorie","f","en"
"keyra","f","en"
"keyren","m","en"
"keyri","f","en"
"keyrin","f","en"
"keysha","f","en"
"keyshaun","m","en"
"keyshawn","m","en"
"keysi","f","en"
"keytlin","f","en"
"keyvan","m","en"
"keyver","m","en"
"keyvon","m","en"
"keza","f","en"
"kezia","f","en"
"keziah","f","en"
"keziyah","f","en"
"kezra","m","en"
"khaalid","m","en"
"khabir","m","en"
"khace","m","en"
"khadar","m","en"
"khadeeja","f","en"
"khadeejah","f","en"
"khadeem","m","en"
"khaden","m","en"
"khadidja","f","en"
"khadija","f","en"
"khadijah","f","en"
"khadim","m","en"
"khadir","m","en"
"khady","f","en"
"khael","m","en"
"khai","f","en"
"khaia","f","en"
"khaiden","m","en"
"khaidyn","m","en"
"khaiel","m","en"
"khailani","f","en"
"khailee","f","en"
"khailynn","f","en"
"khair","m","en"
"khaira","f","en"
"khaire","m","en"
"khairi","m","en"
"khairo","m","en"
"khaison","m","en"
"khaizen","m","en"
"khaizer","m","en"
"khalaf","m","en"
"khalan","m","en"
"khalani","f","en"
"khalanii","f","en"
"khalanni","f","en"
"khalari","f","en"
"khalaya","f","en"
"khalea","f","en"
"khaleah","f","en"
"khaleb","m","en"
"khaled","m","en"
"khalee","f","en"
"khaleed","m","en"
"khaleef","m","en"
"khaleel","m","en"
"khaleem","m","en"
"khaleesi","f","en"
"khaleesia","f","en"
"khaleesy","f","en"
"khalei","f","en"
"khaleia","f","en"
"khaleil","m","en"
"khalel","m","en"
"khalen","m","en"
"khaleo","m","en"
"khalessi","f","en"
"khali","f","en"
"khalia","f","en"
"khaliah","f","en"
"khalid","m","en"
"khalie","f","en"
"khaliel","m","en"
"khalif","m","en"
"khalifa","m","en"
"khalik","m","en"
"khalil","f","en"
"khalila","f","en"
"khalilah","f","en"
"khalina","f","en"
"khaliq","m","en"
"khalis","m","en"
"khalise","f","en"
"khalisi","f","en"
"khaliya","f","en"
"khaliyah","f","en"
"khalon","m","en"
"khaloni","f","en"
"khalyl","m","en"
"khalyla","f","en"
"khamani","f","en"
"khamari","f","en"
"khamarion","m","en"
"khamaya","f","en"
"khamia","f","en"
"khamila","f","en"
"khamilla","f","en"
"khamir","m","en"
"khamiya","f","en"
"khamiyah","f","en"
"khamora","f","en"
"khamryn","m","en"
"khamya","f","en"
"khamyah","f","en"
"khan","m","en"
"khang","m","en"
"khaos","m","en"
"khareem","m","en"
"khari","f","en"
"kharie","m","en"
"kharis","f","en"
"kharisma","f","en"
"kharizma","f","en"
"kharlie","f","en"
"kharma","f","en"
"kharon","m","en"
"kharson","m","en"
"kharter","f","en"
"khasen","m","en"
"khash","m","en"
"khawlah","f","en"
"khaya","f","en"
"khayden","m","en"
"khayir","m","en"
"khaylani","f","en"
"khayr","m","en"
"khayri","m","en"
"khaza","f","en"
"khazi","f","en"
"khazier","m","en"
"khazir","m","en"
"kheilani","f","en"
"kheira","f","en"
"khelani","f","en"
"khelanie","f","en"
"khemani","f","en"
"khemistri","f","en"
"khemistry","f","en"
"khenan","m","en"
"khepri","f","en"
"kheumani","f","en"
"khi","m","en"
"khia","f","en"
"khiaire","m","en"
"khiara","f","en"
"khiari","m","en"
"khidr","m","en"
"khilan","m","en"
"khilani","f","en"
"khilyn","f","en"
"khilynn","f","en"
"khimir","m","en"
"khing","m","en"
"khingston","m","en"
"khione","f","en"
"khiree","m","en"
"khiro","m","en"
"khiry","m","en"
"khiya","f","en"
"khiza","m","en"
"khizar","m","en"
"khizer","m","en"
"khlani","f","en"
"khleo","f","en"
"khloe","f","en"
"khloee","f","en"
"khloey","f","en"
"khloi","f","en"
"khloie","f","en"
"khlover","f","en"
"khmari","m","en"
"khoa","m","en"
"khoda","m","en"
"khodi","f","en"
"khoen","m","en"
"khoi","f","en"
"khole","f","en"
"khori","f","en"
"khosen","m","en"
"khozen","m","en"
"khristian","f","en"
"khristopher","m","en"
"khrome","m","en"
"khush","m","en"
"khushi","f","en"
"khy","m","en"
"khya","f","en"
"khyair","m","en"
"khyaire","m","en"
"khyden","m","en"
"khye","m","en"
"khyier","m","en"
"khyir","m","en"
"khyla","f","en"
"khylah","f","en"
"khylan","m","en"
"khyland","m","en"
"khylani","f","en"
"khylar","f","en"
"khyleah","f","en"
"khylee","f","en"
"khylei","f","en"
"khyleigh","f","en"
"khylen","m","en"
"khyler","f","en"
"khyli","f","en"
"khylie","f","en"
"khylin","m","en"
"khylo","m","en"
"khylon","m","en"
"khylynn","f","en"
"khymir","m","en"
"khyon","m","en"
"khyra","f","en"
"khyre","m","en"
"khyree","m","en"
"khyrein","m","en"
"khyren","m","en"
"khyri","m","en"
"khyrie","m","en"
"khyrin","m","en"
"khyro","m","en"
"khysen","m","en"
"khyson","m","en"
"khyza","m","en"
"khyzen","m","en"
"khyzer","m","en"
"khyzir","m","en"
"ki","f","en"
"kia","f","en"
"kiaan","m","en"
"kiaansh","m","en"
"kiah","f","en"
"kiai","m","en"
"kiaire","m","en"
"kiam","m","en"
"kiami","f","en"
"kian","f","en"
"kiana","f","en"
"kianah","f","en"
"kiani","f","en"
"kianna","f","en"
"kiannah","f","en"
"kianni","f","en"
"kiano","m","en"
"kiansh","m","en"
"kiansha","f","en"
"kianu","m","en"
"kiany","f","en"
"kiara","f","en"
"kiarah","f","en"
"kiari","f","en"
"kiaro","m","en"
"kiarra","f","en"
"kias","m","en"
"kiaya","f","en"
"kida","f","en"
"kidd","m","en"
"kidus","m","en"
"kiefer","m","en"
"kiel","m","en"
"kiele","f","en"
"kieli","f","en"
"kiely","f","en"
"kien","m","en"
"kienna","f","en"
"kiera","f","en"
"kieran","f","en"
"kieren","m","en"
"kierian","m","en"
"kiernan","f","en"
"kieron","m","en"
"kierra","f","en"
"kierre","m","en"
"kiersten","f","en"
"kierstin","f","en"
"kierston","f","en"
"kierstyn","f","en"
"kieryn","m","en"
"kihanna","f","en"
"kiira","f","en"
"kijani","m","en"
"kiki","f","en"
"kiko","f","en"
"kila","f","en"
"kilah","f","en"
"kilan","m","en"
"kilani","f","en"
"kilee","f","en"
"kiley","f","en"
"kiliam","m","en"
"kilian","m","en"
"kilik","m","en"
"kiliyah","f","en"
"killari","f","en"
"killian","f","en"
"killua","m","en"
"killyan","m","en"
"kilo","m","en"
"kilyan","m","en"
"kilynn","f","en"
"kim","f","en"
"kima","f","en"
"kimana","f","en"
"kimani","f","en"
"kimari","f","en"
"kimaya","f","en"
"kimayah","f","en"
"kimball","m","en"
"kimbella","f","en"
"kimber","f","en"
"kimberlee","f","en"
"kimberleigh","f","en"
"kimberley","f","en"
"kimberli","f","en"
"kimberlin","f","en"
"kimberly","f","en"
"kimberlyn","f","en"
"kimberlynn","f","en"
"kimble","m","en"
"kimbria","f","en"
"kimi","f","en"
"kimia","f","en"
"kimiko","f","en"
"kimimila","f","en"
"kimiya","f","en"
"kimmi","f","en"
"kimmie","f","en"
"kimmy","f","en"
"kimoni","f","en"
"kimora","f","en"
"kimorah","f","en"
"kimori","f","en"
"kimura","f","en"
"kimya","f","en"
"kin","m","en"
"kina","f","en"
"kinan","m","en"
"kinaya","f","en"
"kincade","m","en"
"kincaid","m","en"
"kind","f","en"
"kinda","f","en"
"kindle","f","en"
"kindness","f","en"
"kindra","f","en"
"kindred","f","en"
"kindy","f","en"
"king","m","en"
"kinga","f","en"
"kingdavid","m","en"
"kingdom","m","en"
"kingjosiah","m","en"
"kingslee","f","en"
"kingsleigh","f","en"
"kingsley","f","en"
"kingsly","m","en"
"kingson","m","en"
"kingstan","m","en"
"kingsten","m","en"
"kingstin","m","en"
"kingston","f","en"
"kingstyn","m","en"
"kingstynn","m","en"
"kinlee","f","en"
"kinleigh","f","en"
"kinley","f","en"
"kinnick","m","en"
"kinnon","m","en"
"kino","m","en"
"kinsely","f","en"
"kinsey","f","en"
"kinslee","f","en"
"kinslei","f","en"
"kinsleigh","f","en"
"kinsler","m","en"
"kinsley","f","en"
"kinslie","f","en"
"kinston","m","en"
"kinza","f","en"
"kinze","f","en"
"kinzey","f","en"
"kinzie","f","en"
"kinzlee","f","en"
"kinzleigh","f","en"
"kinzley","f","en"
"kinzlie","f","en"
"kinzly","f","en"
"kinzy","f","en"
"kio","m","en"
"kiomi","f","en"
"kion","m","en"
"kiona","f","en"
"kioni","f","en"
"kior","f","en"
"kiora","f","en"
"kiori","f","en"
"kiowa","m","en"
"kip","m","en"
"kipling","m","en"
"kipp","m","en"
"kipton","m","en"
"kiptyn","m","en"
"kira","f","en"
"kirah","f","en"
"kiran","f","en"
"kirat","f","en"
"kirby","f","en"
"kiree","m","en"
"kiri","f","en"
"kirie","m","en"
"kirill","m","en"
"kirin","f","en"
"kirk","m","en"
"kirkland","m","en"
"kiro","m","en"
"kirolos","m","en"
"kirra","f","en"
"kirsi","f","en"
"kirsten","f","en"
"kirstin","f","en"
"kirubel","m","en"
"kisa","f","en"
"kisha","f","en"
"kishan","m","en"
"kismat","f","en"
"kiswa","f","en"
"kit","f","en"
"kita","f","en"
"kitai","m","en"
"kitana","f","en"
"kitra","f","en"
"kitt","f","en"
"kitty","f","en"
"kitzia","f","en"
"kiva","f","en"
"kivon","m","en"
"kix","m","en"
"kiya","f","en"
"kiyaan","m","en"
"kiyah","f","en"
"kiyair","m","en"
"kiyan","m","en"
"kiyana","f","en"
"kiyani","f","en"
"kiyanna","f","en"
"kiyanni","f","en"
"kiyansh","m","en"
"kiyara","f","en"
"kiyari","f","en"
"kiyen","m","en"
"kiyir","m","en"
"kiyoko","f","en"
"kiyomi","f","en"
"kiyon","m","en"
"kiyoshi","f","en"
"kiza","f","en"
"kizer","m","en"
"kj","m","en"
"klair","f","en"
"klaira","f","en"
"klaire","f","en"
"klani","f","en"
"klanii","f","en"
"klara","f","en"
"klarissa","f","en"
"klarity","f","en"
"klark","m","en"
"klaudia","f","en"
"klaus","m","en"
"klay","m","en"
"klayah","f","en"
"klayton","m","en"
"klea","f","en"
"kleigh","f","en"
"klein","m","en"
"kleio","f","en"
"kleo","f","en"
"klever","f","en"
"klhoe","f","en"
"kline","m","en"
"klint","m","en"
"kloe","f","en"
"kloey","f","en"
"kloie","f","en"
"kloni","f","en"
"kloud","m","en"
"klover","f","en"
"klyde","m","en"
"klynn","f","en"
"kmari","f","en"
"kmarion","m","en"
"kmiri","m","en"
"kmora","f","en"
"knash","m","en"
"knavi","f","en"
"knight","m","en"
"knightley","f","en"
"knightly","f","en"
"knoa","m","en"
"knoah","m","en"
"knoelle","f","en"
"knola","f","en"
"knolan","m","en"
"knori","f","en"
"knova","f","en"
"knovah","f","en"
"knowledge","f","en"
"knox","f","en"
"knoxlee","f","en"
"knoxleigh","f","en"
"knoxley","f","en"
"knoxly","f","en"
"knoxlynn","f","en"
"knoxton","m","en"
"knoxtyn","m","en"
"knoxville","m","en"
"knoxx","m","en"
"knyla","f","en"
"knylah","f","en"
"koa","f","en"
"koah","f","en"
"koan","m","en"
"koast","f","en"
"koba","m","en"
"kobe","f","en"
"kobee","m","en"
"kobi","f","en"
"kobie","f","en"
"koby","f","en"
"kobyn","m","en"
"koda","f","en"
"kodah","m","en"
"kodak","m","en"
"kodan","m","en"
"kodee","f","en"
"koden","m","en"
"kodi","f","en"
"kodiak","m","en"
"kodie","f","en"
"kody","f","en"
"koe","m","en"
"koehn","m","en"
"koen","m","en"
"kofi","f","en"
"kohan","m","en"
"kohana","f","en"
"kohen","f","en"
"kohl","m","en"
"kohler","m","en"
"kohlson","m","en"
"kohlton","m","en"
"kohyn","m","en"
"koi","f","en"
"koir","f","en"
"koji","m","en"
"kojo","m","en"
"koki","m","en"
"koko","f","en"
"kol","m","en"
"kolbe","m","en"
"kolbee","f","en"
"kolbi","f","en"
"kolbie","f","en"
"kolby","f","en"
"kolden","m","en"
"kole","m","en"
"koleman","m","en"
"koleson","m","en"
"koleston","m","en"
"kolesyn","m","en"
"kolette","f","en"
"kolin","m","en"
"kollin","m","en"
"kollins","f","en"
"kolly","f","en"
"kollyn","f","en"
"kollyns","f","en"
"kolsen","m","en"
"kolson","m","en"
"kolsten","m","en"
"kolston","m","en"
"kolsyn","m","en"
"kolt","m","en"
"koltan","m","en"
"kolten","m","en"
"kolter","m","en"
"koltin","m","en"
"kolton","m","en"
"koltyn","m","en"
"kona","f","en"
"konan","m","en"
"konner","m","en"
"konnor","f","en"
"konrad","m","en"
"konstance","f","en"
"konstantin","m","en"
"konstantina","f","en"
"konstantine","m","en"
"konstantinos","m","en"
"kooper","f","en"
"kopeland","m","en"
"kopelyn","f","en"
"kopelynn","f","en"
"kopen","m","en"
"kopper","m","en"
"kora","f","en"
"korah","f","en"
"koraima","f","en"
"koral","f","en"
"koralee","f","en"
"koraleigh","f","en"
"koralie","f","en"
"koraline","f","en"
"koralyn","f","en"
"koralynn","f","en"
"koran","m","en"
"korayma","f","en"
"korban","m","en"
"korben","m","en"
"korbin","f","en"
"korbyn","f","en"
"kord","m","en"
"kordae","m","en"
"kordelia","f","en"
"kordell","m","en"
"kore","f","en"
"koree","f","en"
"korei","f","en"
"koren","m","en"
"korey","m","en"
"kori","f","en"
"korian","m","en"
"korie","f","en"
"korin","m","en"
"korina","f","en"
"korinna","f","en"
"korinne","f","en"
"kornelius","m","en"
"korra","f","en"
"korrah","f","en"
"korri","f","en"
"korrie","f","en"
"korryn","f","en"
"kortez","m","en"
"kortlyn","f","en"
"kortlynn","f","en"
"kortney","f","en"
"korver","m","en"
"korvin","m","en"
"kory","f","en"
"koryn","f","en"
"korynn","f","en"
"kosisochukwu","f","en"
"kosta","m","en"
"kostas","m","en"
"koston","m","en"
"kota","f","en"
"kotah","m","en"
"kotaro","m","en"
"koulter","m","en"
"kourage","m","en"
"kouri","f","en"
"kourtland","m","en"
"kourtlyn","f","en"
"kourtlynn","f","en"
"kourtney","f","en"
"kourtni","f","en"
"kouture","f","en"
"kouvr","f","en"
"kova","f","en"
"kovan","m","en"
"kove","f","en"
"koven","m","en"
"kovi","f","en"
"kovie","f","en"
"kovu","m","en"
"kowan","m","en"
"kowen","m","en"
"kowsar","f","en"
"koy","m","en"
"kozmo","m","en"
"kratos","m","en"
"kreation","f","en"
"kree","f","en"
"kreece","m","en"
"kreed","f","en"
"kreedence","m","en"
"kreek","m","en"
"kreighton","m","en"
"krew","f","en"
"krewe","m","en"
"kridha","f","en"
"krimson","f","en"
"kripa","f","en"
"kris","f","en"
"krish","m","en"
"krisha","f","en"
"krishal","m","en"
"krishav","m","en"
"krishay","m","en"
"krishika","f","en"
"krishiv","m","en"
"krishivreddy","m","en"
"krishna","f","en"
"krishnav","m","en"
"krishvi","f","en"
"krisley","f","en"
"krislyn","f","en"
"krislynn","f","en"
"krissy","f","en"
"krista","f","en"
"kristal","f","en"
"kristaly","f","en"
"kristel","f","en"
"kristell","f","en"
"kristella","f","en"
"kristen","f","en"
"kristhel","f","en"
"kristi","f","en"
"kristian","f","en"
"kristiana","f","en"
"kristianna","f","en"
"kristiano","m","en"
"kristin","f","en"
"kristina","f","en"
"kristine","f","en"
"kristof","m","en"
"kristofer","m","en"
"kristoff","m","en"
"kristoffer","m","en"
"kristopher","m","en"
"kristy","f","en"
"kristyn","f","en"
"krithi","f","en"
"krithik","m","en"
"krithika","f","en"
"krithvik","m","en"
"kriti","f","en"
"kritika","f","en"
"kritin","m","en"
"kriva","f","en"
"kriyan","m","en"
"kriyansh","m","en"
"kroi","m","en"
"kroix","m","en"
"kron","m","en"
"krosby","m","en"
"kross","m","en"
"krown","m","en"
"kroy","m","en"
"kru","f","en"
"krue","f","en"
"kruse","m","en"
"kruz","m","en"
"kruze","m","en"
"krysta","f","en"
"krystal","f","en"
"krystel","f","en"
"krystian","m","en"
"krystina","f","en"
"krystopher","m","en"
"ksenia","f","en"
"kshawn","m","en"
"kson","m","en"
"ksyn","m","en"
"kuba","m","en"
"kudrat","f","en"
"kudus","m","en"
"kuhlani","f","en"
"kuiper","m","en"
"kullen","m","en"
"kulsoom","f","en"
"kulture","f","en"
"kumba","f","en"
"kunga","m","en"
"kupaa","m","en"
"kuran","m","en"
"kuromi","f","en"
"kurrency","f","en"
"kurt","m","en"
"kurtis","m","en"
"kush","m","en"
"kushal","m","en"
"kushi","f","en"
"kutler","m","en"
"kutter","m","en"
"kuvira","f","en"
"kuzey","m","en"
"kvon","m","en"
"kwabena","m","en"
"kwadwo","m","en"
"kwaku","m","en"
"kwame","m","en"
"kwasi","m","en"
"kween","f","en"
"kweli","m","en"
"kwesi","m","en"
"kwynn","f","en"
"ky","f","en"
"kya","f","en"
"kyah","f","en"
"kyaiir","m","en"
"kyair","m","en"
"kyaira","f","en"
"kyaire","f","en"
"kyairo","m","en"
"kyalynn","f","en"
"kyan","f","en"
"kyana","f","en"
"kyani","f","en"
"kyann","f","en"
"kyanna","f","en"
"kyanne","f","en"
"kyara","f","en"
"kyarah","f","en"
"kyari","f","en"
"kyarie","f","en"
"kyas","m","en"
"kyasia","f","en"
"kyce","m","en"
"kycen","m","en"
"kycere","m","en"
"kycion","m","en"
"kyden","m","en"
"kydon","m","en"
"kye","f","en"
"kyeir","m","en"
"kyel","m","en"
"kyelle","f","en"
"kyere","m","en"
"kyeson","m","en"
"kyheem","m","en"
"kyheir","m","en"
"kyhir","m","en"
"kyi","m","en"
"kyia","f","en"
"kyiah","f","en"
"kyian","m","en"
"kyier","m","en"
"kyiere","m","en"
"kyiir","m","en"
"kyion","m","en"
"kyir","m","en"
"kyire","m","en"
"kyison","m","en"
"kyius","m","en"
"kyjuan","m","en"
"kyla","f","en"
"kylah","f","en"
"kylan","f","en"
"kyland","m","en"
"kylani","f","en"
"kylann","m","en"
"kylar","f","en"
"kylayah","f","en"
"kyle","f","en"
"kylea","f","en"
"kyleah","f","en"
"kylee","f","en"
"kyleena","f","en"
"kylei","f","en"
"kyleia","f","en"
"kyleigh","f","en"
"kyleigha","f","en"
"kylen","f","en"
"kylena","f","en"
"kylend","m","en"
"kylenn","m","en"
"kyler","f","en"
"kyley","f","en"
"kyli","f","en"
"kylia","f","en"
"kyliah","f","en"
"kyliam","m","en"
"kylian","m","en"
"kyliana","f","en"
"kyliann","m","en"
"kylie","f","en"
"kylieann","f","en"
"kyliee","f","en"
"kylil","m","en"
"kylin","f","en"
"kylina","f","en"
"kylinn","f","en"
"kyliyah","f","en"
"kyllian","m","en"
"kylo","f","en"
"kyloh","m","en"
"kylon","m","en"
"kyloni","f","en"
"kylor","m","en"
"kylyn","f","en"
"kylynn","f","en"
"kymani","f","en"
"kymari","f","en"
"kymber","f","en"
"kymberlee","f","en"
"kymberly","f","en"
"kymbre","f","en"
"kymeir","m","en"
"kymere","m","en"
"kymeria","f","en"
"kymier","m","en"
"kymiere","m","en"
"kymir","m","en"
"kymire","m","en"
"kymoni","m","en"
"kymora","f","en"
"kymorah","f","en"
"kyna","f","en"
"kynadee","f","en"
"kynd","f","en"
"kyndal","f","en"
"kyndall","f","en"
"kyndell","f","en"
"kyndle","f","en"
"kyndrix","m","en"
"kynedi","f","en"
"kyng","m","en"
"kyngdom","m","en"
"kyngsten","m","en"
"kyngston","m","en"
"kyngstyn","m","en"
"kynlee","f","en"
"kynlei","f","en"
"kynleigh","f","en"
"kynley","f","en"
"kynlie","f","en"
"kynnadi","f","en"
"kynnedi","f","en"
"kynnedy","f","en"
"kynslee","f","en"
"kynslei","f","en"
"kynsleigh","f","en"
"kynsley","f","en"
"kynsli","f","en"
"kynslie","f","en"
"kynzi","f","en"
"kynzie","f","en"
"kynzlee","f","en"
"kynzleigh","f","en"
"kynzley","f","en"
"kynzli","f","en"
"kynzlie","f","en"
"kyo","m","en"
"kyomi","f","en"
"kyon","m","en"
"kyoni","f","en"
"kyonna","f","en"
"kyori","f","en"
"kyper","m","en"
"kyra","f","en"
"kyrah","f","en"
"kyran","m","en"
"kyre","m","en"
"kyree","f","en"
"kyreece","m","en"
"kyreese","m","en"
"kyrein","m","en"
"kyrell","m","en"
"kyren","m","en"
"kyrenn","m","en"
"kyreon","m","en"
"kyrese","m","en"
"kyri","f","en"
"kyria","f","en"
"kyriah","f","en"
"kyriaki","f","en"
"kyriakos","m","en"
"kyrian","m","en"
"kyrie","f","en"
"kyriee","m","en"
"kyrielle","f","en"
"kyrien","m","en"
"kyrii","m","en"
"kyrillos","m","en"
"kyrin","f","en"
"kyrion","m","en"
"kyris","m","en"
"kyro","f","en"
"kyroe","m","en"
"kyroh","m","en"
"kyron","m","en"
"kyros","m","en"
"kyrra","f","en"
"kyrus","m","en"
"kyryn","m","en"
"kysen","m","en"
"kyser","m","en"
"kyshawn","m","en"
"kysier","m","en"
"kysin","m","en"
"kysir","m","en"
"kyson","m","en"
"kyston","m","en"
"kysyn","m","en"
"kyuss","m","en"
"kyven","m","en"
"kyza","f","en"
"kyzah","m","en"
"kyzair","m","en"
"kyzaire","m","en"
"kyzar","m","en"
"kyzeir","m","en"
"kyzen","m","en"
"kyzer","m","en"
"kyzere","m","en"
"kyzier","m","en"
"kyzin","m","en"
"kyzir","m","en"
"laakea","m","en"
"labella","f","en"
"labiba","f","en"
"lacari","m","en"
"lacee","f","en"
"lacey","f","en"
"lachelle","f","en"
"lachlan","f","en"
"lachlann","m","en"
"lachlyn","f","en"
"laci","f","en"
"lacie","f","en"
"lacy","f","en"
"ladarian","m","en"
"ladarius","m","en"
"ladarrion","m","en"
"ladarrius","m","en"
"ladd","m","en"
"ladon","m","en"
"lady","f","en"
"laekyn","f","en"
"lael","f","en"
"laela","f","en"
"laelah","f","en"
"laelani","f","en"
"laelia","f","en"
"laelle","f","en"
"laelyn","f","en"
"laelynn","f","en"
"laena","f","en"
"lafayette","m","en"
"lagertha","f","en"
"lahia","f","en"
"lahna","f","en"
"laia","f","en"
"laiah","f","en"
"laiana","f","en"
"laiani","f","en"
"laianna","f","en"
"laiba","f","en"
"laiden","m","en"
"laif","m","en"
"laiken","f","en"
"laiklyn","f","en"
"laiklynn","f","en"
"laikyn","f","en"
"laikynn","f","en"
"laila","f","en"
"lailah","f","en"
"lailani","f","en"
"lailanni","f","en"
"lailany","f","en"
"lailee","f","en"
"lailoni","f","en"
"lailonni","f","en"
"lailonnie","f","en"
"lailyn","f","en"
"lailynn","f","en"
"lain","f","en"
"laina","f","en"
"laine","f","en"
"lainee","f","en"
"lainey","f","en"
"laineyjo","f","en"
"laini","f","en"
"lainie","f","en"
"lainy","f","en"
"laioni","f","en"
"laira","f","en"
"lais","f","en"
"laisa","f","en"
"laisha","f","en"
"laith","m","en"
"laithan","m","en"
"laithen","m","en"
"laityn","f","en"
"laiya","f","en"
"laiyah","f","en"
"laiyana","f","en"
"laiyani","f","en"
"laiyla","f","en"
"lajuan","m","en"
"lakai","m","en"
"lakaiya","f","en"
"lakayla","f","en"
"lake","f","en"
"lakeisha","f","en"
"lakeland","m","en"
"lakelee","f","en"
"lakeleigh","f","en"
"lakely","f","en"
"lakelyn","f","en"
"lakelynn","f","en"
"laken","f","en"
"lakendrick","m","en"
"lakenzie","f","en"
"laker","f","en"
"lakeyah","f","en"
"lakeyn","f","en"
"lakhi","m","en"
"lakin","f","en"
"laklyn","f","en"
"laklynn","f","en"
"lakoda","f","en"
"lakota","f","en"
"laksh","m","en"
"lakshmi","f","en"
"lakyn","f","en"
"lakynn","f","en"
"lala","f","en"
"lalani","f","en"
"laleh","f","en"
"lali","f","en"
"lalia","f","en"
"lalisa","f","en"
"lalita","f","en"
"lalitha","f","en"
"lalo","m","en"
"laloni","f","en"
"lama","f","en"
"lamani","f","en"
"lamar","f","en"
"lamara","f","en"
"lamarcus","m","en"
"lamari","f","en"
"lamaria","f","en"
"lamario","m","en"
"lamarion","m","en"
"lamarr","m","en"
"lamaya","f","en"
"lambert","m","en"
"lamees","f","en"
"lameir","m","en"
"lamelo","m","en"
"lamere","m","en"
"lamia","f","en"
"lamiah","f","en"
"lamier","m","en"
"lamin","m","en"
"lamine","m","en"
"lamir","m","en"
"lamiracle","f","en"
"lamis","f","en"
"lamiya","f","en"
"lamiyah","f","en"
"lamond","m","en"
"lamoni","f","en"
"lamont","m","en"
"lamontae","m","en"
"lamonte","m","en"
"lamya","f","en"
"lamyah","f","en"
"lamyia","f","en"
"lamyra","f","en"
"lan","m","en"
"lana","f","en"
"lanae","f","en"
"lanah","f","en"
"lanai","f","en"
"lanaiya","f","en"
"lanaya","f","en"
"lanayah","f","en"
"lance","m","en"
"lancelot","m","en"
"landan","m","en"
"landen","f","en"
"lander","m","en"
"landin","m","en"
"landis","m","en"
"lando","m","en"
"landon","m","en"
"landree","f","en"
"landrey","f","en"
"landri","f","en"
"landric","m","en"
"landrie","f","en"
"landry","f","en"
"landyn","f","en"
"landynn","m","en"
"lane","f","en"
"laneigh","f","en"
"laney","f","en"
"lang","m","en"
"langdon","m","en"
"langley","f","en"
"langston","f","en"
"lani","f","en"
"lania","f","en"
"laniah","f","en"
"laniakea","f","en"
"lanie","f","en"
"laniee","f","en"
"lanier","f","en"
"lanita","f","en"
"laniya","f","en"
"laniyah","f","en"
"laniylah","f","en"
"lanna","f","en"
"lannie","f","en"
"lanny","m","en"
"lanora","f","en"
"lanova","f","en"
"lanson","m","en"
"lany","f","en"
"lanya","f","en"
"lanyah","f","en"
"lanyiah","f","en"
"lanyla","f","en"
"laquan","m","en"
"lara","f","en"
"larae","f","en"
"larah","f","en"
"laraina","f","en"
"laraine","f","en"
"laramee","f","en"
"laramie","f","en"
"laraya","f","en"
"larayah","f","en"
"lareen","f","en"
"lareina","f","en"
"lareine","f","en"
"larelle","f","en"
"larenz","m","en"
"larenzo","m","en"
"lareyna","f","en"
"lariah","f","en"
"larimar","f","en"
"larine","f","en"
"larisa","f","en"
"larissa","f","en"
"lariya","f","en"
"lariyah","f","en"
"lark","f","en"
"larkin","f","en"
"larkyn","f","en"
"laron","m","en"
"larose","f","en"
"larry","m","en"
"lars","m","en"
"larsen","f","en"
"larson","f","en"
"larue","f","en"
"larya","f","en"
"laryah","f","en"
"laryssa","f","en"
"lashaun","m","en"
"lashawn","m","en"
"lashay","f","en"
"lashon","m","en"
"lassana","m","en"
"lasya","f","en"
"laszlo","m","en"
"latanya","f","en"
"lataya","f","en"
"latham","m","en"
"lathan","m","en"
"lathen","m","en"
"lathon","m","en"
"latifa","f","en"
"latisha","f","en"
"latoria","f","en"
"latoya","f","en"
"latrell","m","en"
"latrice","f","en"
"latroy","m","en"
"launa","f","en"
"laura","f","en"
"lauralei","f","en"
"lauralye","f","en"
"laurel","f","en"
"laurelai","f","en"
"laurelin","f","en"
"laurelle","f","en"
"lauren","f","en"
"laurence","m","en"
"laurent","f","en"
"lauretta","f","en"
"laurie","f","en"
"lauriel","f","en"
"lauro","m","en"
"lauryn","f","en"
"laurynn","f","en"
"lautaro","m","en"
"lavaeh","f","en"
"lavanya","f","en"
"lavaughn","m","en"
"lavaya","f","en"
"lavayah","f","en"
"laveah","f","en"
"lavell","m","en"
"lavelle","m","en"
"lavender","f","en"
"lavera","f","en"
"lavern","m","en"
"laverne","m","en"
"laveya","f","en"
"laveyah","f","en"
"lavi","m","en"
"lavie","f","en"
"lavin","f","en"
"lavina","f","en"
"lavinia","f","en"
"lavon","m","en"
"lavonna","f","en"
"lavontae","m","en"
"lavonte","m","en"
"lavynder","f","en"
"law","m","en"
"lawaia","m","en"
"lawayne","m","en"
"lawler","m","en"
"lawren","f","en"
"lawrence","f","en"
"lawson","f","en"
"lawsyn","f","en"
"lawton","m","en"
"laya","f","en"
"layaan","f","en"
"layah","f","en"
"layal","f","en"
"layali","f","en"
"layan","f","en"
"layana","f","en"
"layanah","f","en"
"layani","f","en"
"layanna","f","en"
"layanne","f","en"
"laycee","f","en"
"layden","m","en"
"layelle","f","en"
"layke","f","en"
"layken","f","en"
"laykin","f","en"
"layklen","f","en"
"layklyn","f","en"
"layklynn","f","en"
"laykyn","f","en"
"layla","f","en"
"laylah","f","en"
"laylana","f","en"
"laylani","f","en"
"laylanie","f","en"
"laylanii","f","en"
"laylanni","f","en"
"laylany","f","en"
"laylarae","f","en"
"laylarose","f","en"
"laylee","f","en"
"layleigh","f","en"
"laylen","f","en"
"layli","f","en"
"layliana","f","en"
"laylianna","f","en"
"laylin","f","en"
"layloni","f","en"
"laylonie","f","en"
"laylyn","f","en"
"laylynn","f","en"
"layn","m","en"
"layna","f","en"
"layne","f","en"
"laynee","f","en"
"layney","f","en"
"layni","f","en"
"laynie","f","en"
"layona","f","en"
"layoni","f","en"
"layonna","f","en"
"layonni","f","en"
"layra","f","en"
"laysha","f","en"
"layson","m","en"
"layten","m","en"
"layth","m","en"
"laythan","m","en"
"layton","f","en"
"lazar","m","en"
"lazare","m","en"
"lazariah","f","en"
"lazaro","m","en"
"lazarus","m","en"
"lazer","m","en"
"lazlo","m","en"
"lazuli","f","en"
"lea","f","en"
"leah","f","en"
"leahana","f","en"
"leahna","f","en"
"leala","f","en"
"lealani","f","en"
"leam","m","en"
"lean","f","en"
"leana","f","en"
"leander","m","en"
"leandra","f","en"
"leandre","m","en"
"leandro","m","en"
"leangelo","m","en"
"leani","f","en"
"leann","f","en"
"leanna","f","en"
"leannah","f","en"
"leanne","f","en"
"leanni","f","en"
"leanny","f","en"
"leano","m","en"
"leanora","f","en"
"leany","f","en"
"leart","m","en"
"leasia","f","en"
"leavitt","m","en"
"leba","f","en"
"lebron","m","en"
"leda","f","en"
"leddie","f","en"
"leddy","f","en"
"ledgend","m","en"
"ledger","f","en"
"leduar","m","en"
"lee","f","en"
"leeah","f","en"
"leeam","m","en"
"leeana","f","en"
"leeani","f","en"
"leeann","f","en"
"leeanna","f","en"
"leeba","f","en"
"leela","f","en"
"leelah","f","en"
"leelan","m","en"
"leeland","m","en"
"leelani","f","en"
"leeloo","f","en"
"leelyn","m","en"
"leelynd","m","en"
"leelynn","m","en"
"leen","f","en"
"leena","f","en"
"leenah","f","en"
"leeon","m","en"
"leeroy","m","en"
"leevi","m","en"
"leeya","f","en"
"leeyah","f","en"
"lefty","m","en"
"legacee","f","en"
"legaci","f","en"
"legacie","f","en"
"legacii","f","en"
"legacy","f","en"
"legand","m","en"
"legend","f","en"
"legendary","m","en"
"legion","m","en"
"legna","f","en"
"legynd","m","en"
"lehani","f","en"
"lehi","m","en"
"lehia","f","en"
"lehlani","f","en"
"lehua","f","en"
"lei","f","en"
"leia","f","en"
"leiah","f","en"
"leialoha","f","en"
"leiana","f","en"
"leiani","f","en"
"leianna","f","en"
"leianni","f","en"
"leiara","f","en"
"leib","m","en"
"leibish","m","en"
"leiby","m","en"
"leica","f","en"
"leidy","f","en"
"leif","m","en"
"leigh","f","en"
"leigha","f","en"
"leighana","f","en"
"leighann","f","en"
"leighanna","f","en"
"leighanne","f","en"
"leighla","f","en"
"leighlani","f","en"
"leighlyn","f","en"
"leighton","f","en"
"leightyn","f","en"
"leihana","f","en"
"leihlani","f","en"
"leila","f","en"
"leilah","f","en"
"leilahni","f","en"
"leilan","m","en"
"leilana","f","en"
"leiland","m","en"
"leilani","f","en"
"leilanie","f","en"
"leilanii","f","en"
"leilanis","f","en"
"leilanni","f","en"
"leilanny","f","en"
"leilany","f","en"
"leilanys","f","en"
"leiliana","f","en"
"leiliani","f","en"
"leilianna","f","en"
"leiliany","f","en"
"leiloni","f","en"
"leina","f","en"
"leinani","f","en"
"leiona","f","en"
"leionna","f","en"
"leira","f","en"
"leire","f","en"
"leisa","f","en"
"leisel","f","en"
"leisha","f","en"
"leissa","f","en"
"leith","m","en"
"leiya","f","en"
"leiyah","f","en"
"leiyani","f","en"
"leiza","f","en"
"lejend","m","en"
"lejla","f","en"
"lela","f","en"
"lelah","f","en"
"lelan","m","en"
"leland","f","en"
"lelani","f","en"
"lelend","m","en"
"lelia","f","en"
"leliana","f","en"
"leloni","f","en"
"lemar","m","en"
"lemmie","f","en"
"lemmy","f","en"
"lemon","f","en"
"lemuel","m","en"
"len","m","en"
"lena","f","en"
"lenaya","f","en"
"lenayah","f","en"
"leni","f","en"
"leniel","m","en"
"lenier","m","en"
"lenin","m","en"
"lenix","f","en"
"leniya","f","en"
"leniyah","f","en"
"lenka","f","en"
"lenley","f","en"
"lenna","f","en"
"lennan","f","en"
"lennex","f","en"
"lenni","f","en"
"lennie","f","en"
"lennin","m","en"
"lennix","f","en"
"lennon","f","en"
"lennox","f","en"
"lennoxx","m","en"
"lenny","f","en"
"lennyn","f","en"
"lennyx","f","en"
"leno","m","en"
"lenora","f","en"
"lenorah","f","en"
"lenore","f","en"
"lenox","f","en"
"lenoxx","m","en"
"lens","m","en"
"lensky","m","en"
"leny","f","en"
"lenya","f","en"
"lenyx","f","en"
"leo","m","en"
"leobardo","m","en"
"leodan","m","en"
"leoh","m","en"
"leola","f","en"
"leomar","m","en"
"leon","m","en"
"leona","f","en"
"leonara","f","en"
"leonard","m","en"
"leonarda","f","en"
"leonardo","m","en"
"leoncio","m","en"
"leondre","m","en"
"leondro","m","en"
"leone","f","en"
"leonel","m","en"
"leonela","f","en"
"leonella","f","en"
"leonhard","m","en"
"leonhart","m","en"
"leoni","f","en"
"leonid","m","en"
"leonidas","m","en"
"leonides","m","en"
"leonidus","m","en"
"leonie","f","en"
"leoniel","m","en"
"leonila","f","en"
"leonis","m","en"
"leonna","f","en"
"leonni","f","en"
"leonnie","f","en"
"leonor","f","en"
"leonora","f","en"
"leonore","f","en"
"leonzo","m","en"
"leopold","m","en"
"leopoldo","m","en"
"leor","m","en"
"leora","f","en"
"leota","f","en"
"leovani","m","en"
"leovanni","m","en"
"leovonni","m","en"
"lera","f","en"
"leron","m","en"
"leroy","m","en"
"les","m","en"
"lesandro","m","en"
"lesieli","f","en"
"leslee","f","en"
"lesley","f","en"
"lesli","f","en"
"leslie","f","en"
"lesly","f","en"
"leslye","f","en"
"leslyn","f","en"
"lessie","f","en"
"lestat","m","en"
"lester","m","en"
"lesther","m","en"
"leta","f","en"
"leti","f","en"
"leticia","f","en"
"letisha","f","en"
"letizia","f","en"
"leto","m","en"
"letta","f","en"
"letti","f","en"
"lettie","f","en"
"letty","f","en"
"leul","m","en"
"lev","f","en"
"leva","f","en"
"levana","f","en"
"leveah","f","en"
"levee","f","en"
"leven","m","en"
"levent","m","en"
"levente","m","en"
"leveon","m","en"
"levi","m","en"
"leviah","f","en"
"levian","m","en"
"leviathan","m","en"
"levie","f","en"
"levii","m","en"
"levin","m","en"
"levis","m","en"
"leviticus","m","en"
"levitt","m","en"
"levon","m","en"
"levy","f","en"
"levyn","f","en"
"lew","m","en"
"lewhat","f","en"
"lewi","m","en"
"lewin","m","en"
"lewis","m","en"
"lewyn","m","en"
"lex","f","en"
"lexa","f","en"
"lexander","m","en"
"lexani","f","en"
"lexee","f","en"
"lexi","f","en"
"lexia","f","en"
"lexiana","f","en"
"lexie","f","en"
"lexiel","m","en"
"lexii","f","en"
"lexington","f","en"
"lexis","f","en"
"lexon","m","en"
"lexton","m","en"
"lexus","f","en"
"lexx","m","en"
"lexy","f","en"
"leya","f","en"
"leyah","f","en"
"leyan","f","en"
"leyana","f","en"
"leyani","f","en"
"leyanna","f","en"
"leyda","f","en"
"leydi","f","en"
"leydy","f","en"
"leyla","f","en"
"leylah","f","en"
"leylahni","f","en"
"leyland","m","en"
"leylani","f","en"
"leylanie","f","en"
"leylanni","f","en"
"leylany","f","en"
"leyli","f","en"
"leyna","f","en"
"leysha","f","en"
"leysi","f","en"
"leyton","f","en"
"li","m","en"
"lia","f","en"
"liah","f","en"
"liahm","m","en"
"liahna","f","en"
"liam","m","en"
"liamani","f","en"
"liamgael","m","en"
"liams","m","en"
"lian","f","en"
"liana","f","en"
"lianah","f","en"
"liander","m","en"
"liandro","m","en"
"liane","f","en"
"liangelo","m","en"
"liani","f","en"
"lianna","f","en"
"lianne","f","en"
"lianni","f","en"
"lianny","f","en"
"liano","m","en"
"liany","f","en"
"liara","f","en"
"lias","m","en"
"liat","f","en"
"liav","m","en"
"liba","f","en"
"liban","m","en"
"libbi","f","en"
"libbie","f","en"
"libby","f","en"
"liberti","f","en"
"liberty","f","en"
"libi","f","en"
"librado","m","en"
"liby","f","en"
"licia","f","en"
"lida","f","en"
"lidia","f","en"
"lidiya","f","en"
"lidya","f","en"
"lief","m","en"
"liel","f","en"
"lielle","f","en"
"liem","m","en"
"liena","f","en"
"lienna","f","en"
"liesel","f","en"
"liesl","f","en"
"liev","m","en"
"light","f","en"
"liham","m","en"
"lijah","m","en"
"lila","f","en"
"lilac","f","en"
"lilah","f","en"
"lilan","f","en"
"lilani","f","en"
"lilee","f","en"
"lili","f","en"
"lilia","f","en"
"liliah","f","en"
"lilian","f","en"
"liliana","f","en"
"liliane","f","en"
"liliani","f","en"
"liliann","f","en"
"lilianna","f","en"
"lilianne","f","en"
"liliany","f","en"
"lilias","f","en"
"lilibet","f","en"
"lilibeth","f","en"
"lilie","f","en"
"lilienne","f","en"
"lilieth","f","en"
"lilinoe","f","en"
"lilit","f","en"
"lilith","f","en"
"liliya","f","en"
"liliyana","f","en"
"lilja","f","en"
"lilla","f","en"
"lillah","f","en"
"lillee","f","en"
"lilley","f","en"
"lilli","f","en"
"lillia","f","en"
"lilliah","f","en"
"lilliam","f","en"
"lillian","f","en"
"lilliana","f","en"
"lilliane","f","en"
"lilliani","f","en"
"lilliann","f","en"
"lillianna","f","en"
"lillianne","f","en"
"lillie","f","en"
"lillieann","f","en"
"lilliemae","f","en"
"lillith","f","en"
"lilly","f","en"
"lillyan","f","en"
"lillyana","f","en"
"lillyann","f","en"
"lillyanna","f","en"
"lillyanne","f","en"
"lillybeth","f","en"
"lillymae","f","en"
"lillyonna","f","en"
"lillyrose","f","en"
"lillyth","f","en"
"lilo","f","en"
"lilou","f","en"
"lily","f","en"
"lilya","f","en"
"lilyan","f","en"
"lilyana","f","en"
"lilyanah","f","en"
"lilyann","f","en"
"lilyanna","f","en"
"lilyanne","f","en"
"lilybelle","f","en"
"lilybeth","f","en"
"lilygrace","f","en"
"lilyjane","f","en"
"lilyjo","f","en"
"lilymae","f","en"
"lilymarie","f","en"
"lilyonna","f","en"
"lilyrose","f","en"
"lilyth","f","en"
"lima","f","en"
"lin","f","en"
"lina","f","en"
"linc","m","en"
"lincoln","m","en"
"lincy","f","en"
"linda","f","en"
"lindee","f","en"
"lindell","m","en"
"linden","f","en"
"lindi","f","en"
"lindie","f","en"
"lindley","f","en"
"lindon","m","en"
"lindsay","f","en"
"lindsey","f","en"
"lindy","f","en"
"lindyn","f","en"
"linen","f","en"
"linette","f","en"
"linh","f","en"
"link","m","en"
"linken","m","en"
"linkin","m","en"
"linkoln","m","en"
"linkon","m","en"
"linkyn","f","en"
"linley","f","en"
"linna","f","en"
"linnaea","f","en"
"linnea","f","en"
"linnie","f","en"
"linny","f","en"
"lino","m","en"
"linora","f","en"
"linsey","f","en"
"linsy","f","en"
"linton","m","en"
"linus","m","en"
"linux","m","en"
"linwood","m","en"
"linzie","f","en"
"linzy","f","en"
"lio","m","en"
"lion","m","en"
"liona","f","en"
"lionardo","m","en"
"lionel","m","en"
"lior","f","en"
"liora","f","en"
"liorah","f","en"
"lipa","m","en"
"lir","m","en"
"lira","f","en"
"lirael","f","en"
"lis","f","en"
"lisa","f","en"
"lisabella","f","en"
"lisamarie","f","en"
"lisandra","f","en"
"lisandro","m","en"
"lisanna","f","en"
"lisbeth","f","en"
"liseli","f","en"
"liseth","f","en"
"lisette","f","en"
"lisha","f","en"
"lisiate","m","en"
"liss","f","en"
"lissa","f","en"
"lissandra","f","en"
"lissandro","m","en"
"lissette","f","en"
"liston","m","en"
"lita","f","en"
"lito","m","en"
"litza","f","en"
"litzi","f","en"
"litzy","f","en"
"liv","f","en"
"livan","m","en"
"livana","f","en"
"livee","f","en"
"lively","f","en"
"livi","f","en"
"livia","f","en"
"livian","f","en"
"liviana","f","en"
"livianna","f","en"
"livie","f","en"
"livienne","f","en"
"livingston","f","en"
"livinia","f","en"
"livio","m","en"
"livvie","f","en"
"livvy","f","en"
"livy","f","en"
"liya","f","en"
"liyah","f","en"
"liyan","f","en"
"liyana","f","en"
"liyanna","f","en"
"liyara","f","en"
"liyat","f","en"
"liyla","f","en"
"liylah","f","en"
"liyu","f","en"
"liz","f","en"
"liza","f","en"
"lizabeth","f","en"
"lizandro","m","en"
"lizardo","m","en"
"lizbeth","f","en"
"lizet","f","en"
"lizeth","f","en"
"lizette","f","en"
"lizmarie","f","en"
"lizy","f","en"
"lizzie","f","en"
"lizzy","f","en"
"lj","m","en"
"llewellyn","f","en"
"llewelyn","m","en"
"llewyn","m","en"
"lleyton","m","en"
"lliam","m","en"
"lloyal","m","en"
"lloyd","m","en"
"lluvia","f","en"
"lo","f","en"
"loa","f","en"
"loah","f","en"
"loai","m","en"
"loan","m","en"
"loany","f","en"
"lochlainn","m","en"
"lochlan","f","en"
"lochland","m","en"
"lochlann","m","en"
"lochlyn","f","en"
"lochlynn","f","en"
"locke","m","en"
"locklan","m","en"
"locklyn","f","en"
"locklynn","f","en"
"locksley","m","en"
"lofton","m","en"
"logan","f","en"
"logann","f","en"
"logen","m","en"
"loghan","f","en"
"logic","m","en"
"logyn","f","en"
"lohan","m","en"
"loic","m","en"
"loida","f","en"
"loie","f","en"
"lois","f","en"
"lojain","f","en"
"lokelani","f","en"
"loki","f","en"
"lola","f","en"
"lolah","f","en"
"lolani","f","en"
"lolita","f","en"
"lolly","f","en"
"loma","f","en"
"lona","f","en"
"lonan","m","en"
"londell","m","en"
"londen","m","en"
"london","f","en"
"londyn","f","en"
"londynn","f","en"
"long","m","en"
"loni","f","en"
"lonni","f","en"
"lonnie","f","en"
"lonny","m","en"
"lonzo","m","en"
"lora","f","en"
"loraina","f","en"
"loraine","f","en"
"loralai","f","en"
"loralee","f","en"
"loralei","f","en"
"loralie","f","en"
"loralye","f","en"
"loralynn","f","en"
"loran","m","en"
"loranna","f","en"
"lorcan","m","en"
"lord","m","en"
"lorde","m","en"
"lore","f","en"
"loreal","f","en"
"loree","f","en"
"lorel","f","en"
"lorelai","f","en"
"lorelei","f","en"
"loreley","f","en"
"loreli","f","en"
"lorelie","f","en"
"lorelle","f","en"
"loren","f","en"
"lorena","f","en"
"lorence","m","en"
"lorene","f","en"
"lorenna","f","en"
"lorenso","m","en"
"lorenz","m","en"
"lorenza","f","en"
"lorenzo","m","en"
"loreto","f","en"
"loretta","f","en"
"lori","f","en"
"loriah","f","en"
"loriana","f","en"
"loriann","f","en"
"lorianna","f","en"
"lorianne","f","en"
"lorie","f","en"
"loriel","f","en"
"lorielle","f","en"
"lorien","f","en"
"lorik","m","en"
"lorilei","f","en"
"lorin","f","en"
"lorina","f","en"
"lorinda","f","en"
"lorna","f","en"
"lorne","m","en"
"lorraine","f","en"
"lorrie","f","en"
"loryn","f","en"
"lorynn","f","en"
"lotanna","m","en"
"lotte","f","en"
"lotti","f","en"
"lottie","f","en"
"lotus","f","en"
"lou","f","en"
"louai","m","en"
"louann","f","en"
"louanna","f","en"
"louay","m","en"
"loucille","f","en"
"louden","m","en"
"louella","f","en"
"louelle","f","en"
"louetta","f","en"
"loui","m","en"
"louie","f","en"
"louis","f","en"
"louisa","f","en"
"louise","f","en"
"louiza","f","en"
"loujain","f","en"
"louka","m","en"
"loukas","m","en"
"loukya","f","en"
"loula","f","en"
"louna","f","en"
"lourdes","f","en"
"love","f","en"
"loveah","f","en"
"lovee","f","en"
"lovelee","f","en"
"loveleigh","f","en"
"lovell","f","en"
"lovella","f","en"
"lovelle","f","en"
"lovely","f","en"
"lovelyn","f","en"
"lovelynn","f","en"
"lovensky","m","en"
"lovette","f","en"
"lovey","f","en"
"loveya","f","en"
"lovie","f","en"
"lovina","f","en"
"lovisa","f","en"
"lowe","f","en"
"lowell","m","en"
"lowen","f","en"
"lowry","f","en"
"lowyn","f","en"
"loxley","f","en"
"loya","f","en"
"loyal","f","en"
"loyale","m","en"
"loyaltee","f","en"
"loyalti","f","en"
"loyalty","f","en"
"loyd","m","en"
"loza","f","en"
"lu","f","en"
"lua","f","en"
"luah","f","en"
"luai","m","en"
"luan","m","en"
"luana","f","en"
"luani","f","en"
"luann","f","en"
"luanna","f","en"
"luany","f","en"
"luar","m","en"
"luay","m","en"
"luba","f","en"
"luc","m","en"
"luca","m","en"
"lucah","m","en"
"lucan","m","en"
"lucario","m","en"
"lucas","m","en"
"lucasey","m","en"
"lucca","f","en"
"luccas","m","en"
"lucchese","m","en"
"luccia","f","en"
"lucciana","f","en"
"lucciano","m","en"
"luce","f","en"
"lucee","f","en"
"lucelia","f","en"
"lucero","f","en"
"lucerys","m","en"
"lucette","f","en"
"luci","f","en"
"lucia","f","en"
"lucian","m","en"
"luciana","f","en"
"lucianna","f","en"
"luciano","m","en"
"lucie","f","en"
"luciel","m","en"
"lucielle","f","en"
"lucien","m","en"
"lucienne","f","en"
"lucifer","m","en"
"lucija","f","en"
"lucila","f","en"
"lucile","f","en"
"lucilia","f","en"
"lucilla","f","en"
"lucille","f","en"
"lucillia","f","en"
"lucina","f","en"
"lucinda","f","en"
"lucine","f","en"
"lucio","m","en"
"lucious","m","en"
"lucius","m","en"
"luck","m","en"
"luckas","m","en"
"lucky","f","en"
"lucrecia","f","en"
"lucrezia","f","en"
"lucus","m","en"
"lucy","f","en"
"lucymae","f","en"
"ludmila","f","en"
"ludovica","f","en"
"ludovico","m","en"
"ludwig","m","en"
"ludwin","m","en"
"luella","f","en"
"luelle","f","en"
"luetta","f","en"
"luffy","m","en"
"lui","m","en"
"luian","m","en"
"luigi","m","en"
"luis","f","en"
"luisa","f","en"
"luisana","f","en"
"luisangel","m","en"
"luiscarlos","m","en"
"luiz","m","en"
"luiza","f","en"
"lujain","f","en"
"lujayn","f","en"
"luka","f","en"
"lukah","m","en"
"lukai","m","en"
"lukas","m","en"
"lukasey","m","en"
"lukasz","m","en"
"luke","m","en"
"luken","m","en"
"lukian","m","en"
"lukka","m","en"
"lukus","m","en"
"lukyan","m","en"
"lula","f","en"
"lulamae","f","en"
"lulani","f","en"
"luley","f","en"
"luli","f","en"
"lulia","f","en"
"lulu","f","en"
"lulwa","f","en"
"luma","f","en"
"lumen","f","en"
"lumi","f","en"
"lumiere","f","en"
"lumina","f","en"
"lun","f","en"
"luna","f","en"
"lunabella","f","en"
"lunabelle","f","en"
"lunafreya","f","en"
"lunah","f","en"
"lunamae","f","en"
"lunamarie","f","en"
"lunar","f","en"
"lunara","f","en"
"lunarae","f","en"
"lunaray","f","en"
"lunaria","f","en"
"lunarose","f","en"
"lunasol","f","en"
"lundy","m","en"
"lundyn","f","en"
"lundynn","f","en"
"lunette","f","en"
"lunna","f","en"
"lupin","m","en"
"lupine","f","en"
"lupita","f","en"
"luqman","m","en"
"lura","f","en"
"lusiana","f","en"
"lusine","f","en"
"luther","m","en"
"luthien","f","en"
"luuk","m","en"
"luul","f","en"
"luv","f","en"
"lux","f","en"
"luxe","f","en"
"luxen","m","en"
"luxlee","f","en"
"luxon","m","en"
"luxten","m","en"
"luxton","m","en"
"luxuri","f","en"
"luxury","f","en"
"luxx","m","en"
"luxxen","m","en"
"luz","f","en"
"luzelena","f","en"
"luzia","f","en"
"luziana","f","en"
"luzma","f","en"
"luzmaria","f","en"
"luzmary","f","en"
"lya","f","en"
"lyah","f","en"
"lyam","m","en"
"lyan","m","en"
"lyana","f","en"
"lyanah","f","en"
"lyanna","f","en"
"lyara","f","en"
"lycan","m","en"
"lyda","f","en"
"lydell","m","en"
"lydia","f","en"
"lydiah","f","en"
"lydian","f","en"
"lydiann","f","en"
"lydianna","f","en"
"lydie","f","en"
"lyfe","m","en"
"lykan","m","en"
"lyla","f","en"
"lylah","f","en"
"lylamae","f","en"
"lylarose","f","en"
"lyle","f","en"
"lylee","f","en"
"lyles","m","en"
"lylia","f","en"
"lylian","f","en"
"lyliana","f","en"
"lylla","f","en"
"lyllah","f","en"
"lyllian","f","en"
"lyman","m","en"
"lyna","f","en"
"lynae","f","en"
"lyncoln","f","en"
"lynda","f","en"
"lyndee","f","en"
"lyndell","m","en"
"lynden","f","en"
"lyndi","f","en"
"lyndie","f","en"
"lyndon","f","en"
"lyndsey","f","en"
"lyndy","f","en"
"lynell","m","en"
"lynelle","f","en"
"lynette","f","en"
"lynford","m","en"
"lyniah","f","en"
"lynix","f","en"
"lynk","m","en"
"lynken","m","en"
"lynkin","m","en"
"lynlee","f","en"
"lynleigh","f","en"
"lynley","f","en"
"lynn","f","en"
"lynna","f","en"
"lynnae","f","en"
"lynne","f","en"
"lynnea","f","en"
"lynnen","f","en"
"lynnette","f","en"
"lynnex","f","en"
"lynnie","f","en"
"lynnix","f","en"
"lynnlea","f","en"
"lynnlee","f","en"
"lynnleigh","f","en"
"lynnley","f","en"
"lynnon","f","en"
"lynnora","f","en"
"lynnox","f","en"
"lynnx","f","en"
"lynora","f","en"
"lynx","f","en"
"lynzee","f","en"
"lynzie","f","en"
"lyon","m","en"
"lyonel","m","en"
"lyra","f","en"
"lyrah","f","en"
"lyria","f","en"
"lyric","f","en"
"lyrica","f","en"
"lyrical","f","en"
"lyrick","m","en"
"lyrik","f","en"
"lyriq","f","en"
"lyrique","f","en"
"lyrix","m","en"
"lyryc","f","en"
"lysander","m","en"
"lysandro","m","en"
"lyvia","f","en"
"lyza","f","en"
"maahi","f","en"
"maahir","m","en"
"maalik","m","en"
"maaliyah","f","en"
"maame","f","en"
"maanvi","f","en"
"maanvik","m","en"
"maanya","f","en"
"maaran","m","en"
"maasai","m","en"
"maat","f","en"
"maaya","f","en"
"maayan","f","en"
"maaz","m","en"
"maazin","m","en"
"mabel","f","en"
"mabelle","f","en"
"mable","f","en"
"mabree","f","en"
"mabrey","f","en"
"mabrie","f","en"
"mabry","f","en"
"mac","f","en"
"macai","m","en"
"macaiah","m","en"
"macallan","m","en"
"macallister","m","en"
"macarena","f","en"
"macari","m","en"
"macario","m","en"
"macarius","m","en"
"macarthur","m","en"
"macaulay","m","en"
"macayla","f","en"
"mace","m","en"
"macee","f","en"
"macen","m","en"
"maceo","m","en"
"macey","f","en"
"machai","m","en"
"machi","m","en"
"maci","f","en"
"maciah","m","en"
"macie","f","en"
"mack","m","en"
"mackay","m","en"
"mackayla","f","en"
"mackenna","f","en"
"mackenzi","f","en"
"mackenzie","f","en"
"mackenzy","f","en"
"mackey","m","en"
"mackie","f","en"
"mackinlee","f","en"
"mackinley","f","en"
"mackinnon","m","en"
"macklan","m","en"
"macklen","m","en"
"macklin","f","en"
"macklyn","f","en"
"macklynn","f","en"
"macksen","m","en"
"mackson","m","en"
"mackston","m","en"
"maclain","m","en"
"maclaine","f","en"
"maclan","m","en"
"maclane","m","en"
"maclean","m","en"
"maclen","m","en"
"maclin","m","en"
"maclyn","f","en"
"macon","m","en"
"macoy","m","en"
"macray","m","en"
"macrina","f","en"
"macsen","m","en"
"macy","f","en"
"macyn","f","en"
"madai","f","en"
"madalena","f","en"
"madalin","f","en"
"madaline","f","en"
"madaly","f","en"
"madalyn","f","en"
"madalyne","f","en"
"madalynn","f","en"
"madalynne","f","en"
"maddalena","f","en"
"maddalyn","f","en"
"maddalynn","f","en"
"maddax","m","en"
"maddelyn","f","en"
"madden","f","en"
"maddex","m","en"
"maddi","f","en"
"maddie","f","en"
"maddielynn","f","en"
"maddilyn","f","en"
"maddilynn","f","en"
"maddison","f","en"
"maddisyn","f","en"
"maddix","f","en"
"maddon","m","en"
"maddox","f","en"
"maddoxx","m","en"
"maddux","f","en"
"maddy","f","en"
"maddyn","f","en"
"maddyson","f","en"
"maddyx","f","en"
"madeeha","f","en"
"madelaine","f","en"
"madeleine","f","en"
"madelene","f","en"
"madeley","f","en"
"madeleyn","f","en"
"madelin","f","en"
"madelina","f","en"
"madeline","f","en"
"madelinne","f","en"
"madellyn","f","en"
"madelyn","f","en"
"madelyne","f","en"
"madelynn","f","en"
"madelynne","f","en"
"madhav","m","en"
"madi","f","en"
"madiana","f","en"
"madianna","f","en"
"madigan","f","en"
"madiha","f","en"
"madilyn","f","en"
"madilyne","f","en"
"madilynn","f","en"
"madilynne","f","en"
"madina","f","en"
"madinah","f","en"
"madisen","f","en"
"madison","f","en"
"madisson","f","en"
"madisyn","f","en"
"madisynn","f","en"
"madix","m","en"
"madlyn","f","en"
"madolyn","f","en"
"madonna","f","en"
"mads","m","en"
"madsen","m","en"
"madylin","f","en"
"madyn","f","en"
"madysin","f","en"
"madyson","f","en"
"madysson","f","en"
"mae","f","en"
"maebel","f","en"
"maebelle","f","en"
"maebree","f","en"
"maebri","f","en"
"maebry","f","en"
"maeby","f","en"
"maedot","f","en"
"maegan","f","en"
"maejor","m","en"
"mael","m","en"
"maela","f","en"
"maelani","f","en"
"maelea","f","en"
"maelee","f","en"
"maeleigh","f","en"
"maelen","f","en"
"maeley","f","en"
"maeli","f","en"
"maelie","f","en"
"maelin","f","en"
"maella","f","en"
"maelle","f","en"
"maellie","f","en"
"maeloni","f","en"
"maely","f","en"
"maelyn","f","en"
"maelynn","f","en"
"maelys","f","en"
"maeryn","f","en"
"maesen","f","en"
"maesie","f","en"
"maeson","f","en"
"maesyn","f","en"
"maeva","f","en"
"maeve","f","en"
"maevee","f","en"
"maevelyn","f","en"
"maeven","f","en"
"maevery","f","en"
"maevie","f","en"
"maevin","f","en"
"maevis","f","en"
"maevlyn","f","en"
"maevry","f","en"
"maevy","f","en"
"maevyn","f","en"
"maezie","f","en"
"mafer","f","en"
"magaby","f","en"
"magali","f","en"
"magaly","f","en"
"magda","f","en"
"magdalen","f","en"
"magdalena","f","en"
"magdalene","f","en"
"magdaline","f","en"
"magdalyn","f","en"
"magdalynn","f","en"
"magdelena","f","en"
"magdiel","m","en"
"magenta","f","en"
"maggie","f","en"
"maggiemae","f","en"
"maggy","f","en"
"magic","m","en"
"magizhan","m","en"
"magnolia","f","en"
"magnum","m","en"
"magnus","m","en"
"maguire","f","en"
"maha","f","en"
"mahaad","m","en"
"mahaan","m","en"
"mahad","m","en"
"mahaila","f","en"
"mahala","f","en"
"mahalia","f","en"
"maham","f","en"
"mahamadou","m","en"
"mahamed","m","en"
"mahana","f","en"
"mahari","f","en"
"mahathi","f","en"
"mahayla","f","en"
"mahdi","m","en"
"mahdiya","f","en"
"mahealani","f","en"
"maheen","f","en"
"maheer","m","en"
"maheera","f","en"
"mahelet","f","en"
"maher","m","en"
"mahi","f","en"
"mahia","f","en"
"mahib","m","en"
"mahid","m","en"
"mahidevran","f","en"
"mahika","f","en"
"mahima","f","en"
"mahin","m","en"
"mahina","f","en"
"mahir","m","en"
"mahira","f","en"
"mahirah","f","en"
"mahiya","f","en"
"mahkai","m","en"
"mahkari","m","en"
"mahki","m","en"
"mahlani","f","en"
"mahlaya","f","en"
"mahlet","f","en"
"mahli","f","en"
"mahlia","f","en"
"mahlik","m","en"
"mahlon","m","en"
"mahloni","f","en"
"mahmood","m","en"
"mahmoud","m","en"
"mahmud","m","en"
"mahnoor","f","en"
"mahogani","f","en"
"mahogany","f","en"
"mahra","f","en"
"mahreen","f","en"
"mahsa","f","en"
"mahya","f","en"
"mahzi","f","en"
"mai","f","en"
"maia","f","en"
"maiah","f","en"
"maiana","f","en"
"maicee","f","en"
"maico","m","en"
"maicol","m","en"
"maicy","f","en"
"maida","f","en"
"maidah","f","en"
"maiella","f","en"
"maielle","f","en"
"maier","m","en"
"maija","f","en"
"maijor","m","en"
"maika","f","en"
"maikel","m","en"
"maiko","m","en"
"maikol","m","en"
"maila","f","en"
"mailah","f","en"
"mailani","f","en"
"maile","f","en"
"mailee","f","en"
"maileen","f","en"
"mailen","f","en"
"maileny","f","en"
"mailey","f","en"
"maili","f","en"
"mailin","f","en"
"mailo","m","en"
"maily","f","en"
"mailyn","f","en"
"mailynn","f","en"
"maimouna","f","en"
"maimuna","f","en"
"maimunah","f","en"
"maira","f","en"
"mairany","f","en"
"maire","f","en"
"mairead","f","en"
"mairim","f","en"
"mairin","f","en"
"mais","f","en"
"maisa","f","en"
"maisee","f","en"
"maisel","f","en"
"maisen","m","en"
"maisey","f","en"
"maisha","f","en"
"maisie","f","en"
"maislee","f","en"
"maisleigh","f","en"
"maisley","f","en"
"maislyn","f","en"
"maislynn","f","en"
"maison","f","en"
"maisy","f","en"
"maisyn","f","en"
"maite","f","en"
"maitreya","m","en"
"maitreyi","f","en"
"maitri","f","en"
"maitte","f","en"
"maive","f","en"
"maiya","f","en"
"maiyah","f","en"
"maiza","f","en"
"maize","f","en"
"maizee","f","en"
"maizen","m","en"
"maizey","f","en"
"maizie","f","en"
"maizlee","f","en"
"maizley","f","en"
"maizlyn","f","en"
"maizy","f","en"
"maja","f","en"
"majd","m","en"
"majed","m","en"
"majeed","m","en"
"majer","m","en"
"majestee","f","en"
"majesti","f","en"
"majestic","f","en"
"majestie","f","en"
"majesty","f","en"
"majic","m","en"
"majid","m","en"
"majik","m","en"
"major","f","en"
"majour","m","en"
"mak","m","en"
"maka","f","en"
"makaela","f","en"
"makaelyn","f","en"
"makai","f","en"
"makaia","f","en"
"makaiah","f","en"
"makaii","m","en"
"makaila","f","en"
"makailah","f","en"
"makaio","m","en"
"makaira","f","en"
"makaiya","f","en"
"makana","f","en"
"makani","f","en"
"makar","m","en"
"makari","f","en"
"makario","m","en"
"makarios","m","en"
"makaveli","m","en"
"makaya","f","en"
"makayah","f","en"
"makayla","f","en"
"makaylah","f","en"
"makaylee","f","en"
"makaylin","f","en"
"makbel","m","en"
"makeda","f","en"
"makeen","m","en"
"makel","m","en"
"makell","m","en"
"makena","f","en"
"makenize","f","en"
"makenlee","f","en"
"makenleigh","f","en"
"makenley","f","en"
"makenna","f","en"
"makenzee","f","en"
"makenzi","f","en"
"makenzie","f","en"
"makenzy","f","en"
"makeo","m","en"
"makeyla","f","en"
"makhai","m","en"
"makhari","f","en"
"makhi","m","en"
"makhia","f","en"
"maki","f","en"
"makiah","f","en"
"makinlee","f","en"
"makinley","f","en"
"makinsley","f","en"
"makinzie","f","en"
"makiya","f","en"
"makiyah","f","en"
"makkah","f","en"
"makkari","f","en"
"mako","f","en"
"makoa","m","en"
"makoah","m","en"
"makoto","m","en"
"maks","m","en"
"maksen","m","en"
"maksim","m","en"
"maksym","m","en"
"maksymilian","m","en"
"makya","f","en"
"makyah","f","en"
"makye","m","en"
"makyi","m","en"
"makyla","f","en"
"makylah","f","en"
"makynlee","f","en"
"makynleigh","f","en"
"makynzi","f","en"
"makynzie","f","en"
"makyra","f","en"
"mala","f","en"
"malaak","f","en"
"malacai","m","en"
"malachai","m","en"
"malachi","f","en"
"malachite","m","en"
"malachy","m","en"
"malahkai","m","en"
"malahni","f","en"
"malai","f","en"
"malaia","f","en"
"malaiah","f","en"
"malaika","f","en"
"malaina","f","en"
"malaiya","f","en"
"malaiyah","f","en"
"malak","f","en"
"malakai","f","en"
"malakhai","m","en"
"malakhi","m","en"
"malaki","m","en"
"malakye","m","en"
"malala","f","en"
"malan","f","en"
"malana","f","en"
"malani","f","en"
"malania","f","en"
"malanie","f","en"
"malanii","f","en"
"malanni","f","en"
"malaquias","m","en"
"malasia","f","en"
"malauni","f","en"
"malaya","f","en"
"malayah","f","en"
"malayasia","f","en"
"malayia","f","en"
"malayiah","f","en"
"malayla","f","en"
"malayna","f","en"
"malaynah","f","en"
"malaysha","f","en"
"malayshia","f","en"
"malaysia","f","en"
"malayzia","f","en"
"malcolm","m","en"
"malcom","m","en"
"malea","f","en"
"maleah","f","en"
"maleea","f","en"
"maleeah","f","en"
"maleeha","f","en"
"maleek","m","en"
"maleena","f","en"
"maleeya","f","en"
"maleia","f","en"
"maleiah","f","en"
"maleigh","f","en"
"maleigha","f","en"
"maleik","m","en"
"maleini","f","en"
"maleiya","f","en"
"maleiyah","f","en"
"malek","m","en"
"malekai","m","en"
"maleki","m","en"
"maleko","m","en"
"malena","f","en"
"maleni","f","en"
"malenia","f","en"
"malenie","f","en"
"maleny","f","en"
"maleo","m","en"
"malerie","f","en"
"maley","f","en"
"maleya","f","en"
"maleyah","f","en"
"malhar","m","en"
"mali","f","en"
"malia","f","en"
"maliah","f","en"
"malibu","f","en"
"malichi","m","en"
"malick","m","en"
"malie","f","en"
"malieah","f","en"
"maliek","m","en"
"maliha","f","en"
"malik","m","en"
"malika","f","en"
"malikah","f","en"
"malikai","m","en"
"malikhai","m","en"
"malikhi","m","en"
"maliki","m","en"
"maliky","m","en"
"malikye","m","en"
"malin","f","en"
"malina","f","en"
"malinda","f","en"
"malini","f","en"
"maliq","m","en"
"malique","m","en"
"malissa","f","en"
"maliya","f","en"
"maliyah","f","en"
"malka","f","en"
"malkia","f","en"
"malkiel","m","en"
"malky","f","en"
"mallerie","f","en"
"malli","f","en"
"mallie","f","en"
"mallori","f","en"
"mallorie","f","en"
"mallory","f","en"
"mally","f","en"
"malo","m","en"
"malone","f","en"
"maloni","f","en"
"malonie","f","en"
"malonii","f","en"
"malonni","f","en"
"malorie","f","en"
"malory","f","en"
"malosi","m","en"
"malu","f","en"
"maluhia","f","en"
"malvin","m","en"
"malya","f","en"
"malyah","f","en"
"malyiah","f","en"
"malyk","m","en"
"malykai","m","en"
"malyki","m","en"
"mamadou","m","en"
"mamady","m","en"
"mame","f","en"
"mami","f","en"
"mamie","f","en"
"mamoudou","m","en"
"man","f","en"
"mana","f","en"
"manaal","f","en"
"manahil","f","en"
"manaia","f","en"
"manal","f","en"
"manan","m","en"
"manar","f","en"
"manas","m","en"
"manase","m","en"
"manases","m","en"
"manasseh","m","en"
"manasvi","f","en"
"manav","m","en"
"mandi","f","en"
"mandy","f","en"
"mane","f","en"
"maneh","f","en"
"manelyk","f","en"
"manessa","f","en"
"mang","f","en"
"manha","f","en"
"mani","f","en"
"manix","m","en"
"maniya","f","en"
"maniyah","f","en"
"manley","m","en"
"manna","f","en"
"mannat","f","en"
"manning","m","en"
"mannix","m","en"
"manny","m","en"
"manoah","m","en"
"manolo","m","en"
"manon","f","en"
"manraj","m","en"
"manreet","f","en"
"manroop","f","en"
"mansa","m","en"
"manson","m","en"
"mansoor","m","en"
"mansour","m","en"
"mansur","m","en"
"mantaj","m","en"
"manu","m","en"
"manuel","m","en"
"manuela","f","en"
"manuella","f","en"
"manveer","m","en"
"manvi","f","en"
"manvik","m","en"
"manvir","m","en"
"manya","f","en"
"maple","f","en"
"mar","f","en"
"mara","f","en"
"marabella","f","en"
"marabelle","f","en"
"marah","f","en"
"marajade","f","en"
"maraki","f","en"
"maral","f","en"
"maralyn","f","en"
"maram","f","en"
"maranatha","f","en"
"maranda","f","en"
"maraya","f","en"
"marayah","f","en"
"marbella","f","en"
"marc","m","en"
"marcanthony","m","en"
"marcas","m","en"
"marcel","m","en"
"marcela","f","en"
"marcelene","f","en"
"marcelina","f","en"
"marceline","f","en"
"marcelino","m","en"
"marcell","m","en"
"marcella","f","en"
"marcellas","m","en"
"marcelle","f","en"
"marcellina","f","en"
"marcello","m","en"
"marcellous","m","en"
"marcellus","m","en"
"marcelo","m","en"
"marcelous","m","en"
"marcelus","m","en"
"marchello","m","en"
"marci","f","en"
"marcia","f","en"
"marcial","m","en"
"marciana","f","en"
"marciano","m","en"
"marcie","f","en"
"marciella","f","en"
"marcille","f","en"
"marcio","m","en"
"marck","m","en"
"marco","m","en"
"marcoantonio","m","en"
"marcos","m","en"
"marcus","m","en"
"marcy","f","en"
"mardochee","m","en"
"mare","f","en"
"marek","m","en"
"mareli","f","en"
"marella","f","en"
"marely","f","en"
"marelyn","f","en"
"maren","f","en"
"marena","f","en"
"mareya","f","en"
"margaery","f","en"
"margalit","f","en"
"margaret","f","en"
"margareth","f","en"
"margaretmary","f","en"
"margarett","f","en"
"margarette","f","en"
"margarita","f","en"
"margarito","m","en"
"margaux","f","en"
"margeaux","f","en"
"margie","f","en"
"margo","f","en"
"margot","f","en"
"margret","f","en"
"marguerite","f","en"
"mari","f","en"
"maria","f","en"
"mariaalice","f","en"
"mariaantonia","f","en"
"mariabelen","f","en"
"mariacecilia","f","en"
"mariaclara","f","en"
"mariaeduarda","f","en"
"mariaelena","f","en"
"mariaemilia","f","en"
"mariafernanda","f","en"
"mariah","f","en"
"mariahelena","f","en"
"mariaines","f","en"
"mariaisabel","f","en"
"mariajose","f","en"
"mariajulia","f","en"
"marialena","f","en"
"marializ","f","en"
"marialuisa","f","en"
"marialuiza","f","en"
"marialy","f","en"
"mariam","f","en"
"mariama","f","en"
"mariamawit","f","en"
"mariame","f","en"
"marian","f","en"
"mariana","f","en"
"mariane","f","en"
"marianela","f","en"
"mariangel","f","en"
"mariangela","f","en"
"mariani","f","en"
"marianie","f","en"
"mariann","f","en"
"marianna","f","en"
"marianne","f","en"
"marianny","f","en"
"mariano","m","en"
"mariany","f","en"
"mariapaula","f","en"
"mariapaz","f","en"
"mariavictoria","f","en"
"mariavitoria","f","en"
"maribel","f","en"
"maribella","f","en"
"maribelle","f","en"
"maribeth","f","en"
"maricarmen","f","en"
"maricela","f","en"
"maricella","f","en"
"maricio","m","en"
"maricruz","f","en"
"marie","f","en"
"mariel","f","en"
"mariela","f","en"
"marielena","f","en"
"marieli","f","en"
"marielis","f","en"
"mariella","f","en"
"marielle","f","en"
"mariely","f","en"
"marielys","f","en"
"mariem","f","en"
"marieme","f","en"
"marien","f","en"
"marieth","f","en"
"marietta","f","en"
"mariette","f","en"
"marifer","f","en"
"marigny","f","en"
"marigold","f","en"
"mariham","f","en"
"mariia","f","en"
"marijane","f","en"
"marik","m","en"
"marika","f","en"
"marilee","f","en"
"marilena","f","en"
"marilla","f","en"
"marilou","f","en"
"marilu","f","en"
"mariluna","f","en"
"mariluz","f","en"
"marily","f","en"
"marilyn","f","en"
"marilynn","f","en"
"marimar","f","en"
"marin","f","en"
"marina","f","en"
"marinette","f","en"
"marino","m","en"
"mario","m","en"
"marion","f","en"
"marionna","f","en"
"marios","m","en"
"mariposa","f","en"
"maris","f","en"
"marisa","f","en"
"marisabel","f","en"
"marisela","f","en"
"marisella","f","en"
"marisha","f","en"
"mariska","f","en"
"marisol","f","en"
"marissa","f","en"
"maristella","f","en"
"marit","f","en"
"marita","f","en"
"maritza","f","en"
"marium","f","en"
"marius","m","en"
"mariya","f","en"
"mariyah","f","en"
"mariyam","f","en"
"mariyana","f","en"
"mariza","f","en"
"marjan","f","en"
"marjorie","f","en"
"marjory","f","en"
"mark","f","en"
"markai","m","en"
"markan","f","en"
"markanthony","m","en"
"markayla","f","en"
"markeem","m","en"
"markeese","m","en"
"markeith","m","en"
"markel","m","en"
"markell","m","en"
"markella","f","en"
"markelle","m","en"
"markese","m","en"
"markie","f","en"
"marko","m","en"
"markon","m","en"
"markos","m","en"
"markus","m","en"
"marla","f","en"
"marlaina","f","en"
"marlana","f","en"
"marlani","f","en"
"marlaya","f","en"
"marlayah","f","en"
"marlayna","f","en"
"marlaysia","f","en"
"marlea","f","en"
"marleah","f","en"
"marleaux","f","en"
"marlee","f","en"
"marleen","f","en"
"marlei","f","en"
"marleigh","f","en"
"marlen","f","en"
"marlena","f","en"
"marlene","f","en"
"marleni","f","en"
"marlenne","f","en"
"marleny","f","en"
"marlett","f","en"
"marley","f","en"
"marli","f","en"
"marlie","f","en"
"marlin","f","en"
"marlina","f","en"
"marliya","f","en"
"marliyah","f","en"
"marlo","f","en"
"marloe","f","en"
"marlon","m","en"
"marlow","f","en"
"marlowe","f","en"
"marly","f","en"
"marlyn","f","en"
"marlynn","f","en"
"marni","f","en"
"marnie","f","en"
"marquan","m","en"
"marquavious","m","en"
"marque","m","en"
"marquel","m","en"
"marquell","m","en"
"marques","m","en"
"marquese","m","en"
"marquez","m","en"
"marquis","m","en"
"marquise","m","en"
"marqus","m","en"
"marren","f","en"
"marrin","f","en"
"marry","f","en"
"mars","f","en"
"marsai","f","en"
"marsali","f","en"
"marsden","m","en"
"marsean","m","en"
"marseille","f","en"
"marsel","m","en"
"marsh","m","en"
"marsha","f","en"
"marshal","m","en"
"marshall","m","en"
"marshaun","m","en"
"marshawn","m","en"
"marshon","m","en"
"marson","m","en"
"marston","m","en"
"marta","f","en"
"martavion","m","en"
"martavious","m","en"
"martavius","m","en"
"martel","m","en"
"martell","m","en"
"marten","m","en"
"martez","m","en"
"martha","f","en"
"marthina","f","en"
"marti","f","en"
"martie","f","en"
"martin","m","en"
"martina","f","en"
"martine","f","en"
"martino","m","en"
"martrell","m","en"
"marty","f","en"
"maru","f","en"
"marva","f","en"
"marvel","f","en"
"marvella","f","en"
"marvelous","f","en"
"marven","m","en"
"marvens","m","en"
"marvensky","m","en"
"marvin","m","en"
"marvins","m","en"
"marvon","m","en"
"marwa","f","en"
"marwah","f","en"
"marwan","m","en"
"marx","m","en"
"mary","f","en"
"marya","f","en"
"maryah","f","en"
"maryalice","f","en"
"maryam","f","en"
"maryama","f","en"
"maryan","f","en"
"maryana","f","en"
"maryann","f","en"
"maryanna","f","en"
"maryanne","f","en"
"marybella","f","en"
"marybelle","f","en"
"marybeth","f","en"
"marycatherine","f","en"
"maryclaire","f","en"
"maryclare","f","en"
"marycollins","f","en"
"maryelizabeth","f","en"
"maryella","f","en"
"maryellen","f","en"
"maryellis","f","en"
"maryem","f","en"
"maryfrances","f","en"
"marygrace","f","en"
"maryjane","f","en"
"maryjayne","f","en"
"maryjean","f","en"
"maryjo","f","en"
"maryjoy","f","en"
"marykate","f","en"
"marykatherine","f","en"
"marykathryn","f","en"
"marykay","f","en"
"marylee","f","en"
"marylin","f","en"
"marylou","f","en"
"marylouise","f","en"
"marylyn","f","en"
"marylynn","f","en"
"marymargaret","f","en"
"maryn","f","en"
"maryori","f","en"
"maryrose","f","en"
"maryruth","f","en"
"maryse","f","en"
"marysol","f","en"
"maryum","f","en"
"maryuri","f","en"
"marz","f","en"
"marzell","m","en"
"marzia","f","en"
"masa","f","en"
"masai","m","en"
"masal","f","en"
"masani","f","en"
"masaya","m","en"
"mase","m","en"
"masen","f","en"
"masha","f","en"
"masi","m","en"
"masiah","m","en"
"masie","f","en"
"masih","m","en"
"masina","f","en"
"masiyah","m","en"
"mason","f","en"
"massa","f","en"
"massai","m","en"
"massey","f","en"
"massiah","m","en"
"massiel","f","en"
"massimiliano","m","en"
"massimo","m","en"
"masson","m","en"
"masten","m","en"
"master","m","en"
"masud","m","en"
"masyn","f","en"
"mataeo","m","en"
"matai","m","en"
"mataio","m","en"
"matan","m","en"
"mataya","f","en"
"matayo","m","en"
"matea","f","en"
"mateen","m","en"
"matei","m","en"
"matej","m","en"
"mateo","f","en"
"mateus","m","en"
"mateusz","m","en"
"mateyo","m","en"
"mathan","m","en"
"mathayus","m","en"
"matheo","m","en"
"matheos","m","en"
"matheus","m","en"
"mathew","m","en"
"mathews","m","en"
"mathias","m","en"
"mathieu","m","en"
"mathilda","f","en"
"mathilde","f","en"
"mathis","m","en"
"mathius","m","en"
"mathys","m","en"
"mathyus","m","en"
"mati","m","en"
"matias","m","en"
"matija","m","en"
"matilda","f","en"
"matilde","f","en"
"matilyn","f","en"
"matilynn","f","en"
"matin","m","en"
"matis","m","en"
"matisse","m","en"
"matix","m","en"
"matrix","m","en"
"matson","m","en"
"matt","m","en"
"mattalyn","f","en"
"mattalynn","f","en"
"mattea","f","en"
"matteo","f","en"
"matteus","m","en"
"mattew","m","en"
"matthan","m","en"
"mattheo","m","en"
"mattheus","m","en"
"matthew","m","en"
"matthews","m","en"
"matthias","m","en"
"matthieu","m","en"
"matti","f","en"
"mattia","m","en"
"mattias","m","en"
"mattie","f","en"
"mattilyn","f","en"
"mattilynn","f","en"
"mattingly","f","en"
"mattis","m","en"
"mattison","f","en"
"mattix","m","en"
"mattox","m","en"
"mattson","m","en"
"matty","f","en"
"matua","m","en"
"matvei","m","en"
"matvey","m","en"
"matvii","m","en"
"matviy","m","en"
"maty","f","en"
"matyas","m","en"
"matylda","f","en"
"maude","f","en"
"maudie","f","en"
"maui","f","en"
"maura","f","en"
"maureen","f","en"
"mauri","f","en"
"mauriana","f","en"
"maurice","m","en"
"mauricio","m","en"
"maurilio","m","en"
"maurion","m","en"
"maurizio","m","en"
"mauro","m","en"
"maury","m","en"
"mauwa","f","en"
"mav","m","en"
"mave","f","en"
"maven","f","en"
"maveric","m","en"
"maverick","m","en"
"maverie","f","en"
"maverik","f","en"
"maverix","m","en"
"mavery","f","en"
"maveryck","m","en"
"maveryk","m","en"
"mavi","f","en"
"mavie","f","en"
"mavin","m","en"
"mavis","f","en"
"mavisha","f","en"
"mavric","m","en"
"mavrick","m","en"
"mavrik","m","en"
"mavrix","m","en"
"mavryk","m","en"
"mavyn","f","en"
"mawa","f","en"
"mawada","f","en"
"mawaddah","f","en"
"max","f","en"
"maxamillion","m","en"
"maxemiliano","m","en"
"maxen","m","en"
"maxence","m","en"
"maxi","m","en"
"maxie","f","en"
"maxim","m","en"
"maxima","f","en"
"maxime","m","en"
"maximilano","m","en"
"maximilian","m","en"
"maximiliana","f","en"
"maximiliano","m","en"
"maximilien","m","en"
"maximillian","m","en"
"maximilliano","m","en"
"maximillion","m","en"
"maximina","f","en"
"maximino","m","en"
"maximo","m","en"
"maximos","m","en"
"maximus","m","en"
"maxine","f","en"
"maxinne","f","en"
"maxlyn","f","en"
"maxon","m","en"
"maxson","m","en"
"maxten","m","en"
"maxtin","m","en"
"maxton","m","en"
"maxtyn","m","en"
"maxwell","f","en"
"maxx","f","en"
"maxximus","m","en"
"maxxine","f","en"
"maxxon","m","en"
"maxxton","m","en"
"maxxwell","m","en"
"maxym","m","en"
"may","f","en"
"maya","f","en"
"mayah","f","en"
"mayahuel","f","en"
"mayan","f","en"
"mayana","f","en"
"mayani","f","en"
"mayank","m","en"
"mayar","f","en"
"mayari","f","en"
"maybel","f","en"
"maybelle","f","en"
"maybelline","f","en"
"maybre","f","en"
"maybree","f","en"
"maybrie","f","en"
"mayce","f","en"
"maycee","f","en"
"mayci","f","en"
"maycie","f","en"
"mayco","m","en"
"maycol","m","en"
"maycon","m","en"
"mayda","f","en"
"maydelin","f","en"
"maye","f","en"
"mayel","m","en"
"mayela","f","en"
"mayeli","f","en"
"mayella","f","en"
"mayer","f","en"
"mayerli","f","en"
"mayerly","f","en"
"mayes","m","en"
"mayjor","m","en"
"mayka","f","en"
"maykel","m","en"
"mayko","m","en"
"maykol","m","en"
"mayla","f","en"
"maylah","f","en"
"maylani","f","en"
"maylanie","f","en"
"mayle","f","en"
"maylea","f","en"
"maylee","f","en"
"mayleen","f","en"
"mayleigh","f","en"
"maylen","f","en"
"maylene","f","en"
"mayley","f","en"
"mayli","f","en"
"maylie","f","en"
"maylin","f","en"
"mayling","f","en"
"maylon","m","en"
"maylyn","f","en"
"maylynn","f","en"
"mayme","f","en"
"maymuna","f","en"
"maymunah","f","en"
"maynard","m","en"
"maynor","m","en"
"mayoni","f","en"
"mayra","f","en"
"mayrani","f","en"
"mayreli","f","en"
"mayrin","f","en"
"mayron","m","en"
"mays","f","en"
"maysa","f","en"
"maysen","f","en"
"maysie","f","en"
"maysn","m","en"
"mayson","f","en"
"maytal","f","en"
"mayte","f","en"
"mayukha","f","en"
"mayumi","f","en"
"mayuri","f","en"
"mayva","f","en"
"mayve","f","en"
"mayvee","f","en"
"mayven","f","en"
"mayvis","f","en"
"mayze","f","en"
"mayzee","f","en"
"mayzi","f","en"
"mayzie","f","en"
"mayzlee","f","en"
"mazal","f","en"
"mazani","f","en"
"mazari","m","en"
"mazarine","f","en"
"maze","f","en"
"mazelee","f","en"
"mazeleigh","f","en"
"mazelyn","f","en"
"mazelynn","f","en"
"mazen","m","en"
"mazey","f","en"
"mazi","f","en"
"maziah","f","en"
"mazie","f","en"
"mazieon","m","en"
"mazikeen","f","en"
"mazilyn","f","en"
"mazin","m","en"
"mazion","m","en"
"mazir","m","en"
"maziya","f","en"
"maziyah","f","en"
"maziyon","m","en"
"mazleigh","f","en"
"mazlyn","f","en"
"mazlynn","f","en"
"mazuri","f","en"
"mazy","f","en"
"mazzi","m","en"
"mazzy","f","en"
"mbaye","m","en"
"mcallister","m","en"
"mcarthur","m","en"
"mccall","f","en"
"mccarthy","m","en"
"mccauley","m","en"
"mcclain","f","en"
"mccoy","f","en"
"mccrae","m","en"
"mccray","m","en"
"mcguire","m","en"
"mckai","m","en"
"mckay","f","en"
"mckayla","f","en"
"mckaylee","f","en"
"mckenlee","f","en"
"mckenleigh","f","en"
"mckenley","f","en"
"mckenna","f","en"
"mckennah","f","en"
"mckensie","f","en"
"mckenzee","f","en"
"mckenzi","f","en"
"mckenzie","f","en"
"mckenzlee","f","en"
"mckinlee","f","en"
"mckinleigh","f","en"
"mckinley","f","en"
"mckinli","f","en"
"mckinnley","f","en"
"mckinnon","f","en"
"mckinsey","f","en"
"mckinsley","f","en"
"mckinzie","f","en"
"mckoy","m","en"
"mckynlee","f","en"
"mclane","m","en"
"mclaren","m","en"
"mclean","m","en"
"md","m","en"
"mea","f","en"
"meabh","f","en"
"meadow","f","en"
"meagan","f","en"
"meah","f","en"
"mealla","f","en"
"meara","f","en"
"meba","f","en"
"mecca","f","en"
"mechel","m","en"
"mechy","m","en"
"medardo","m","en"
"medha","f","en"
"medhansh","m","en"
"medina","f","en"
"medley","f","en"
"medora","f","en"
"meeko","m","en"
"meela","f","en"
"meelah","f","en"
"meelo","m","en"
"meena","f","en"
"meenakshi","f","en"
"meer","m","en"
"meera","f","en"
"meerab","f","en"
"meesha","f","en"
"mega","m","en"
"megan","f","en"
"megha","f","en"
"meghan","f","en"
"meghna","f","en"
"megumi","f","en"
"mehak","f","en"
"mehan","m","en"
"mehar","f","en"
"mehdi","m","en"
"meher","f","en"
"mehkai","m","en"
"mehki","m","en"
"mehlani","f","en"
"mehmed","m","en"
"mehmet","m","en"
"mehnaz","f","en"
"mehnoor","f","en"
"mehr","f","en"
"mehra","f","en"
"mehrab","m","en"
"mehran","m","en"
"mehreen","f","en"
"mehrin","f","en"
"mehrish","f","en"
"mehtaab","m","en"
"mehtab","f","en"
"mehwish","f","en"
"mei","f","en"
"meiarra","f","en"
"meika","f","en"
"meiko","m","en"
"meila","f","en"
"meilah","f","en"
"meilani","f","en"
"meilanni","f","en"
"meilany","f","en"
"meilech","m","en"
"meili","f","en"
"meilin","f","en"
"meiling","f","en"
"meily","f","en"
"meilyn","f","en"
"meilynn","f","en"
"meiomi","f","en"
"meir","m","en"
"meira","f","en"
"meital","f","en"
"meiyani","f","en"
"meka","f","en"
"mekael","m","en"
"mekai","m","en"
"mekari","m","en"
"mekhai","m","en"
"mekhi","m","en"
"mekhia","f","en"
"meklit","f","en"
"meko","m","en"
"mel","f","en"
"mela","f","en"
"melachi","m","en"
"melah","f","en"
"melahni","f","en"
"melaina","f","en"
"melakai","m","en"
"melana","f","en"
"melanee","f","en"
"melaney","f","en"
"melani","f","en"
"melania","f","en"
"melanie","f","en"
"melanii","f","en"
"melaniia","f","en"
"melanin","f","en"
"melanni","f","en"
"melannie","f","en"
"melanny","f","en"
"melany","f","en"
"melat","f","en"
"melaya","f","en"
"melayah","f","en"
"melayna","f","en"
"melchizedek","m","en"
"mele","f","en"
"melea","f","en"
"meleah","f","en"
"meleana","f","en"
"melech","m","en"
"melek","f","en"
"melena","f","en"
"meleny","f","en"
"melesio","m","en"
"meleya","f","en"
"meli","f","en"
"melia","f","en"
"meliah","f","en"
"meliana","f","en"
"meliani","f","en"
"melianna","f","en"
"melida","f","en"
"meliha","f","en"
"melik","m","en"
"melika","f","en"
"melina","f","en"
"melinda","f","en"
"melinna","f","en"
"meliodas","m","en"
"melis","f","en"
"melisa","f","en"
"melissa","f","en"
"melita","f","en"
"meliya","f","en"
"meliyah","f","en"
"meliza","f","en"
"mella","f","en"
"mellani","f","en"
"mellanie","f","en"
"mellie","f","en"
"mellina","f","en"
"mello","f","en"
"mellody","f","en"
"mellow","f","en"
"melly","f","en"
"melo","m","en"
"melodee","f","en"
"melodi","f","en"
"melodia","f","en"
"melodie","f","en"
"melodii","f","en"
"melody","f","en"
"melona","f","en"
"melonie","f","en"
"melony","f","en"
"melora","f","en"
"melquisedec","m","en"
"melrose","f","en"
"melvin","m","en"
"melvina","f","en"
"melvyn","m","en"
"mely","f","en"
"melyna","f","en"
"melyssa","f","en"
"memori","f","en"
"memorie","f","en"
"memory","f","en"
"memphis","f","en"
"memphys","f","en"
"mena","f","en"
"menachem","m","en"
"menashe","m","en"
"mendel","m","en"
"mendy","m","en"
"menelik","m","en"
"menna","f","en"
"menno","m","en"
"menorah","f","en"
"menua","m","en"
"menucha","f","en"
"mera","f","en"
"merab","f","en"
"meraj","m","en"
"meral","f","en"
"merari","f","en"
"merary","f","en"
"mercedes","f","en"
"mercedez","f","en"
"mercer","f","en"
"merci","f","en"
"mercie","f","en"
"mercury","f","en"
"mercy","f","en"
"meredith","f","en"
"merelyn","f","en"
"meri","f","en"
"meriah","f","en"
"meriam","f","en"
"merida","f","en"
"merideth","f","en"
"meridian","f","en"
"merik","m","en"
"merit","f","en"
"meritt","f","en"
"merle","m","en"
"merliah","f","en"
"merlin","f","en"
"merlina","f","en"
"merlyn","f","en"
"merna","f","en"
"meron","m","en"
"merrick","f","en"
"merrik","m","en"
"merrilee","f","en"
"merrill","m","en"
"merrin","f","en"
"merrit","f","en"
"merritt","f","en"
"merry","f","en"
"merryn","f","en"
"mert","m","en"
"mervin","m","en"
"mery","f","en"
"meryem","f","en"
"meryl","f","en"
"meryn","f","en"
"mesa","f","en"
"mesai","m","en"
"meshack","m","en"
"meshilem","m","en"
"mesiah","m","en"
"mesias","m","en"
"messai","m","en"
"messer","m","en"
"messi","m","en"
"messiah","f","en"
"messias","m","en"
"messiyah","m","en"
"messyah","m","en"
"mete","m","en"
"metehan","m","en"
"metzli","f","en"
"metztli","f","en"
"meya","f","en"
"meyah","f","en"
"meyer","f","en"
"meyers","m","en"
"meylani","f","en"
"meyli","f","en"
"meylin","f","en"
"mezekiah","m","en"
"meziah","m","en"
"meztli","f","en"
"mezziah","m","en"
"mher","m","en"
"mi","f","en"
"mia","f","en"
"miabella","f","en"
"miabelle","f","en"
"miah","f","en"
"miaire","m","en"
"miaisabella","f","en"
"miakoda","f","en"
"mialani","f","en"
"miami","f","en"
"miamor","f","en"
"miamour","f","en"
"mian","m","en"
"miana","f","en"
"miangel","f","en"
"miani","f","en"
"mianna","f","en"
"miara","f","en"
"miari","f","en"
"miarose","f","en"
"miasia","f","en"
"miavictoria","f","en"
"mica","f","en"
"micael","m","en"
"micaela","f","en"
"micaella","f","en"
"micah","f","en"
"micaiah","f","en"
"micaias","m","en"
"mical","f","en"
"micayla","f","en"
"micco","m","en"
"micha","f","en"
"michael","m","en"
"michaela","f","en"
"michaelangelo","m","en"
"michaell","m","en"
"michaella","f","en"
"michaelyn","f","en"
"michah","m","en"
"michai","m","en"
"michal","f","en"
"michalina","f","en"
"micheal","m","en"
"micheala","f","en"
"michel","f","en"
"michela","f","en"
"michelangelo","m","en"
"michele","f","en"
"michelina","f","en"
"michell","f","en"
"michelle","f","en"
"michoel","m","en"
"miciah","m","en"
"mick","m","en"
"mickael","m","en"
"mickayla","f","en"
"mickel","m","en"
"mickey","f","en"
"mickie","f","en"
"micky","m","en"
"mico","m","en"
"mictlan","m","en"
"midas","m","en"
"midna","f","en"
"midori","f","en"
"miel","f","en"
"miela","f","en"
"miella","f","en"
"mielle","f","en"
"miesha","f","en"
"miguel","f","en"
"miguelangel","m","en"
"mihaan","m","en"
"mihai","m","en"
"mihail","m","en"
"mihailo","m","en"
"mihan","m","en"
"miheir","m","en"
"mihika","f","en"
"mihir","m","en"
"mihira","f","en"
"mihran","m","en"
"mihrimah","f","en"
"miia","f","en"
"mika","f","en"
"mikaal","m","en"
"mikaeel","m","en"
"mikael","f","en"
"mikaela","f","en"
"mikaele","m","en"
"mikaella","f","en"
"mikah","f","en"
"mikai","m","en"
"mikaiah","f","en"
"mikail","m","en"
"mikaila","f","en"
"mikal","m","en"
"mikala","f","en"
"mikasa","f","en"
"mikayel","m","en"
"mikayla","f","en"
"mikaylah","f","en"
"mike","m","en"
"mikeal","m","en"
"mikeila","f","en"
"mikel","m","en"
"mikela","f","en"
"mikell","m","en"
"mikella","f","en"
"mikelle","f","en"
"mikenna","f","en"
"mikenzie","f","en"
"mikey","f","en"
"mikeyla","f","en"
"mikhael","m","en"
"mikhaela","f","en"
"mikhail","m","en"
"mikhaila","f","en"
"mikhailo","m","en"
"mikhi","m","en"
"miki","f","en"
"mikiah","f","en"
"miking","m","en"
"mikinley","f","en"
"mikiya","f","en"
"mikiyah","f","en"
"mikiyas","m","en"
"mikkel","m","en"
"mikko","m","en"
"miklo","m","en"
"miko","f","en"
"mikolaj","m","en"
"miku","f","en"
"mikyla","f","en"
"mikyng","m","en"
"mila","f","en"
"milaan","f","en"
"milad","m","en"
"milagro","f","en"
"milagros","f","en"
"milah","f","en"
"milahni","f","en"
"milaina","f","en"
"milam","m","en"
"milan","f","en"
"milana","f","en"
"milani","f","en"
"milania","f","en"
"milanie","f","en"
"milanii","f","en"
"milanna","f","en"
"milanni","f","en"
"milanny","f","en"
"milano","f","en"
"milany","f","en"
"milarose","f","en"
"milaya","f","en"
"milayah","f","en"
"milayna","f","en"
"milcah","f","en"
"mildred","f","en"
"mileah","f","en"
"milee","f","en"
"mileena","f","en"
"milei","f","en"
"mileigh","f","en"
"milen","m","en"
"milena","f","en"
"milene","f","en"
"milenna","f","en"
"miles","m","en"
"mileva","f","en"
"miley","f","en"
"mileya","f","en"
"mileydi","f","en"
"mileyna","f","en"
"milford","m","en"
"mili","f","en"
"milia","f","en"
"milian","f","en"
"miliana","f","en"
"miliani","f","en"
"milianna","f","en"
"miliano","m","en"
"miliany","f","en"
"milica","f","en"
"mililani","f","en"
"milina","f","en"
"milio","m","en"
"miliyah","f","en"
"milka","f","en"
"milki","f","en"
"milla","f","en"
"millan","m","en"
"millani","f","en"
"millaray","f","en"
"mille","f","en"
"millee","f","en"
"milleigh","f","en"
"miller","f","en"
"milli","f","en"
"millian","f","en"
"milliana","f","en"
"milliani","f","en"
"millianna","f","en"
"milliano","m","en"
"millicent","f","en"
"millie","f","en"
"millieann","f","en"
"milliemae","f","en"
"millieon","m","en"
"million","f","en"
"mills","f","en"
"milly","f","en"
"milo","f","en"
"miloh","m","en"
"milos","m","en"
"milson","m","en"
"milton","m","en"
"miluv","f","en"
"mily","f","en"
"milynn","f","en"
"mimi","f","en"
"min","f","en"
"mina","f","en"
"minah","f","en"
"minahil","f","en"
"minal","f","en"
"minas","m","en"
"minato","m","en"
"minda","f","en"
"mindel","f","en"
"mindy","f","en"
"minerva","f","en"
"minh","m","en"
"minha","f","en"
"minka","f","en"
"minna","f","en"
"minnie","f","en"
"minnow","f","en"
"mino","m","en"
"minori","f","en"
"minsa","f","en"
"mio","f","en"
"miona","f","en"
"mionna","f","en"
"mior","f","en"
"miori","f","en"
"miqdad","m","en"
"miqueas","m","en"
"miquel","m","en"
"mir","m","en"
"mira","f","en"
"miraal","f","en"
"mirabel","f","en"
"mirabella","f","en"
"mirabelle","f","en"
"miracle","f","en"
"mirah","f","en"
"mirai","f","en"
"miraj","m","en"
"mirajane","f","en"
"mirakle","f","en"
"miral","f","en"
"miran","f","en"
"mirana","f","en"
"miranda","f","en"
"miransh","m","en"
"miray","f","en"
"miraya","f","en"
"mireia","f","en"
"mireille","f","en"
"mirel","f","en"
"mirela","f","en"
"mirella","f","en"
"mirely","f","en"
"mireya","f","en"
"mireyda","f","en"
"mirha","f","en"
"miri","f","en"
"miriam","f","en"
"mirian","f","en"
"miriana","f","en"
"miriel","f","en"
"mirielle","f","en"
"mirna","f","en"
"miro","m","en"
"miron","m","en"
"miroslav","m","en"
"miroslava","f","en"
"mirra","f","en"
"mirren","f","en"
"miryam","f","en"
"mirza","m","en"
"misa","f","en"
"misael","m","en"
"misaki","f","en"
"mischa","f","en"
"misgana","f","en"
"misha","f","en"
"mishael","m","en"
"mishal","f","en"
"misheel","f","en"
"mishel","f","en"
"mishelle","f","en"
"mishika","f","en"
"mishka","f","en"
"misk","f","en"
"missael","m","en"
"missouri","f","en"
"missy","f","en"
"mister","m","en"
"misty","f","en"
"mitch","m","en"
"mitchel","m","en"
"mitchell","m","en"
"mithra","f","en"
"mithran","m","en"
"mitra","f","en"
"mitsuki","f","en"
"mitzi","f","en"
"mitzy","f","en"
"miu","f","en"
"miura","f","en"
"mivaan","m","en"
"mivan","m","en"
"mixon","m","en"
"miya","f","en"
"miyah","f","en"
"miyako","f","en"
"miyana","f","en"
"miyani","f","en"
"miyanna","f","en"
"miyanni","f","en"
"miyla","f","en"
"miylah","f","en"
"miyoko","f","en"
"miyomi","f","en"
"miyon","m","en"
"miyonna","f","en"
"miyonni","f","en"
"miyori","f","en"
"miyouri","f","en"
"miyuki","f","en"
"miyuri","f","en"
"mizaan","m","en"
"mizael","m","en"
"mizuki","f","en"
"mj","f","en"
"mlasi","f","en"
"mmunga","m","en"
"mo","m","en"
"moa","m","en"
"moana","f","en"
"moani","f","en"
"moataz","m","en"
"moaz","m","en"
"modesta","f","en"
"modesto","m","en"
"modesty","f","en"
"modi","m","en"
"modibo","m","en"
"modou","m","en"
"moe","m","en"
"mohamad","m","en"
"mohamed","m","en"
"mohamedamin","m","en"
"mohammad","m","en"
"mohammadali","m","en"
"mohammadnabi","m","en"
"mohammadomar","m","en"
"mohammadtaha","m","en"
"mohammed","m","en"
"mohammedali","m","en"
"mohammod","m","en"
"mohamud","m","en"
"mohan","m","en"
"mohannad","m","en"
"mohini","f","en"
"mohsen","m","en"
"mohsin","m","en"
"moira","f","en"
"moise","m","en"
"moises","m","en"
"moishe","m","en"
"moishy","m","en"
"moiz","m","en"
"moksh","m","en"
"moksha","f","en"
"mokshith","m","en"
"molina","f","en"
"mollee","f","en"
"molli","f","en"
"mollie","f","en"
"molly","f","en"
"momen","m","en"
"momin","m","en"
"momina","f","en"
"momodou","m","en"
"mona","f","en"
"monaco","m","en"
"monae","f","en"
"moncler","m","en"
"monet","f","en"
"moni","f","en"
"monica","f","en"
"monico","m","en"
"monika","f","en"
"monique","f","en"
"monroe","f","en"
"monse","f","en"
"monserath","f","en"
"monseratt","f","en"
"monserrat","f","en"
"monserrath","f","en"
"monserratt","f","en"
"montae","m","en"
"montague","m","en"
"montana","f","en"
"montavious","m","en"
"monte","m","en"
"montego","m","en"
"montel","m","en"
"montell","m","en"
"montez","m","en"
"montezuma","m","en"
"montgomery","f","en"
"monti","f","en"
"montreal","m","en"
"montrel","m","en"
"montrell","m","en"
"montrey","m","en"
"montrez","m","en"
"montserrat","f","en"
"montserrath","f","en"
"monty","f","en"
"moo","f","en"
"moody","m","en"
"moon","f","en"
"mooney","m","en"
"moosa","m","en"
"mora","f","en"
"morayo","f","en"
"mordchai","m","en"
"mordche","m","en"
"mordecai","m","en"
"mordechai","m","en"
"mordekai","m","en"
"mordy","m","en"
"morgan","f","en"
"morgana","f","en"
"morgen","f","en"
"morgyn","f","en"
"mori","f","en"
"moria","f","en"
"moriah","f","en"
"morireoluwa","f","en"
"moris","m","en"
"moriyah","f","en"
"morocco","m","en"
"moroni","m","en"
"morpheus","m","en"
"morrigan","f","en"
"morris","m","en"
"morrison","f","en"
"morticia","f","en"
"mortimer","m","en"
"mory","m","en"
"mose","m","en"
"moses","m","en"
"mosese","m","en"
"mosha","m","en"
"moshe","m","en"
"mosheh","m","en"
"mosiah","m","en"
"mosie","m","en"
"mosley","f","en"
"moss","m","en"
"mostafa","m","en"
"moti","m","en"
"motley","f","en"
"motty","m","en"
"mouhamad","m","en"
"mouhamadou","m","en"
"mouhamed","m","en"
"mounir","m","en"
"mourad","m","en"
"mourya","m","en"
"mousa","m","en"
"moussa","m","en"
"moustafa","m","en"
"moustapha","m","en"
"mox","m","en"
"moxen","m","en"
"moxie","f","en"
"moxley","m","en"
"moxon","m","en"
"moziah","m","en"
"mozzy","m","en"
"mu","f","en"
"muaad","m","en"
"muaaz","m","en"
"muad","m","en"
"muadh","m","en"
"muaz","m","en"
"mubarak","m","en"
"mubashir","m","en"
"mubeen","m","en"
"mubina","f","en"
"mucad","m","en"
"muchen","m","en"
"mudasir","m","en"
"mugen","m","en"
"mugisha","m","en"
"muhamad","m","en"
"muhamed","m","en"
"muhammad","m","en"
"muhammadadam","m","en"
"muhammadali","m","en"
"muhammadamin","m","en"
"muhammadamir","m","en"
"muhammadhamza","m","en"
"muhammadhassan","m","en"
"muhammadibrahim","m","en"
"muhammadisa","m","en"
"muhammadjon","m","en"
"muhammadmusa","m","en"
"muhammadmustafa","m","en"
"muhammadumar","m","en"
"muhammadyasin","m","en"
"muhammadyunus","m","en"
"muhammadyusuf","m","en"
"muhammadzayd","m","en"
"muhammed","m","en"
"muhanad","m","en"
"muhaymin","m","en"
"muhsin","m","en"
"muiz","m","en"
"mujahid","m","en"
"mujtaba","m","en"
"mukhammad","m","en"
"mukhammadali","m","en"
"mukhtar","m","en"
"mukta","f","en"
"mulan","f","en"
"mulani","f","en"
"mulanii","f","en"
"mumina","f","en"
"mumtaz","f","en"
"muna","f","en"
"munachi","f","en"
"munachimso","f","en"
"munachiso","f","en"
"munasar","m","en"
"muneeb","m","en"
"muneer","m","en"
"mung","m","en"
"munir","m","en"
"munira","f","en"
"munro","m","en"
"muntaha","f","en"
"muntasir","m","en"
"murad","m","en"
"murat","m","en"
"murdoch","m","en"
"murdock","m","en"
"muriel","f","en"
"murillo","m","en"
"murilo","m","en"
"murphee","f","en"
"murphi","f","en"
"murphie","f","en"
"murphy","f","en"
"murray","f","en"
"mursal","f","en"
"murtaza","m","en"
"musa","m","en"
"musaab","m","en"
"musab","m","en"
"musawir","m","en"
"muscab","m","en"
"muse","m","en"
"musfira","f","en"
"musfirah","f","en"
"mushka","f","en"
"mushtaq","f","en"
"musiq","m","en"
"muska","f","en"
"muskaan","f","en"
"muskan","f","en"
"muslim","m","en"
"muslima","f","en"
"muso","m","en"
"mussa","m","en"
"mussie","m","en"
"mustaf","m","en"
"mustafa","m","en"
"mustafe","m","en"
"mustafo","m","en"
"mustapha","m","en"
"mutasim","m","en"
"muxi","f","en"
"muzamil","m","en"
"muzammil","m","en"
"muzzammil","m","en"
"mwajuma","f","en"
"mwangaza","f","en"
"mya","f","en"
"myah","f","en"
"myair","m","en"
"myaira","f","en"
"myaire","f","en"
"myan","f","en"
"myana","f","en"
"myangel","f","en"
"myani","f","en"
"myanna","f","en"
"myannah","f","en"
"myari","f","en"
"myasia","f","en"
"myayla","f","en"
"mycah","f","en"
"mychael","m","en"
"mychal","m","en"
"myeir","m","en"
"myel","m","en"
"myelin","f","en"
"myella","f","en"
"myelle","f","en"
"myer","f","en"
"myers","f","en"
"myheir","m","en"
"myia","f","en"
"myiah","f","en"
"myka","f","en"
"mykael","m","en"
"mykaela","f","en"
"mykah","f","en"
"mykai","m","en"
"mykal","m","en"
"mykayla","f","en"
"myke","m","en"
"mykel","f","en"
"mykell","m","en"
"mykenna","f","en"
"mykenzie","f","en"
"mykhailo","m","en"
"mykie","f","en"
"myking","m","en"
"myla","f","en"
"mylah","f","en"
"mylan","f","en"
"mylani","f","en"
"mylarae","f","en"
"mylasia","f","en"
"mylaya","f","en"
"mylea","f","en"
"myleah","f","en"
"mylee","f","en"
"myleen","f","en"
"mylei","f","en"
"myleigh","f","en"
"mylen","m","en"
"mylena","f","en"
"mylene","f","en"
"myles","f","en"
"mylez","m","en"
"myli","f","en"
"mylia","f","en"
"myliah","f","en"
"mylie","f","en"
"mylin","f","en"
"mylisa","f","en"
"myliyah","f","en"
"mylo","f","en"
"myloh","m","en"
"mylon","m","en"
"mylove","f","en"
"mylynn","f","en"
"mylz","m","en"
"mynor","m","en"
"myomi","f","en"
"myonna","f","en"
"myori","f","en"
"myra","f","en"
"myracle","f","en"
"myrah","f","en"
"myrakle","f","en"
"myran","m","en"
"myrcella","f","en"
"myriah","f","en"
"myriam","f","en"
"myrical","f","en"
"myrielle","f","en"
"myrikal","f","en"
"myrna","f","en"
"myron","m","en"
"myrrah","f","en"
"myrtle","f","en"
"mysha","f","en"
"myshawn","m","en"
"mysiah","m","en"
"myson","m","en"
"mystery","f","en"
"mystic","f","en"
"mythias","m","en"
"mythili","f","en"
"naama","f","en"
"naamah","f","en"
"naaman","m","en"
"naamari","m","en"
"naami","f","en"
"naara","f","en"
"naarah","f","en"
"naasir","m","en"
"naava","f","en"
"naavya","f","en"
"naaya","f","en"
"naazir","m","en"
"naba","f","en"
"nabeeha","f","en"
"nabeel","m","en"
"nabeela","f","en"
"nabella","f","en"
"nabhan","m","en"
"nabi","f","en"
"nabiha","f","en"
"nabil","m","en"
"nabila","f","en"
"nacari","m","en"
"nachman","m","en"
"nachmen","m","en"
"nachum","m","en"
"nada","f","en"
"nadar","f","en"
"nadav","m","en"
"nadeem","m","en"
"nadeen","f","en"
"nader","m","en"
"nadezhda","f","en"
"nadia","f","en"
"nadiah","f","en"
"nadim","m","en"
"nadine","f","en"
"nadir","m","en"
"nadira","f","en"
"nadirah","f","en"
"nadiya","f","en"
"nadiyah","f","en"
"nadja","f","en"
"nadya","f","en"
"naeem","m","en"
"naeema","f","en"
"naeemah","f","en"
"nael","f","en"
"naelani","f","en"
"naelle","f","en"
"naely","f","en"
"naeomi","f","en"
"naetochukwu","m","en"
"naeva","f","en"
"naevia","f","en"
"nafisa","f","en"
"naftali","m","en"
"naftoli","m","en"
"naftula","m","en"
"naftuli","m","en"
"naftuly","m","en"
"nagisa","f","en"
"nahara","f","en"
"nahari","f","en"
"naheem","m","en"
"naheim","m","en"
"nahel","m","en"
"nahia","f","en"
"nahiara","f","en"
"nahida","f","en"
"nahim","m","en"
"nahir","m","en"
"nahla","f","en"
"nahlani","f","en"
"nahlia","f","en"
"nahmi","f","en"
"nahmir","m","en"
"nahom","m","en"
"nahomi","f","en"
"nahomie","f","en"
"nahomy","f","en"
"nahor","m","en"
"nahshon","m","en"
"nahsir","m","en"
"nahuel","m","en"
"nahum","m","en"
"nahun","m","en"
"nahyan","m","en"
"nahzir","m","en"
"nai","f","en"
"naia","f","en"
"naiah","f","en"
"naiara","f","en"
"naiari","f","en"
"naiayla","f","en"
"naica","f","en"
"naidelyn","f","en"
"naiella","f","en"
"naielle","f","en"
"naiem","m","en"
"naiema","f","en"
"naija","f","en"
"naijah","f","en"
"naila","f","en"
"nailah","f","en"
"nailani","f","en"
"nailea","f","en"
"naileah","f","en"
"naim","m","en"
"naima","f","en"
"naimah","f","en"
"naimal","f","en"
"nain","m","en"
"naina","f","en"
"nainika","f","en"
"nainoa","m","en"
"naiomi","f","en"
"naira","f","en"
"nairi","f","en"
"nairobi","f","en"
"nairoby","f","en"
"naisha","f","en"
"naissa","f","en"
"naivee","f","en"
"naiya","f","en"
"naiyah","f","en"
"naiyeli","f","en"
"naja","f","en"
"najah","f","en"
"najee","m","en"
"najeeb","m","en"
"naji","m","en"
"najib","m","en"
"najla","f","en"
"najma","f","en"
"najour","m","en"
"najwa","f","en"
"nakai","m","en"
"nakari","f","en"
"nakayla","f","en"
"nakeem","m","en"
"nakhai","m","en"
"nakhari","m","en"
"nakhi","m","en"
"naki","m","en"
"nakia","f","en"
"nakiah","f","en"
"nakita","f","en"
"nakiya","f","en"
"nakiyah","f","en"
"nakoa","f","en"
"nakoah","m","en"
"nakobe","m","en"
"nakoda","m","en"
"nakota","f","en"
"naksh","m","en"
"nakshatra","f","en"
"nakul","m","en"
"nakyla","f","en"
"nala","f","en"
"nalah","f","en"
"nalahni","f","en"
"nalaia","f","en"
"nalaiah","f","en"
"nalaiya","f","en"
"nalaiyah","f","en"
"nalan","m","en"
"nalani","f","en"
"nalanie","f","en"
"nalanii","f","en"
"nalanni","f","en"
"nalany","f","en"
"nalaya","f","en"
"nalayah","f","en"
"nalea","f","en"
"naleah","f","en"
"naledge","m","en"
"naledi","f","en"
"naleia","f","en"
"nalej","m","en"
"naleyah","f","en"
"nali","f","en"
"nalia","f","en"
"naliah","f","en"
"nalin","m","en"
"nalina","f","en"
"nalini","f","en"
"naliya","f","en"
"naliyah","f","en"
"nalla","f","en"
"nallely","f","en"
"nalo","m","en"
"naloni","f","en"
"nalu","f","en"
"nam","m","en"
"namaari","f","en"
"naman","m","en"
"namani","f","en"
"namari","f","en"
"nameer","m","en"
"nami","f","en"
"namia","f","en"
"namiah","f","en"
"namiko","f","en"
"namila","f","en"
"namine","f","en"
"namir","m","en"
"namira","f","en"
"namirah","f","en"
"namiri","m","en"
"namish","m","en"
"namiyah","f","en"
"namoni","f","en"
"namor","m","en"
"namora","f","en"
"namya","f","en"
"nana","f","en"
"nanami","f","en"
"nanayaw","m","en"
"nancy","f","en"
"nandi","f","en"
"nandini","f","en"
"nando","m","en"
"nanea","f","en"
"nanette","f","en"
"nang","m","en"
"nani","f","en"
"nao","m","en"
"naod","m","en"
"naoki","m","en"
"naol","m","en"
"naoma","f","en"
"naome","f","en"
"naomi","f","en"
"naomie","f","en"
"naomii","f","en"
"naomika","f","en"
"naomirose","f","en"
"naomy","f","en"
"naori","f","en"
"naphtali","m","en"
"napoleon","m","en"
"naquan","m","en"
"nara","f","en"
"narah","f","en"
"naraya","f","en"
"narciso","m","en"
"nardos","f","en"
"nare","f","en"
"nareh","f","en"
"narek","m","en"
"narely","f","en"
"nari","f","en"
"naria","f","en"
"nariah","f","en"
"nariya","f","en"
"nariyah","f","en"
"narjis","f","en"
"naruto","m","en"
"naryah","f","en"
"naryiah","f","en"
"nas","m","en"
"nasai","m","en"
"nasaiah","m","en"
"nasani","f","en"
"naseeb","f","en"
"naseem","m","en"
"naseer","m","en"
"naser","m","en"
"nash","f","en"
"nashaly","f","en"
"nashaun","m","en"
"nashira","f","en"
"nashla","f","en"
"nashley","f","en"
"nashly","f","en"
"nashrah","f","en"
"nashton","m","en"
"nashtyn","m","en"
"nashville","m","en"
"nashwan","m","en"
"nasia","f","en"
"nasiah","f","en"
"nasier","m","en"
"nasiir","m","en"
"nasim","m","en"
"nasir","m","en"
"nasiya","f","en"
"nasiyah","f","en"
"nasly","f","en"
"nasma","f","en"
"nason","m","en"
"nasr","m","en"
"nasra","f","en"
"nasratullah","m","en"
"nasreen","f","en"
"nasri","m","en"
"nasrin","f","en"
"nasser","m","en"
"nassiah","m","en"
"nassim","m","en"
"nassir","m","en"
"nastasia","f","en"
"nastassia","f","en"
"nasya","f","en"
"naszir","m","en"
"nat","m","en"
"natael","m","en"
"natalea","f","en"
"natalee","f","en"
"nataleigh","f","en"
"nataleya","f","en"
"natali","f","en"
"natalia","f","en"
"nataliah","f","en"
"natalie","f","en"
"natalija","f","en"
"natalina","f","en"
"natalio","m","en"
"nataliya","f","en"
"nataly","f","en"
"natalya","f","en"
"natalyn","f","en"
"natalynn","f","en"
"natan","m","en"
"natanael","m","en"
"natanel","m","en"
"natania","f","en"
"nataniel","m","en"
"natanim","m","en"
"natanya","f","en"
"natasha","f","en"
"natavia","f","en"
"nataya","f","en"
"nate","m","en"
"nateo","m","en"
"nathael","m","en"
"nathali","f","en"
"nathalia","f","en"
"nathalie","f","en"
"nathaly","f","en"
"nathalya","f","en"
"nathan","m","en"
"nathanael","f","en"
"nathanaelle","f","en"
"nathaneal","m","en"
"nathanial","m","en"
"nathaniel","m","en"
"nathen","m","en"
"nathon","m","en"
"nathyn","m","en"
"natia","f","en"
"nation","m","en"
"native","f","en"
"natnael","m","en"
"natsu","m","en"
"natsumi","f","en"
"nature","f","en"
"naturi","f","en"
"naudia","f","en"
"naujour","m","en"
"naum","m","en"
"naumi","f","en"
"nautica","f","en"
"nava","f","en"
"navaan","m","en"
"navae","f","en"
"navaeh","f","en"
"navah","f","en"
"navan","m","en"
"navani","f","en"
"navany","f","en"
"navari","f","en"
"navarri","m","en"
"navarro","m","en"
"navaya","f","en"
"navayah","f","en"
"navea","f","en"
"naveah","f","en"
"navee","f","en"
"naveed","m","en"
"naveen","m","en"
"naveigh","f","en"
"naven","m","en"
"navey","f","en"
"naveya","f","en"
"naveyah","f","en"
"navi","f","en"
"navia","f","en"
"naviah","f","en"
"navian","m","en"
"navid","m","en"
"navie","f","en"
"navier","m","en"
"navii","f","en"
"navika","f","en"
"navin","m","en"
"navina","f","en"
"navira","f","en"
"navish","m","en"
"naviya","f","en"
"navon","m","en"
"navraj","m","en"
"navvy","f","en"
"navy","f","en"
"navya","f","en"
"naw","f","en"
"nawaal","f","en"
"nawab","m","en"
"nawaf","m","en"
"nawal","f","en"
"nawi","f","en"
"naxhieli","f","en"
"naya","f","en"
"nayah","f","en"
"nayan","m","en"
"nayana","f","en"
"nayani","f","en"
"nayara","f","en"
"nayari","f","en"
"naydelin","f","en"
"nayden","m","en"
"nayeem","m","en"
"nayef","m","en"
"nayel","f","en"
"nayeli","f","en"
"nayelis","f","en"
"nayeliz","f","en"
"nayelli","f","en"
"nayellie","f","en"
"nayely","f","en"
"nayib","m","en"
"nayla","f","en"
"naylah","f","en"
"naylan","f","en"
"naylani","f","en"
"naylea","f","en"
"nayleah","f","en"
"naylee","f","en"
"nayleen","f","en"
"naylen","m","en"
"naylin","f","en"
"nayloni","f","en"
"nayna","f","en"
"nayomi","f","en"
"nayoni","f","en"
"nayra","f","en"
"nayrobi","f","en"
"naysa","f","en"
"naysha","f","en"
"naythan","m","en"
"nayve","f","en"
"nayvee","f","en"
"nayvi","f","en"
"nayvie","f","en"
"naz","m","en"
"nazai","m","en"
"nazaia","f","en"
"nazair","m","en"
"nazaire","m","en"
"nazani","f","en"
"nazanin","f","en"
"nazar","m","en"
"nazara","f","en"
"nazare","f","en"
"nazarene","f","en"
"nazaret","f","en"
"nazareth","f","en"
"nazari","f","en"
"nazaria","f","en"
"nazariah","f","en"
"nazario","m","en"
"nazeem","m","en"
"nazeer","m","en"
"nazeir","m","en"
"nazeli","f","en"
"nazhir","m","en"
"nazia","f","en"
"naziah","f","en"
"nazier","m","en"
"nazifa","f","en"
"nazim","m","en"
"nazir","m","en"
"nazire","m","en"
"naziyah","f","en"
"nazli","f","en"
"nazly","f","en"
"nazuri","f","en"
"nazyr","m","en"
"ndeye","f","en"
"nea","f","en"
"neah","f","en"
"neal","m","en"
"neala","f","en"
"neamin","m","en"
"neasia","f","en"
"neave","f","en"
"neaveh","f","en"
"nebraska","f","en"
"nebula","f","en"
"necalli","m","en"
"necha","f","en"
"nechama","f","en"
"nechemia","m","en"
"nechuma","f","en"
"nechy","f","en"
"neco","m","en"
"ned","m","en"
"neda","f","en"
"neeka","f","en"
"neeko","m","en"
"neel","m","en"
"neela","f","en"
"neelah","f","en"
"neelam","f","en"
"neelan","m","en"
"neely","f","en"
"neema","f","en"
"neena","f","en"
"neer","m","en"
"neera","f","en"
"neeti","f","en"
"neev","m","en"
"neeva","f","en"
"neeve","f","en"
"neeya","f","en"
"nefeli","f","en"
"nefertari","f","en"
"nefertiti","f","en"
"neftali","m","en"
"neftaly","m","en"
"negan","m","en"
"neha","f","en"
"nehal","f","en"
"nehemiah","f","en"
"nehemias","m","en"
"nehlani","f","en"
"nehmat","f","en"
"nehmiah","m","en"
"neida","f","en"
"neidy","f","en"
"neiko","m","en"
"neil","m","en"
"neila","f","en"
"neilah","f","en"
"neilan","m","en"
"neilani","f","en"
"neilany","f","en"
"neily","f","en"
"neilyn","f","en"
"neira","f","en"
"neisha","f","en"
"neithan","m","en"
"neiva","f","en"
"neizan","m","en"
"neji","m","en"
"nekhi","m","en"
"neko","f","en"
"nekoda","m","en"
"nektarios","m","en"
"nel","f","en"
"nela","f","en"
"nelani","f","en"
"neli","f","en"
"nelia","f","en"
"neliah","f","en"
"nelida","f","en"
"nelina","f","en"
"nell","f","en"
"nella","f","en"
"nelle","f","en"
"nelli","f","en"
"nellie","f","en"
"nelliel","f","en"
"nelly","f","en"
"nelo","m","en"
"nels","m","en"
"nelson","f","en"
"nelsy","f","en"
"nelvin","m","en"
"nely","f","en"
"nelya","f","en"
"nema","f","en"
"nemesis","f","en"
"nemiah","m","en"
"nena","f","en"
"neo","m","en"
"neoma","f","en"
"neomi","f","en"
"neomiah","m","en"
"neon","m","en"
"nephi","m","en"
"nephtalie","f","en"
"nerea","f","en"
"nereida","f","en"
"nereyda","f","en"
"neri","f","en"
"neriah","f","en"
"nerissa","f","en"
"neriyah","f","en"
"nero","m","en"
"nery","f","en"
"nerys","f","en"
"nesa","f","en"
"nesanel","m","en"
"nesiah","m","en"
"neslihan","f","en"
"nesly","f","en"
"ness","m","en"
"nessa","f","en"
"nessiah","m","en"
"nestor","m","en"
"netanel","m","en"
"netanya","f","en"
"neteyam","m","en"
"nethan","m","en"
"nethaniel","m","en"
"nethra","f","en"
"nethran","m","en"
"netta","f","en"
"nettie","f","en"
"nev","f","en"
"neva","f","en"
"nevaan","m","en"
"nevada","f","en"
"nevaeh","f","en"
"nevaeha","f","en"
"nevan","m","en"
"nevaya","f","en"
"nevayah","f","en"
"neve","f","en"
"neveah","f","en"
"neven","m","en"
"neveyah","f","en"
"nevi","f","en"
"neviah","f","en"
"nevin","f","en"
"newt","m","en"
"newton","m","en"
"nexus","m","en"
"neya","f","en"
"neydi","f","en"
"neyla","f","en"
"neylan","f","en"
"neyland","m","en"
"neylani","f","en"
"neyler","m","en"
"neymar","m","en"
"neyo","m","en"
"neyser","m","en"
"neytan","m","en"
"neythan","m","en"
"neytiri","f","en"
"neyzan","m","en"
"neziah","f","en"
"nezuko","f","en"
"ngawang","m","en"
"ngoc","f","en"
"ngone","f","en"
"ngozi","f","en"
"nhi","f","en"
"nhyira","f","en"
"nia","f","en"
"niah","f","en"
"niaire","m","en"
"nial","m","en"
"niala","f","en"
"nialani","f","en"
"niall","m","en"
"niam","m","en"
"niamh","f","en"
"niana","f","en"
"niang","f","en"
"niani","f","en"
"nianna","f","en"
"niaomi","f","en"
"niara","f","en"
"niari","f","en"
"niasia","f","en"
"niayla","f","en"
"niaylah","f","en"
"nicandro","m","en"
"nicanor","m","en"
"nicco","m","en"
"niccolo","m","en"
"nicha","f","en"
"nichelle","f","en"
"nicholai","m","en"
"nicholas","m","en"
"nicholaus","m","en"
"nichole","f","en"
"nicholette","f","en"
"nicholi","m","en"
"nick","m","en"
"nicklas","m","en"
"nicklaus","m","en"
"nicko","m","en"
"nickolai","m","en"
"nickolas","m","en"
"nickson","m","en"
"nicky","f","en"
"nico","f","en"
"nicodemus","m","en"
"nicol","f","en"
"nicola","f","en"
"nicolae","m","en"
"nicolai","m","en"
"nicolas","m","en"
"nicolau","m","en"
"nicolaus","m","en"
"nicole","f","en"
"nicoletta","f","en"
"nicolette","f","en"
"nicoli","m","en"
"nicolina","f","en"
"nicolle","f","en"
"nicolo","m","en"
"nida","f","en"
"nidhi","f","en"
"nidia","f","en"
"nieko","m","en"
"niel","m","en"
"niela","f","en"
"nielle","f","en"
"niels","m","en"
"nienna","f","en"
"nieve","f","en"
"nigel","m","en"
"nihaal","m","en"
"nihaan","m","en"
"nihal","f","en"
"nihan","f","en"
"nihansh","m","en"
"nihara","f","en"
"niharika","f","en"
"nihilus","m","en"
"nihira","f","en"
"nihirareddy","f","en"
"nihit","m","en"
"nihith","m","en"
"nijae","f","en"
"nijah","f","en"
"nik","m","en"
"nika","f","en"
"nikai","m","en"
"nikan","m","en"
"nikayla","f","en"
"nike","f","en"
"nikhil","m","en"
"nikholai","m","en"
"niki","f","en"
"nikita","f","en"
"nikiyah","f","en"
"nikki","f","en"
"nikko","m","en"
"nikkolas","m","en"
"niklas","m","en"
"niklaus","m","en"
"niklause","m","en"
"niko","f","en"
"nikoa","m","en"
"nikodem","m","en"
"nikodemus","m","en"
"nikol","f","en"
"nikola","f","en"
"nikolai","m","en"
"nikolaos","m","en"
"nikolas","m","en"
"nikolaus","m","en"
"nikolay","m","en"
"nikole","f","en"
"nikoletta","f","en"
"nikolette","f","en"
"nikoli","m","en"
"nikolina","f","en"
"nikoloz","m","en"
"nikos","m","en"
"nikte","f","en"
"nikyla","f","en"
"nil","f","en"
"nila","f","en"
"nilah","f","en"
"nilan","m","en"
"nilani","f","en"
"nilay","f","en"
"nilaya","f","en"
"nile","f","en"
"niles","m","en"
"nili","f","en"
"niliyah","f","en"
"nilo","m","en"
"nilou","f","en"
"niloufar","f","en"
"nils","m","en"
"nilson","m","en"
"nima","f","en"
"nimerah","f","en"
"nimo","f","en"
"nimrat","f","en"
"nimrit","f","en"
"nimue","f","en"
"nina","f","en"
"ninah","f","en"
"nine","m","en"
"ninfa","f","en"
"nino","m","en"
"nio","m","en"
"niobe","f","en"
"niomi","f","en"
"nira","f","en"
"nirali","f","en"
"niralya","f","en"
"niran","m","en"
"nirav","m","en"
"nirvaan","m","en"
"nirvair","m","en"
"nirvan","m","en"
"nirvana","f","en"
"nirved","m","en"
"nirvi","f","en"
"nirvik","m","en"
"nirvika","f","en"
"nisa","f","en"
"nisan","m","en"
"nisha","f","en"
"nishan","m","en"
"nishant","m","en"
"nishika","f","en"
"nishiv","m","en"
"nishka","f","en"
"nishtha","f","en"
"nisreen","f","en"
"nissa","f","en"
"nissan","m","en"
"nissi","f","en"
"nissim","m","en"
"nissy","f","en"
"nita","f","en"
"nitara","f","en"
"nithya","f","en"
"nitsa","f","en"
"nitya","f","en"
"nitza","f","en"
"niv","m","en"
"niva","f","en"
"nivaan","m","en"
"nivan","m","en"
"nivea","f","en"
"niveah","f","en"
"nivek","m","en"
"nivi","f","en"
"nivika","f","en"
"nivin","m","en"
"nivisha","f","en"
"nivrithi","f","en"
"nix","m","en"
"nixie","f","en"
"nixon","f","en"
"nixson","m","en"
"nixxon","m","en"
"niya","f","en"
"niyah","f","en"
"niyairi","f","en"
"niyam","m","en"
"niyan","m","en"
"niyana","f","en"
"niyanna","f","en"
"niyara","f","en"
"niyari","f","en"
"niyat","f","en"
"niyati","f","en"
"niyear","m","en"
"niyeli","f","en"
"niyelle","f","en"
"niyelli","f","en"
"niyla","f","en"
"niylah","f","en"
"niyomi","f","en"
"niyonna","f","en"
"nizar","m","en"
"nizaraly","f","en"
"nizarely","f","en"
"nizhoni","f","en"
"nkai","m","en"
"nnaemeka","m","en"
"nnamdi","m","en"
"nnenna","f","en"
"nneoma","f","en"
"noa","f","en"
"noach","m","en"
"noah","m","en"
"noahjames","m","en"
"noahkai","m","en"
"noam","m","en"
"noami","f","en"
"noan","m","en"
"noar","m","en"
"nobel","m","en"
"noble","f","en"
"nochum","m","en"
"noctis","m","en"
"nodin","m","en"
"noe","f","en"
"noeh","m","en"
"noel","f","en"
"noela","f","en"
"noelani","f","en"
"noeli","f","en"
"noelia","f","en"
"noelie","f","en"
"noelis","f","en"
"noella","f","en"
"noelle","f","en"
"noelli","f","en"
"noellie","f","en"
"noelly","f","en"
"noely","f","en"
"noemi","f","en"
"noemie","f","en"
"noemy","f","en"
"noen","m","en"
"noey","f","en"
"noga","f","en"
"nogaye","f","en"
"nogivenname","f","en"
"noha","f","en"
"nohea","f","en"
"nohealani","f","en"
"noheli","f","en"
"nohelia","f","en"
"nohely","f","en"
"nohemi","f","en"
"nohemy","f","en"
"nohlan","m","en"
"noir","f","en"
"nola","f","en"
"nolah","f","en"
"nolan","m","en"
"noland","m","en"
"nolani","f","en"
"nolawi","m","en"
"nolawit","f","en"
"nolen","f","en"
"nolia","f","en"
"nolie","f","en"
"nolin","m","en"
"nollan","m","en"
"nollie","f","en"
"nolyn","f","en"
"nolynn","f","en"
"noman","m","en"
"nomar","m","en"
"nomi","f","en"
"nona","f","en"
"noni","f","en"
"nonie","f","en"
"nooh","m","en"
"noor","f","en"
"noora","f","en"
"noorah","f","en"
"noorain","f","en"
"noori","f","en"
"nooria","f","en"
"nooriya","f","en"
"nor","f","en"
"nora","f","en"
"noraa","f","en"
"norah","f","en"
"noraiz","m","en"
"noralee","f","en"
"noralyn","f","en"
"noralynn","f","en"
"noramae","f","en"
"norbert","m","en"
"norberto","m","en"
"norbu","m","en"
"nore","f","en"
"noree","f","en"
"noreen","f","en"
"norelle","f","en"
"norhan","f","en"
"nori","f","en"
"noria","f","en"
"noriah","f","en"
"norian","m","en"
"norie","f","en"
"noriel","f","en"
"norielle","f","en"
"norii","f","en"
"noriyah","f","en"
"norlan","m","en"
"norma","f","en"
"norman","m","en"
"normani","f","en"
"norrie","f","en"
"norrin","m","en"
"norris","m","en"
"north","f","en"
"nosson","m","en"
"notorious","m","en"
"nouf","f","en"
"nouh","m","en"
"nour","f","en"
"noura","f","en"
"nourah","f","en"
"nouri","f","en"
"nova","f","en"
"novaa","f","en"
"novaann","f","en"
"novah","f","en"
"novahlee","f","en"
"novahleigh","f","en"
"novak","m","en"
"novalea","f","en"
"novalee","f","en"
"novalei","f","en"
"novaleigh","f","en"
"novali","f","en"
"novalia","f","en"
"novalie","f","en"
"novalina","f","en"
"novalise","f","en"
"novaly","f","en"
"novalyn","f","en"
"novalynn","f","en"
"novamae","f","en"
"novan","m","en"
"novani","f","en"
"novarae","f","en"
"novareign","f","en"
"novarose","f","en"
"novaya","f","en"
"noveah","f","en"
"novella","f","en"
"novelle","f","en"
"november","f","en"
"noven","m","en"
"novena","f","en"
"novi","f","en"
"novia","f","en"
"novian","m","en"
"novie","f","en"
"nox","f","en"
"noxx","m","en"
"noya","f","en"
"noyan","m","en"
"nozanin","f","en"
"nozomi","f","en"
"nuala","f","en"
"nubia","f","en"
"nuchem","m","en"
"nuh","m","en"
"nuha","f","en"
"nuhamin","f","en"
"numa","f","en"
"nunzio","m","en"
"nur","f","en"
"nura","f","en"
"nurah","f","en"
"nuri","f","en"
"nuria","f","en"
"nuriah","f","en"
"nuriel","m","en"
"nuriya","f","en"
"nuriyah","f","en"
"nurmuhammad","m","en"
"nurvi","f","en"
"nusaiba","f","en"
"nusaibah","f","en"
"nusayba","f","en"
"nusaybah","f","en"
"nuta","m","en"
"nuvia","f","en"
"nya","f","en"
"nyaela","f","en"
"nyah","f","en"
"nyair","m","en"
"nyaira","f","en"
"nyairah","f","en"
"nyaire","f","en"
"nyala","f","en"
"nyalah","f","en"
"nyameye","f","en"
"nyan","m","en"
"nyana","f","en"
"nyani","f","en"
"nyanna","f","en"
"nyaomi","f","en"
"nyara","f","en"
"nyari","f","en"
"nyarie","f","en"
"nyasia","f","en"
"nyayla","f","en"
"nydia","f","en"
"nyeem","m","en"
"nyeema","f","en"
"nyeir","m","en"
"nyel","m","en"
"nyela","f","en"
"nyelah","f","en"
"nyeli","f","en"
"nyella","f","en"
"nyelle","f","en"
"nyelli","f","en"
"nyellie","f","en"
"nyema","f","en"
"nygel","m","en"
"nyheem","m","en"
"nyheim","m","en"
"nyiah","f","en"
"nyielle","f","en"
"nyier","m","en"
"nyir","m","en"
"nyjah","f","en"
"nykeem","m","en"
"nyko","m","en"
"nyla","f","en"
"nylaa","f","en"
"nylah","f","en"
"nylan","f","en"
"nylani","f","en"
"nylaya","f","en"
"nylayah","f","en"
"nyle","m","en"
"nylea","f","en"
"nyleah","f","en"
"nylee","f","en"
"nylen","m","en"
"nyles","m","en"
"nylia","f","en"
"nyliah","f","en"
"nylin","m","en"
"nylo","m","en"
"nylon","m","en"
"nymeir","m","en"
"nymere","m","en"
"nymeria","f","en"
"nymir","m","en"
"nyna","f","en"
"nyne","m","en"
"nyomi","f","en"
"nyomie","f","en"
"nyomii","f","en"
"nyori","f","en"
"nyota","f","en"
"nyra","f","en"
"nyrah","f","en"
"nyrareddy","f","en"
"nyree","f","en"
"nyriah","f","en"
"nyrie","f","en"
"nyrobi","f","en"
"nysa","f","en"
"nysha","f","en"
"nysir","m","en"
"nyssa","f","en"
"nyte","m","en"
"nyx","f","en"
"nyxie","f","en"
"nyxon","m","en"
"nyyear","m","en"
"nyyir","m","en"
"nyza","f","en"
"nyzaiah","m","en"
"nyzeer","m","en"
"nyzier","m","en"
"nyzir","m","en"
"nzuri","f","en"
"oak","f","en"
"oaken","m","en"
"oakes","m","en"
"oaklan","m","en"
"oakland","f","en"
"oaklea","f","en"
"oaklee","f","en"
"oaklei","f","en"
"oakleigh","f","en"
"oaklen","f","en"
"oakley","f","en"
"oakleymae","f","en"
"oakli","f","en"
"oaklie","f","en"
"oaklin","f","en"
"oaklinn","f","en"
"oaklon","m","en"
"oakly","m","en"
"oaklyn","f","en"
"oaklynd","f","en"
"oaklynn","f","en"
"oaklynne","f","en"
"oaks","m","en"
"oana","f","en"
"oasis","f","en"
"oba","m","en"
"obadiah","m","en"
"obai","m","en"
"obaidullah","m","en"
"obaloluwa","m","en"
"obed","m","en"
"obediah","m","en"
"oberon","m","en"
"oberyn","m","en"
"obi","m","en"
"obie","m","en"
"obinna","m","en"
"obrempong","m","en"
"obsa","m","en"
"obsidian","m","en"
"ocean","f","en"
"oceana","f","en"
"oceane","f","en"
"oceania","f","en"
"oceann","f","en"
"oceanna","f","en"
"oceano","m","en"
"ocie","f","en"
"ociel","m","en"
"octavia","f","en"
"octaviah","f","en"
"octavian","m","en"
"octaviano","m","en"
"octavio","m","en"
"octavious","m","en"
"octavius","m","en"
"octayvia","f","en"
"october","f","en"
"ocyrus","m","en"
"odai","m","en"
"odalis","f","en"
"odalys","f","en"
"oday","m","en"
"odelia","f","en"
"odell","m","en"
"odella","f","en"
"oden","m","en"
"odesa","f","en"
"odessa","f","en"
"odesza","f","en"
"odette","f","en"
"odeya","f","en"
"odhran","m","en"
"odie","m","en"
"odilia","f","en"
"odin","m","en"
"odinn","m","en"
"odis","m","en"
"odyn","m","en"
"odysseus","m","en"
"odyssey","f","en"
"ofa","f","en"
"ofelia","f","en"
"ogden","m","en"
"oghenetega","m","en"
"ohaji","m","en"
"ohana","f","en"
"ohanna","f","en"
"ohemaa","f","en"
"ohene","m","en"
"oisin","m","en"
"ojas","m","en"
"ojasvi","f","en"
"okalani","f","en"
"oksana","f","en"
"oktavia","f","en"
"oktober","f","en"
"ola","f","en"
"olachi","f","en"
"oladayo","m","en"
"olaf","m","en"
"olajuwon","m","en"
"olamide","f","en"
"olan","m","en"
"olana","f","en"
"olani","f","en"
"olanna","f","en"
"olaoluwa","m","en"
"olaya","f","en"
"ole","m","en"
"olea","f","en"
"oleander","f","en"
"oleg","m","en"
"olegario","m","en"
"olek","m","en"
"oleksandr","m","en"
"olen","m","en"
"olena","f","en"
"olenna","f","en"
"olesia","f","en"
"olga","f","en"
"oli","f","en"
"oliana","f","en"
"olianna","f","en"
"olimpia","f","en"
"olin","m","en"
"olina","f","en"
"oliva","f","en"
"olivander","m","en"
"olive","f","en"
"oliver","m","en"
"oliverio","m","en"
"olivet","f","en"
"olivette","f","en"
"olivia","f","en"
"oliviaann","f","en"
"oliviagrace","f","en"
"oliviah","f","en"
"oliviamae","f","en"
"oliviana","f","en"
"olivianna","f","en"
"oliviarose","f","en"
"olivier","f","en"
"olivine","f","en"
"oliviya","f","en"
"olivya","f","en"
"oliwia","f","en"
"oliyah","f","en"
"olli","m","en"
"ollie","f","en"
"ollin","m","en"
"ollivander","m","en"
"olliver","m","en"
"olly","m","en"
"olman","m","en"
"ololade","f","en"
"olori","f","en"
"olsen","m","en"
"olson","m","en"
"oluchi","f","en"
"oluwadamilare","m","en"
"oluwadamilola","f","en"
"oluwadarasimi","f","en"
"oluwademilade","m","en"
"oluwafemi","m","en"
"oluwaferanmi","m","en"
"oluwafikayomi","m","en"
"oluwafunmilayo","f","en"
"oluwajomiloju","m","en"
"oluwanifemi","f","en"
"oluwatamilore","f","en"
"oluwateniola","f","en"
"oluwatobi","m","en"
"oluwatobiloba","m","en"
"oluwatoni","m","en"
"olvin","m","en"
"olympia","f","en"
"olympus","m","en"
"olyver","m","en"
"olyvia","f","en"
"om","m","en"
"omaima","f","en"
"omair","m","en"
"omaira","f","en"
"omani","f","en"
"omar","m","en"
"omara","f","en"
"omari","f","en"
"omarii","m","en"
"omarion","m","en"
"omarri","m","en"
"omavi","m","en"
"omaya","f","en"
"omega","f","en"
"omen","m","en"
"omer","f","en"
"omere","m","en"
"omi","f","en"
"omid","m","en"
"omie","f","en"
"omina","f","en"
"omir","m","en"
"omni","f","en"
"omran","m","en"
"omri","m","en"
"ona","f","en"
"onalee","f","en"
"onan","m","en"
"ondine","f","en"
"oneal","m","en"
"oneida","f","en"
"oneil","m","en"
"onel","m","en"
"onesimo","m","en"
"onesti","f","en"
"onesty","f","en"
"oni","f","en"
"onias","m","en"
"oniel","m","en"
"onika","f","en"
"onix","m","en"
"onixx","m","en"
"onna","f","en"
"onni","m","en"
"onnie","f","en"
"onur","m","en"
"onyinyechi","f","en"
"onyx","f","en"
"onyxx","f","en"
"oona","f","en"
"opal","f","en"
"opaline","f","en"
"ophelia","f","en"
"opie","m","en"
"or","m","en"
"ora","f","en"
"oracle","m","en"
"orah","f","en"
"oralia","f","en"
"oran","m","en"
"orbelin","m","en"
"orchid","f","en"
"orel","m","en"
"orelia","f","en"
"oren","m","en"
"oreoluwa","f","en"
"orest","m","en"
"orhaan","m","en"
"orhan","m","en"
"ori","f","en"
"oriah","f","en"
"orian","m","en"
"oriana","f","en"
"oriane","f","en"
"orianna","f","en"
"orie","m","en"
"oriel","m","en"
"orielle","f","en"
"orien","m","en"
"orin","m","en"
"orion","f","en"
"oriya","f","en"
"oriyah","f","en"
"orla","f","en"
"orlaith","f","en"
"orland","m","en"
"orlando","m","en"
"orli","f","en"
"orlin","m","en"
"orly","f","en"
"orlyn","m","en"
"ornella","f","en"
"orren","m","en"
"orrin","m","en"
"orson","m","en"
"orville","m","en"
"orvin","m","en"
"oryan","m","en"
"oryn","m","en"
"oryon","m","en"
"osa","f","en"
"osama","m","en"
"osaze","m","en"
"osbaldo","m","en"
"osborn","m","en"
"osborne","m","en"
"osbourne","m","en"
"oscar","m","en"
"osean","f","en"
"oseas","m","en"
"osei","m","en"
"oseias","m","en"
"oshae","m","en"
"oshaun","m","en"
"oshawn","m","en"
"oshay","m","en"
"oshea","f","en"
"oshen","m","en"
"osher","m","en"
"oshian","f","en"
"oshin","m","en"
"oshun","f","en"
"oshyn","f","en"
"oshynn","f","en"
"osiah","m","en"
"osian","m","en"
"osias","m","en"
"osiel","m","en"
"osinachi","m","en"
"osiris","f","en"
"osirus","m","en"
"osiyo","f","en"
"oskar","m","en"
"osleen","f","en"
"oslin","f","en"
"oslo","m","en"
"osman","m","en"
"osmani","m","en"
"osmany","m","en"
"osmar","m","en"
"osmara","f","en"
"osmary","f","en"
"osmel","m","en"
"osmin","m","en"
"osmond","m","en"
"osmund","m","en"
"oso","m","en"
"ossian","m","en"
"ossiel","m","en"
"ostap","m","en"
"ostara","f","en"
"osten","m","en"
"ostin","m","en"
"ostyn","m","en"
"osvaldo","m","en"
"osvin","m","en"
"oswald","m","en"
"oswaldo","m","en"
"oswin","f","en"
"otavio","m","en"
"othello","m","en"
"othman","m","en"
"othniel","m","en"
"otilia","f","en"
"otillia","f","en"
"otis","m","en"
"otoniel","m","en"
"ottie","f","en"
"ottilia","f","en"
"ottilie","f","en"
"ottis","m","en"
"otto","m","en"
"ottoniel","m","en"
"oumar","m","en"
"oumou","f","en"
"ousmane","m","en"
"ova","f","en"
"ovadia","m","en"
"oveah","f","en"
"ovee","f","en"
"ovi","f","en"
"ovidio","m","en"
"ovie","m","en"
"oviyan","m","en"
"owais","m","en"
"owen","m","en"
"owens","m","en"
"owyn","f","en"
"oyinkansola","f","en"
"oz","m","en"
"ozai","m","en"
"ozair","m","en"
"ozais","m","en"
"ozan","m","en"
"ozara","f","en"
"ozer","m","en"
"oziah","m","en"
"ozias","m","en"
"oziel","m","en"
"ozil","m","en"
"ozion","m","en"
"ozlem","f","en"
"ozlo","m","en"
"ozlyn","f","en"
"ozlynn","f","en"
"ozman","m","en"
"ozriel","m","en"
"ozwald","m","en"
"ozymandias","m","en"
"ozzi","f","en"
"ozzie","f","en"
"ozziel","m","en"
"ozzlyn","f","en"
"ozzy","f","en"
"paarth","m","en"
"pablito","m","en"
"pablo","m","en"
"pace","f","en"
"pacey","f","en"
"paco","m","en"
"paden","m","en"
"padme","f","en"
"padraic","m","en"
"padraig","m","en"
"paetyn","f","en"
"page","f","en"
"paiden","m","en"
"paige","f","en"
"paisely","f","en"
"paislee","f","en"
"paislei","f","en"
"paisleigh","f","en"
"paisley","f","en"
"paisli","f","en"
"paislie","f","en"
"paisly","f","en"
"paislyn","f","en"
"paislynn","f","en"
"paisyn","f","en"
"paityn","f","en"
"paizlee","f","en"
"paizleigh","f","en"
"paizley","f","en"
"paladin","m","en"
"pallas","f","en"
"palma","f","en"
"palmer","f","en"
"paloma","f","en"
"pamela","f","en"
"panagiota","f","en"
"panagiotis","m","en"
"panayiotis","m","en"
"pandora","f","en"
"paola","f","en"
"paolina","f","en"
"paolo","m","en"
"papa","m","en"
"papi","m","en"
"paradise","f","en"
"paradyse","f","en"
"param","m","en"
"paras","m","en"
"paraskevi","f","en"
"pari","f","en"
"paris","f","en"
"parisa","f","en"
"parish","m","en"
"parisha","f","en"
"parishay","f","en"
"pariss","f","en"
"park","m","en"
"parke","m","en"
"parker","m","en"
"parklyn","f","en"
"parklynn","f","en"
"parks","m","en"
"parkyr","f","en"
"parla","f","en"
"parneet","f","en"
"parnika","f","en"
"parris","f","en"
"parrish","m","en"
"pars","m","en"
"parsa","m","en"
"parth","m","en"
"partha","m","en"
"parthenia","f","en"
"parx","m","en"
"parys","f","en"
"pascal","m","en"
"pascual","m","en"
"pasha","m","en"
"pasquale","m","en"
"passion","f","en"
"pate","m","en"
"patience","f","en"
"patric","m","en"
"patrice","f","en"
"patricia","f","en"
"patricio","m","en"
"patrick","m","en"
"patrik","m","en"
"patryk","m","en"
"patsy","f","en"
"patterson","m","en"
"patton","f","en"
"pau","m","en"
"paul","m","en"
"paula","f","en"
"pauleth","f","en"
"paulett","f","en"
"paulette","f","en"
"paulina","f","en"
"pauline","f","en"
"paulino","m","en"
"paulo","m","en"
"pavel","m","en"
"pavle","m","en"
"pavlo","m","en"
"paw","f","en"
"pax","f","en"
"paxley","f","en"
"paxon","m","en"
"paxson","m","en"
"paxten","m","en"
"paxtin","m","en"
"paxton","f","en"
"paxtyn","f","en"
"paxxton","m","en"
"payden","f","en"
"payne","m","en"
"paysen","f","en"
"payslee","f","en"
"paysleigh","f","en"
"paysley","f","en"
"payslie","f","en"
"payson","f","en"
"payten","f","en"
"paytience","f","en"
"payton","f","en"
"payzlee","f","en"
"paz","f","en"
"peace","f","en"
"peach","f","en"
"peaches","f","en"
"pearce","f","en"
"pearl","f","en"
"pearla","f","en"
"pearlie","f","en"
"pearse","m","en"
"pearson","f","en"
"pedrito","m","en"
"pedro","m","en"
"pedrohenrique","m","en"
"peggy","f","en"
"peighton","f","en"
"pella","f","en"
"pema","f","en"
"penellope","f","en"
"penelope","f","en"
"penelopi","f","en"
"penelopy","f","en"
"peniel","f","en"
"penina","f","en"
"penn","m","en"
"pennelope","f","en"
"penni","f","en"
"pennie","f","en"
"penny","f","en"
"peony","f","en"
"pepper","f","en"
"pera","f","en"
"percival","m","en"
"percy","f","en"
"peregrin","m","en"
"peregrine","f","en"
"perel","f","en"
"peretz","m","en"
"perez","m","en"
"perfect","f","en"
"peri","f","en"
"peridot","f","en"
"perl","f","en"
"perla","f","en"
"pernell","m","en"
"perola","f","en"
"perpetua","f","en"
"perri","f","en"
"perrie","f","en"
"perrin","f","en"
"perris","f","en"
"perry","f","en"
"persephanie","f","en"
"persephone","f","en"
"perseus","m","en"
"persia","f","en"
"pessel","f","en"
"pessy","f","en"
"petar","m","en"
"pete","m","en"
"peter","m","en"
"peterson","m","en"
"petie","m","en"
"petra","f","en"
"petrona","f","en"
"petros","m","en"
"petunia","f","en"
"peyson","f","en"
"peyton","f","en"
"pfeiffer","f","en"
"phaedra","f","en"
"phaith","f","en"
"pharah","f","en"
"pharaoh","m","en"
"pharoah","m","en"
"pharrah","f","en"
"pharrell","m","en"
"phebe","f","en"
"phelan","m","en"
"phelix","m","en"
"phenix","f","en"
"phenyx","f","en"
"pheobe","f","en"
"pheonix","f","en"
"pheonyx","f","en"
"phil","m","en"
"philemon","m","en"
"philip","m","en"
"philipp","m","en"
"philippa","f","en"
"philippe","m","en"
"phillip","m","en"
"phillipe","m","en"
"phillips","m","en"
"philo","m","en"
"philomena","f","en"
"philopater","m","en"
"phineas","m","en"
"phinehas","m","en"
"phinley","m","en"
"phoebe","f","en"
"phoebie","f","en"
"phoenix","f","en"
"phoenixx","m","en"
"phoenyx","f","en"
"phong","m","en"
"phor","m","en"
"phorever","f","en"
"phyllis","f","en"
"phynix","f","en"
"pia","f","en"
"pierce","f","en"
"piercen","m","en"
"piero","m","en"
"pierre","m","en"
"piers","m","en"
"pierson","f","en"
"pietra","f","en"
"pietro","m","en"
"pihu","f","en"
"pike","m","en"
"pilar","f","en"
"pilot","m","en"
"pinchas","m","en"
"pinches","m","en"
"pinchos","m","en"
"pinchus","m","en"
"pine","m","en"
"pinny","m","en"
"pio","m","en"
"piper","f","en"
"pippa","f","en"
"pippin","f","en"
"pius","m","en"
"pixie","f","en"
"platon","m","en"
"pnina","f","en"
"poe","f","en"
"poet","f","en"
"poetic","f","en"
"poetry","f","en"
"pola","f","en"
"polaris","f","en"
"poleth","f","en"
"polette","f","en"
"polina","f","en"
"polly","f","en"
"pollyanna","f","en"
"polo","m","en"
"poppi","f","en"
"poppie","f","en"
"poppy","f","en"
"porfirio","m","en"
"porsche","f","en"
"porsha","f","en"
"porter","f","en"
"portia","f","en"
"portland","f","en"
"portlyn","f","en"
"portlynn","f","en"
"poseidon","m","en"
"posey","f","en"
"posie","f","en"
"posy","f","en"
"powell","m","en"
"power","f","en"
"poyraz","m","en"
"prabhnoor","f","en"
"pradyumna","m","en"
"pragya","f","en"
"pragyan","m","en"
"prahan","m","en"
"prahi","f","en"
"prairie","f","en"
"praise","f","en"
"prajna","f","en"
"pranav","m","en"
"pranavi","f","en"
"pranay","m","en"
"praneel","m","en"
"pranika","f","en"
"pranil","m","en"
"pranish","m","en"
"pranisha","f","en"
"pranit","m","en"
"pransh","m","en"
"pranshi","f","en"
"pranshu","m","en"
"pranvi","f","en"
"prapti","f","en"
"pratham","m","en"
"pratik","m","en"
"pratyush","m","en"
"pravi","f","en"
"pravya","f","en"
"praxton","m","en"
"prayan","m","en"
"prayer","f","en"
"prayush","m","en"
"preacher","m","en"
"precious","f","en"
"preesha","f","en"
"preksha","f","en"
"prem","m","en"
"prema","f","en"
"premier","m","en"
"prentice","m","en"
"prentiss","m","en"
"prescott","f","en"
"preslee","f","en"
"preslei","f","en"
"presleigh","f","en"
"presley","f","en"
"presli","f","en"
"preslie","f","en"
"preslyn","f","en"
"preslynn","f","en"
"pressley","f","en"
"presten","m","en"
"prestin","m","en"
"preston","f","en"
"prestyn","f","en"
"prestynn","f","en"
"pretty","f","en"
"pria","f","en"
"priam","m","en"
"priansh","m","en"
"price","f","en"
"pricilla","f","en"
"priest","m","en"
"prim","f","en"
"primrose","f","en"
"primus","m","en"
"prince","m","en"
"princeamir","m","en"
"princesa","f","en"
"princess","f","en"
"princeston","m","en"
"princeton","m","en"
"princetyn","m","en"
"prinston","m","en"
"prisca","f","en"
"priscila","f","en"
"priscilla","f","en"
"priscillia","f","en"
"prish","m","en"
"prisha","f","en"
"prisma","f","en"
"prithvi","m","en"
"priya","f","en"
"priyah","f","en"
"priyan","m","en"
"priyana","f","en"
"priyanka","f","en"
"priyansh","m","en"
"prodigy","m","en"
"prometheus","m","en"
"promise","f","en"
"promyce","f","en"
"promyse","f","en"
"promysse","f","en"
"prophecy","f","en"
"prophet","m","en"
"prosper","f","en"
"prosperity","f","en"
"providence","f","en"
"prudence","f","en"
"prue","f","en"
"pruitt","f","en"
"pryce","f","en"
"prynce","m","en"
"pryncess","f","en"
"prynceton","m","en"
"pryor","m","en"
"psalm","f","en"
"psalms","f","en"
"ptolemy","m","en"
"pualani","f","en"
"pualena","f","en"
"pure","f","en"
"purity","f","en"
"purpose","f","en"
"pyper","f","en"
"pyrrha","f","en"
"qadir","m","en"
"qais","m","en"
"qamar","f","en"
"qamari","m","en"
"qari","m","en"
"qasem","m","en"
"qasim","m","en"
"qeyanni","f","en"
"qiana","f","en"
"qira","f","en"
"qmari","m","en"
"quade","m","en"
"quadir","m","en"
"quaid","m","en"
"qualyn","m","en"
"quamari","m","en"
"quamir","m","en"
"quan","m","en"
"quantavious","m","en"
"quashawn","m","en"
"quavon","m","en"
"quay","m","en"
"qubyn","m","en"
"que","m","en"
"queen","f","en"
"queena","f","en"
"queenie","f","en"
"quentin","m","en"
"quenton","m","en"
"quentyn","m","en"
"quest","f","en"
"quetzal","m","en"
"quetzali","f","en"
"quetzalli","f","en"
"quetzally","f","en"
"quetzaly","f","en"
"quiana","f","en"
"quigley","m","en"
"quill","f","en"
"quillan","m","en"
"quin","f","en"
"quincee","f","en"
"quincey","f","en"
"quincie","f","en"
"quincy","f","en"
"quinlan","f","en"
"quinlee","f","en"
"quinleigh","f","en"
"quinley","f","en"
"quinlyn","f","en"
"quinlynn","f","en"
"quinn","f","en"
"quinnlee","f","en"
"quinnleigh","f","en"
"quinnley","f","en"
"quinnly","f","en"
"quinnlyn","f","en"
"quinnlynn","f","en"
"quinnton","m","en"
"quint","m","en"
"quintavious","m","en"
"quintavius","m","en"
"quinten","m","en"
"quintin","m","en"
"quinton","m","en"
"quintrell","m","en"
"quintus","m","en"
"quintyn","m","en"
"quinzel","f","en"
"quorra","f","en"
"quran","m","en"
"qusai","m","en"
"qusay","m","en"
"quynh","f","en"
"quynn","f","en"
"ra","m","en"
"raad","m","en"
"raaga","f","en"
"raahi","f","en"
"raahil","m","en"
"raahim","m","en"
"raam","m","en"
"raavi","f","en"
"raaya","f","en"
"raayan","m","en"
"rabaab","f","en"
"rabab","f","en"
"rabia","f","en"
"rabiya","f","en"
"race","m","en"
"racelynn","f","en"
"rachael","f","en"
"racheal","f","en"
"rachel","f","en"
"rachell","f","en"
"rachelle","f","en"
"rachid","m","en"
"racquel","f","en"
"rad","m","en"
"rada","f","en"
"radames","m","en"
"radd","m","en"
"radek","m","en"
"raden","m","en"
"radford","m","en"
"radha","f","en"
"radhika","f","en"
"radhya","f","en"
"radiance","f","en"
"radin","m","en"
"radiya","f","en"
"radlee","m","en"
"radleigh","f","en"
"radley","f","en"
"radwa","f","en"
"radwan","m","en"
"radyn","m","en"
"rae","f","en"
"raea","f","en"
"raeah","f","en"
"raeann","f","en"
"raeanna","f","en"
"raed","m","en"
"raeden","f","en"
"raedyn","f","en"
"raees","m","en"
"raef","m","en"
"raegan","f","en"
"raegann","f","en"
"raegen","f","en"
"raeghan","f","en"
"raegyn","f","en"
"raekwon","m","en"
"rael","f","en"
"raela","f","en"
"raelah","f","en"
"raelani","f","en"
"raelea","f","en"
"raelee","f","en"
"raeleen","f","en"
"raeleigh","f","en"
"raelen","f","en"
"raelene","f","en"
"raeley","f","en"
"raeli","f","en"
"raeliana","f","en"
"raelin","f","en"
"raelinn","f","en"
"raelle","f","en"
"raelyn","f","en"
"raelyne","f","en"
"raelynn","f","en"
"raelynne","f","en"
"raemarie","f","en"
"raen","f","en"
"raena","f","en"
"raeni","f","en"
"raeshawn","m","en"
"raeven","f","en"
"raevyn","f","en"
"raeya","f","en"
"raeyah","f","en"
"rafa","f","en"
"rafael","m","en"
"rafaela","f","en"
"rafaella","f","en"
"rafay","m","en"
"rafe","m","en"
"rafeef","f","en"
"raffael","m","en"
"raffaela","f","en"
"raffaele","m","en"
"raffaella","f","en"
"rafferty","m","en"
"raffi","m","en"
"rafi","m","en"
"rafif","f","en"
"rafiq","m","en"
"rafsan","m","en"
"ragan","f","en"
"rage","m","en"
"raghad","f","en"
"raghav","m","en"
"ragnar","m","en"
"raha","f","en"
"rahaf","f","en"
"raheel","f","en"
"raheem","m","en"
"raheim","m","en"
"rahi","f","en"
"rahiem","m","en"
"rahil","f","en"
"rahim","m","en"
"rahima","f","en"
"rahkeem","m","en"
"rahm","m","en"
"rahma","f","en"
"rahmah","f","en"
"rahman","m","en"
"rahmani","f","en"
"rahmatullah","m","en"
"rahmeek","m","en"
"rahmeir","m","en"
"rahmel","m","en"
"rahmere","m","en"
"rahmir","m","en"
"rahsaan","m","en"
"rahul","m","en"
"rai","f","en"
"raia","f","en"
"raiah","f","en"
"raian","m","en"
"raidan","m","en"
"raiden","f","en"
"raider","m","en"
"raidon","m","en"
"raidyn","f","en"
"raielle","f","en"
"raif","m","en"
"raife","m","en"
"raigan","f","en"
"raigen","f","en"
"raihan","f","en"
"raijin","m","en"
"railani","f","en"
"railee","f","en"
"raileigh","f","en"
"railey","f","en"
"railyn","f","en"
"railynn","f","en"
"raima","f","en"
"rain","f","en"
"raina","f","en"
"rainah","f","en"
"rainbow","f","en"
"raine","f","en"
"rainee","f","en"
"rainer","m","en"
"raines","m","en"
"rainey","f","en"
"raini","f","en"
"rainie","f","en"
"rainier","f","en"
"rainn","f","en"
"rainy","f","en"
"raisa","f","en"
"raissa","f","en"
"raiven","f","en"
"raivyn","f","en"
"raiya","f","en"
"raiyah","f","en"
"raiyan","m","en"
"raiyn","f","en"
"raiyne","f","en"
"raiza","f","en"
"raizel","f","en"
"raizen","m","en"
"raizy","f","en"
"raj","m","en"
"raja","m","en"
"rajah","m","en"
"rajan","m","en"
"raji","m","en"
"rajon","m","en"
"rajveer","m","en"
"rajvir","m","en"
"rakai","m","en"
"rakan","m","en"
"rakari","m","en"
"rakeem","m","en"
"rakhi","m","en"
"rakim","m","en"
"rakiya","f","en"
"rakiyah","f","en"
"raksha","f","en"
"raleigh","f","en"
"raleigha","f","en"
"ralo","m","en"
"ralph","m","en"
"ralphael","m","en"
"ralphie","m","en"
"ralston","m","en"
"ralynn","f","en"
"ram","m","en"
"rama","f","en"
"ramadan","m","en"
"ramadhani","m","en"
"ramah","f","en"
"ramaj","m","en"
"raman","m","en"
"ramani","f","en"
"ramari","m","en"
"ramata","f","en"
"ramatoulaye","f","en"
"ramaya","f","en"
"rambo","m","en"
"rameir","m","en"
"ramel","m","en"
"ramell","m","en"
"ramello","m","en"
"ramelo","m","en"
"ramere","m","en"
"ramesses","m","en"
"ramey","f","en"
"ramez","m","en"
"rami","m","en"
"ramia","f","en"
"ramiah","f","en"
"ramie","f","en"
"ramiel","m","en"
"ramin","m","en"
"ramina","f","en"
"ramir","m","en"
"ramira","f","en"
"ramire","m","en"
"ramirez","m","en"
"ramiro","m","en"
"ramiya","f","en"
"ramiyah","f","en"
"ramiz","m","en"
"ramla","f","en"
"ramon","m","en"
"ramona","f","en"
"ramone","m","en"
"ramsay","f","en"
"ramsee","f","en"
"ramses","m","en"
"ramsey","f","en"
"ramsie","f","en"
"ramy","m","en"
"ramya","f","en"
"ramyah","f","en"
"ramyiah","f","en"
"ramzey","m","en"
"ramzi","m","en"
"ran","m","en"
"rana","f","en"
"ranae","f","en"
"ranav","m","en"
"ranaya","f","en"
"ranbir","m","en"
"rance","m","en"
"rand","m","en"
"randa","f","en"
"randal","m","en"
"randall","m","en"
"randel","m","en"
"randell","m","en"
"randi","f","en"
"randolph","m","en"
"randy","f","en"
"rane","m","en"
"raneem","f","en"
"ranelle","f","en"
"ranen","m","en"
"raney","f","en"
"ranger","m","en"
"rani","f","en"
"rania","f","en"
"raniya","f","en"
"raniyah","f","en"
"ranni","f","en"
"ransh","m","en"
"ransom","m","en"
"ranveer","m","en"
"ranya","f","en"
"ranyla","f","en"
"raoul","m","en"
"rapha","m","en"
"raphael","m","en"
"raphaela","f","en"
"raphaella","f","en"
"rapheal","m","en"
"raphel","m","en"
"raphtalia","f","en"
"raquan","m","en"
"raquel","f","en"
"raquelle","f","en"
"rari","f","en"
"rarity","f","en"
"ras","m","en"
"rasean","m","en"
"raseel","f","en"
"rasha","f","en"
"rashaad","m","en"
"rashaan","m","en"
"rashad","m","en"
"rashard","m","en"
"rashaud","m","en"
"rashaun","m","en"
"rashawn","m","en"
"rashed","m","en"
"rasheed","m","en"
"rasheem","m","en"
"rasheen","m","en"
"rashel","f","en"
"rashell","f","en"
"rashid","m","en"
"rashika","f","en"
"rashon","m","en"
"rashun","m","en"
"raslan","m","en"
"rasmus","m","en"
"rasul","m","en"
"rateel","f","en"
"ratzy","f","en"
"raudel","m","en"
"raul","m","en"
"raulin","m","en"
"raunak","f","en"
"raveena","f","en"
"raven","f","en"
"ravenna","f","en"
"ravi","m","en"
"ravina","f","en"
"ravleen","f","en"
"ravy","m","en"
"ravya","f","en"
"ravyn","f","en"
"ravynn","f","en"
"rawaa","f","en"
"rawad","m","en"
"rawan","f","en"
"rawdah","f","en"
"rawley","m","en"
"rawlin","m","en"
"rawlings","f","en"
"rawlins","f","en"
"rawson","m","en"
"ray","f","en"
"raya","f","en"
"rayaan","f","en"
"rayah","f","en"
"rayan","f","en"
"rayana","f","en"
"rayann","f","en"
"rayanna","f","en"
"rayanne","f","en"
"rayansh","m","en"
"rayburn","m","en"
"rayce","m","en"
"raycen","m","en"
"raychel","f","en"
"raydan","m","en"
"raydel","m","en"
"rayden","f","en"
"rayder","m","en"
"raydin","m","en"
"raydon","m","en"
"raye","f","en"
"rayelle","f","en"
"rayelynn","f","en"
"rayen","f","en"
"rayford","m","en"
"raygan","f","en"
"raygen","f","en"
"rayhan","f","en"
"rayhana","f","en"
"rayiah","f","en"
"rayla","f","en"
"raylah","f","en"
"raylan","f","en"
"rayland","m","en"
"raylani","f","en"
"raylea","f","en"
"raylee","f","en"
"rayleen","f","en"
"rayleigh","f","en"
"raylen","f","en"
"raylene","f","en"
"rayley","f","en"
"rayli","f","en"
"raylie","f","en"
"raylin","f","en"
"raylinn","f","en"
"raylon","m","en"
"raylyn","f","en"
"raylynn","f","en"
"raylynne","f","en"
"raymeir","m","en"
"raymi","m","en"
"raymir","m","en"
"raymon","m","en"
"raymond","m","en"
"raymone","m","en"
"raymund","m","en"
"raymundo","m","en"
"rayn","f","en"
"rayna","f","en"
"raynah","f","en"
"raynaldo","m","en"
"raynard","m","en"
"rayne","f","en"
"raynee","f","en"
"raynell","f","en"
"rayner","m","en"
"rayni","f","en"
"raynie","f","en"
"rayniel","m","en"
"raynna","f","en"
"raynor","m","en"
"rayon","m","en"
"rayona","f","en"
"rayonna","f","en"
"rayquan","m","en"
"raysean","m","en"
"rayshaun","m","en"
"rayshawn","m","en"
"rayshon","m","en"
"rayson","m","en"
"rayva","f","en"
"rayven","f","en"
"rayvin","f","en"
"rayvn","f","en"
"rayvon","m","en"
"rayyan","f","en"
"rayyana","f","en"
"rayyona","f","en"
"raz","m","en"
"raza","m","en"
"razaan","f","en"
"razan","f","en"
"razi","f","en"
"razia","f","en"
"raziah","f","en"
"raziel","f","en"
"raziya","f","en"
"raziyah","f","en"
"rea","f","en"
"reacher","m","en"
"reagan","f","en"
"reagen","f","en"
"reaghan","f","en"
"reagyn","f","en"
"real","m","en"
"reality","f","en"
"realm","m","en"
"realynn","f","en"
"reanna","f","en"
"reason","f","en"
"reaves","m","en"
"reba","f","en"
"rebeca","f","en"
"rebecca","f","en"
"rebecka","f","en"
"rebeka","f","en"
"rebekah","f","en"
"rebekka","f","en"
"rebel","f","en"
"rebelle","f","en"
"rece","m","en"
"rechel","f","en"
"rechy","f","en"
"record","m","en"
"red","m","en"
"reda","m","en"
"redd","m","en"
"redding","m","en"
"reddington","m","en"
"redford","m","en"
"redmond","m","en"
"reece","f","en"
"reed","f","en"
"reef","f","en"
"reegan","f","en"
"reem","f","en"
"reema","f","en"
"reena","f","en"
"rees","f","en"
"reese","f","en"
"reet","f","en"
"reeva","f","en"
"reeve","f","en"
"reeves","f","en"
"reeya","f","en"
"refael","m","en"
"refoel","m","en"
"refugio","m","en"
"regal","f","en"
"regan","f","en"
"reggie","f","en"
"regina","f","en"
"reginae","f","en"
"reginald","m","en"
"regino","m","en"
"region","m","en"
"regis","m","en"
"regulus","m","en"
"reha","f","en"
"rehaan","m","en"
"reham","f","en"
"rehan","m","en"
"rehema","f","en"
"rehma","f","en"
"rehmat","f","en"
"rei","f","en"
"reia","f","en"
"reid","f","en"
"reiden","m","en"
"reigan","f","en"
"reighan","f","en"
"reighlyn","f","en"
"reighlynn","f","en"
"reighn","f","en"
"reign","f","en"
"reigna","f","en"
"reignbow","f","en"
"reika","f","en"
"reiker","m","en"
"reiko","f","en"
"reila","f","en"
"reiley","f","en"
"reilly","f","en"
"reilyn","f","en"
"reilynn","f","en"
"rein","f","en"
"reina","f","en"
"reinaldo","m","en"
"reine","f","en"
"reiner","m","en"
"reinhardt","m","en"
"reis","m","en"
"reiss","m","en"
"reiya","f","en"
"reizy","f","en"
"rejoice","f","en"
"relic","m","en"
"rell","f","en"
"rema","f","en"
"remedi","f","en"
"remedios","f","en"
"remedy","f","en"
"remee","f","en"
"remi","f","en"
"remiah","f","en"
"remidy","f","en"
"remie","f","en"
"remiel","f","en"
"remigio","m","en"
"remii","f","en"
"remilia","f","en"
"remilynn","f","en"
"remington","f","en"
"remingtyn","f","en"
"reminisce","f","en"
"remirose","f","en"
"remiyah","f","en"
"remmi","f","en"
"remmie","f","en"
"remmington","f","en"
"remmy","f","en"
"remo","m","en"
"remus","m","en"
"remy","f","en"
"remzi","m","en"
"ren","f","en"
"rena","f","en"
"renad","f","en"
"renae","f","en"
"renaldo","m","en"
"renan","m","en"
"renard","m","en"
"renat","m","en"
"renata","f","en"
"renatha","f","en"
"renato","m","en"
"renatta","f","en"
"rendell","m","en"
"rene","f","en"
"renea","f","en"
"renee","f","en"
"renegade","m","en"
"renelle","f","en"
"renesmae","f","en"
"renesmay","f","en"
"renesme","f","en"
"renesmee","f","en"
"renezmae","f","en"
"renezmee","f","en"
"renfri","f","en"
"reni","f","en"
"reniah","f","en"
"renin","m","en"
"reniyah","f","en"
"renji","m","en"
"renlee","f","en"
"renleigh","f","en"
"renley","f","en"
"renli","f","en"
"renlie","f","en"
"renly","f","en"
"renn","f","en"
"renna","f","en"
"rennan","m","en"
"renner","m","en"
"renni","f","en"
"rennick","m","en"
"rennie","f","en"
"rennix","m","en"
"rennley","f","en"
"rennon","m","en"
"renny","f","en"
"reno","m","en"
"renton","m","en"
"renzi","f","en"
"renzo","m","en"
"reo","m","en"
"reon","m","en"
"ressiah","m","en"
"retaj","f","en"
"retal","f","en"
"rett","m","en"
"retta","f","en"
"reuben","m","en"
"reuel","m","en"
"reut","f","en"
"reuven","m","en"
"rev","m","en"
"reva","f","en"
"revan","f","en"
"revansh","m","en"
"reve","m","en"
"revekka","f","en"
"revel","f","en"
"revere","m","en"
"reverie","f","en"
"revie","f","en"
"revin","m","en"
"revlynn","f","en"
"revna","f","en"
"revy","f","en"
"revyn","f","en"
"rex","m","en"
"rexford","m","en"
"rexton","m","en"
"rey","f","en"
"reya","f","en"
"reyaan","m","en"
"reyaansh","m","en"
"reyah","f","en"
"reyan","m","en"
"reyana","f","en"
"reyansh","m","en"
"reyden","m","en"
"reyes","m","en"
"reygan","f","en"
"reyhan","f","en"
"reyla","f","en"
"reylan","m","en"
"reyli","m","en"
"reylin","f","en"
"reylynn","f","en"
"reymond","m","en"
"reymundo","m","en"
"reyn","f","en"
"reyna","f","en"
"reynaldo","m","en"
"reynold","m","en"
"reynolds","f","en"
"reyyan","f","en"
"rez","m","en"
"reza","m","en"
"rezwan","m","en"
"rhaella","f","en"
"rhaelyn","f","en"
"rhaelynn","f","en"
"rhaena","f","en"
"rhaenyra","f","en"
"rhapsody","f","en"
"rhavi","m","en"
"rhavy","m","en"
"rhaya","f","en"
"rhayn","f","en"
"rhayne","f","en"
"rhea","f","en"
"rheagan","f","en"
"rhealynn","f","en"
"rhegan","f","en"
"rheia","f","en"
"rhema","f","en"
"rhemi","f","en"
"rhen","f","en"
"rhenlee","f","en"
"rhet","m","en"
"rhett","f","en"
"rhetta","f","en"
"rhettlee","f","en"
"rhettley","m","en"
"rheya","f","en"
"rhia","f","en"
"rhian","f","en"
"rhianna","f","en"
"rhiannon","f","en"
"rhiley","f","en"
"rhilynn","f","en"
"rhoan","m","en"
"rhoda","f","en"
"rhode","m","en"
"rhodes","f","en"
"rhonan","m","en"
"rhonda","f","en"
"rhone","m","en"
"rhonin","m","en"
"rhya","f","en"
"rhyah","f","en"
"rhyan","f","en"
"rhyann","f","en"
"rhyanna","f","en"
"rhyatt","m","en"
"rhyden","m","en"
"rhyder","f","en"
"rhydian","m","en"
"rhye","m","en"
"rhyett","m","en"
"rhyker","f","en"
"rhyla","f","en"
"rhylan","f","en"
"rhyland","m","en"
"rhylee","f","en"
"rhylei","f","en"
"rhyleigh","f","en"
"rhylen","f","en"
"rhylie","f","en"
"rhylin","f","en"
"rhylyn","f","en"
"rhylynn","f","en"
"rhyme","m","en"
"rhys","f","en"
"rhysand","m","en"
"rhyse","f","en"
"rhyson","m","en"
"rhythm","f","en"
"rhyze","m","en"
"rhyzen","m","en"
"ria","f","en"
"riaan","m","en"
"riad","m","en"
"riah","f","en"
"rian","f","en"
"riana","f","en"
"riani","f","en"
"riann","f","en"
"rianna","f","en"
"rianne","f","en"
"riansh","m","en"
"rias","f","en"
"riata","f","en"
"ricardo","m","en"
"riccardo","m","en"
"ricco","m","en"
"rich","m","en"
"richard","m","en"
"richardson","m","en"
"richarlison","m","en"
"richelle","f","en"
"richie","m","en"
"richlynn","f","en"
"richmond","m","en"
"richter","m","en"
"richy","m","en"
"rick","m","en"
"rickey","m","en"
"ricki","f","en"
"rickie","f","en"
"ricky","f","en"
"rico","m","en"
"rida","f","en"
"riday","m","en"
"riddhi","f","en"
"riddick","m","en"
"riddik","m","en"
"rider","m","en"
"ridge","m","en"
"ridgely","m","en"
"ridger","m","en"
"ridhaan","m","en"
"ridharv","m","en"
"ridhi","f","en"
"ridhima","f","en"
"ridit","m","en"
"ridley","f","en"
"ridwan","m","en"
"riel","f","en"
"riella","f","en"
"rielle","f","en"
"rielyn","f","en"
"rifka","f","en"
"rifky","f","en"
"riften","m","en"
"rifton","m","en"
"riftyn","m","en"
"rigby","m","en"
"rigden","m","en"
"rigdon","m","en"
"rigel","m","en"
"riggen","m","en"
"riggin","m","en"
"riggins","m","en"
"riggs","m","en"
"riggsley","m","en"
"righteous","f","en"
"rigley","m","en"
"rigo","m","en"
"rigoberto","m","en"
"rigsby","m","en"
"rihaan","m","en"
"riham","f","en"
"rihan","m","en"
"rihana","f","en"
"rihanna","f","en"
"rihansh","m","en"
"rika","f","en"
"riker","m","en"
"riki","f","en"
"rikki","f","en"
"riko","f","en"
"riku","m","en"
"rilah","f","en"
"rilan","m","en"
"rilee","f","en"
"rileigh","f","en"
"riley","f","en"
"rileyann","f","en"
"rileyanne","f","en"
"rilla","f","en"
"rilyn","f","en"
"rilynn","f","en"
"rilynne","f","en"
"rima","f","en"
"rin","f","en"
"rina","f","en"
"rinah","f","en"
"ringo","m","en"
"rini","f","en"
"rinlee","f","en"
"rinley","f","en"
"rinnah","f","en"
"rinoa","f","en"
"rio","f","en"
"rion","f","en"
"riona","f","en"
"riordan","m","en"
"riot","f","en"
"riott","m","en"
"rip","m","en"
"ripken","m","en"
"riplee","f","en"
"ripleigh","f","en"
"ripley","f","en"
"ripp","m","en"
"rippley","m","en"
"ripton","m","en"
"risa","f","en"
"rise","f","en"
"risen","m","en"
"risha","f","en"
"rishaan","m","en"
"rishaanreddy","m","en"
"rishab","m","en"
"rishabh","m","en"
"rishan","m","en"
"rishav","m","en"
"rishi","m","en"
"rishik","m","en"
"rishika","f","en"
"rishikesh","m","en"
"rishiv","m","en"
"rishvik","m","en"
"rita","f","en"
"ritaj","f","en"
"rital","f","en"
"ritanya","f","en"
"ritchie","m","en"
"rithanya","f","en"
"rithav","m","en"
"rithvi","f","en"
"rithvik","m","en"
"rito","m","en"
"ritvi","f","en"
"ritvik","m","en"
"riva","f","en"
"rivaan","m","en"
"rivan","f","en"
"rivee","f","en"
"riven","f","en"
"river","f","en"
"rivera","f","en"
"riverlee","f","en"
"riverleigh","f","en"
"riverlin","f","en"
"riverly","f","en"
"riverlyn","f","en"
"riverlynn","f","en"
"riverlynne","f","en"
"riverrose","f","en"
"rivers","f","en"
"riverton","m","en"
"rivi","f","en"
"rivia","f","en"
"rivie","f","en"
"riviera","f","en"
"rivka","f","en"
"rivkah","f","en"
"rivky","f","en"
"rivyn","f","en"
"rixon","m","en"
"riya","f","en"
"riyaan","m","en"
"riyad","m","en"
"riyadh","m","en"
"riyah","f","en"
"riyan","f","en"
"riyana","f","en"
"riyanna","f","en"
"riyansh","m","en"
"riyanshi","f","en"
"riyasha","f","en"
"riyaz","m","en"
"riylee","f","en"
"riza","f","en"
"rizen","m","en"
"riziki","f","en"
"rizwan","m","en"
"rizzo","m","en"
"rj","m","en"
"rmani","f","en"
"rmoni","f","en"
"ro","m","en"
"roa","f","en"
"roaa","f","en"
"roah","f","en"
"roam","m","en"
"roan","f","en"
"roanin","m","en"
"roark","m","en"
"roarke","m","en"
"rob","m","en"
"robbi","f","en"
"robbie","f","en"
"robbin","f","en"
"robby","m","en"
"robel","m","en"
"robert","m","en"
"roberta","f","en"
"roberth","m","en"
"roberto","m","en"
"robin","f","en"
"robinson","m","en"
"robiya","f","en"
"robsan","m","en"
"roby","m","en"
"robyn","f","en"
"robynn","f","en"
"roc","m","en"
"rocco","m","en"
"rochel","f","en"
"rochelle","f","en"
"rocio","f","en"
"rock","m","en"
"rocker","m","en"
"rocket","m","en"
"rockey","m","en"
"rockford","m","en"
"rocki","f","en"
"rockland","m","en"
"rocklin","m","en"
"rocklyn","f","en"
"rocklynn","f","en"
"rocko","m","en"
"rockwell","m","en"
"rocky","f","en"
"roczen","m","en"
"rod","m","en"
"rodarius","m","en"
"rodel","m","en"
"roderick","m","en"
"rodger","m","en"
"rodion","m","en"
"rodney","m","en"
"rodolfo","m","en"
"rodrick","m","en"
"rodrigo","m","en"
"rodriquez","m","en"
"rodrygo","m","en"
"rody","m","en"
"roe","f","en"
"roel","m","en"
"roen","f","en"
"rogan","f","en"
"rogelia","f","en"
"rogelio","m","en"
"rogen","m","en"
"roger","m","en"
"rogers","m","en"
"rogue","f","en"
"roha","f","en"
"rohaan","m","en"
"rohan","m","en"
"rohen","m","en"
"rohi","m","en"
"rohin","m","en"
"roi","m","en"
"roic","m","en"
"roisin","f","en"
"roiza","f","en"
"roizy","f","en"
"rojelio","m","en"
"rokhaya","f","en"
"rokia","f","en"
"roko","m","en"
"rolan","m","en"
"roland","m","en"
"rolando","m","en"
"roldan","m","en"
"rolen","m","en"
"rollan","m","en"
"rolland","m","en"
"rollie","m","en"
"rollin","m","en"
"rollins","f","en"
"rollo","m","en"
"rom","m","en"
"roma","f","en"
"romain","m","en"
"romaine","m","en"
"roman","m","en"
"romana","f","en"
"romance","m","en"
"romani","f","en"
"romari","m","en"
"romario","m","en"
"rome","f","en"
"romee","f","en"
"romeir","m","en"
"romel","m","en"
"romeli","f","en"
"romelia","f","en"
"romell","m","en"
"romello","m","en"
"romelo","m","en"
"romen","m","en"
"romeo","m","en"
"romere","m","en"
"romero","m","en"
"romey","f","en"
"romi","f","en"
"romie","f","en"
"romilly","f","en"
"romina","f","en"
"romir","m","en"
"romiyah","f","en"
"rommel","m","en"
"romona","f","en"
"romulo","m","en"
"romulus","m","en"
"romy","f","en"
"romyn","m","en"
"ron","m","en"
"rona","f","en"
"ronak","m","en"
"ronal","m","en"
"ronald","m","en"
"ronaldo","m","en"
"ronan","f","en"
"ronav","m","en"
"rondell","m","en"
"rone","m","en"
"ronel","m","en"
"ronell","m","en"
"ronen","m","en"
"roni","f","en"
"roniel","m","en"
"ronin","f","en"
"ronja","f","en"
"ronnell","m","en"
"ronni","f","en"
"ronnie","f","en"
"ronniel","m","en"
"ronny","f","en"
"ronon","m","en"
"rony","m","en"
"ronyn","m","en"
"roo","f","en"
"rood","m","en"
"roodensley","m","en"
"roodley","m","en"
"rooh","f","en"
"roohi","f","en"
"rook","f","en"
"rookie","m","en"
"rooney","f","en"
"roop","f","en"
"roosevelt","m","en"
"rooster","m","en"
"roper","m","en"
"ropyr","m","en"
"roque","m","en"
"rora","f","en"
"roran","m","en"
"rorey","m","en"
"rori","f","en"
"rorie","f","en"
"rorik","m","en"
"roronoa","m","en"
"rory","f","en"
"rosa","f","en"
"rosabel","f","en"
"rosabell","f","en"
"rosabella","f","en"
"rosabelle","f","en"
"rosalba","f","en"
"rosalea","f","en"
"rosaleah","f","en"
"rosalee","f","en"
"rosaleen","f","en"
"rosaleigh","f","en"
"rosalena","f","en"
"rosalene","f","en"
"rosali","f","en"
"rosalia","f","en"
"rosaliah","f","en"
"rosalie","f","en"
"rosalin","f","en"
"rosalina","f","en"
"rosalind","f","en"
"rosalinda","f","en"
"rosaline","f","en"
"rosalino","m","en"
"rosalio","m","en"
"rosalita","f","en"
"rosaliyah","f","en"
"rosaluna","f","en"
"rosalva","f","en"
"rosaly","f","en"
"rosalyn","f","en"
"rosalyna","f","en"
"rosalynd","f","en"
"rosalynn","f","en"
"rosalynne","f","en"
"rosamaria","f","en"
"rosamund","f","en"
"rosana","f","en"
"rosanna","f","en"
"rosanne","f","en"
"rosaria","f","en"
"rosario","f","en"
"rosaura","f","en"
"rosco","m","en"
"roscoe","m","en"
"rose","f","en"
"rosealee","f","en"
"rosealie","f","en"
"rosealyn","f","en"
"rosealynn","f","en"
"roseann","f","en"
"roseanna","f","en"
"roseanne","f","en"
"roselani","f","en"
"roselee","f","en"
"roseleigh","f","en"
"roselena","f","en"
"roselene","f","en"
"roseli","f","en"
"roselia","f","en"
"roselie","f","en"
"roselin","f","en"
"roselina","f","en"
"roseline","f","en"
"rosella","f","en"
"roselle","f","en"
"rosellen","f","en"
"rosely","f","en"
"roselyn","f","en"
"roselyne","f","en"
"roselynn","f","en"
"rosemarie","f","en"
"rosemary","f","en"
"rosemina","f","en"
"rosendo","m","en"
"rosene","f","en"
"rosetta","f","en"
"rosette","f","en"
"rosey","f","en"
"roshan","m","en"
"roshawn","m","en"
"roshni","f","en"
"rosi","f","en"
"rosibel","f","en"
"rosie","f","en"
"rosilyn","f","en"
"rosina","f","en"
"rosio","f","en"
"rosita","f","en"
"roslin","f","en"
"roslyn","f","en"
"roslynn","f","en"
"rosmery","f","en"
"ross","f","en"
"rosse","f","en"
"rosselyn","f","en"
"rossi","f","en"
"rossie","f","en"
"rosslyn","f","en"
"rosslynn","f","en"
"rossy","f","en"
"rostam","m","en"
"roswell","m","en"
"rosy","f","en"
"rosyln","f","en"
"roulette","f","en"
"rourke","m","en"
"rous","f","en"
"rouse","f","en"
"rouss","f","en"
"roux","f","en"
"rovan","f","en"
"rovanio","m","en"
"row","f","en"
"rowan","f","en"
"rowdi","f","en"
"rowdy","f","en"
"rowe","f","en"
"rowen","f","en"
"rowena","f","en"
"rowin","f","en"
"rowland","m","en"
"rowley","m","en"
"rownan","m","en"
"rowyn","f","en"
"rowynn","f","en"
"roxana","f","en"
"roxane","f","en"
"roxann","f","en"
"roxanna","f","en"
"roxanne","f","en"
"roxas","m","en"
"roxi","f","en"
"roxie","f","en"
"roxy","f","en"
"roy","m","en"
"roya","f","en"
"royal","f","en"
"royale","f","en"
"royall","m","en"
"royaltee","f","en"
"royalti","f","en"
"royaltii","f","en"
"royalton","m","en"
"royalty","f","en"
"royce","f","en"
"royel","m","en"
"royelle","f","en"
"royer","m","en"
"royston","m","en"
"roza","f","en"
"rozalia","f","en"
"rozalie","f","en"
"rozalyn","f","en"
"rozalynn","f","en"
"rozay","m","en"
"roze","f","en"
"rozella","f","en"
"rozelyn","f","en"
"rozelynn","f","en"
"rozie","f","en"
"roziya","f","en"
"rozlyn","f","en"
"rozlynn","f","en"
"ru","f","en"
"ruaan","m","en"
"ruah","f","en"
"ruairi","m","en"
"ruan","m","en"
"ruanshi","f","en"
"ruari","m","en"
"ruba","f","en"
"rubab","f","en"
"rubani","f","en"
"rubee","f","en"
"ruben","m","en"
"rubi","f","en"
"rubianna","f","en"
"rubie","f","en"
"rubin","m","en"
"ruby","f","en"
"rubyann","f","en"
"rubye","f","en"
"rubyjean","f","en"
"rubymae","f","en"
"rubyrose","f","en"
"ruchama","f","en"
"ruchel","f","en"
"ruchy","f","en"
"rucker","m","en"
"rudhra","m","en"
"rudhvik","m","en"
"rudi","f","en"
"rudolf","m","en"
"rudolph","m","en"
"rudra","m","en"
"rudraksh","m","en"
"rudransh","m","en"
"rudy","f","en"
"rue","f","en"
"rueben","m","en"
"ruel","m","en"
"ruelle","f","en"
"ruemani","f","en"
"rufaida","f","en"
"rufaidah","f","en"
"rufina","f","en"
"rufino","m","en"
"rufta","f","en"
"rufus","m","en"
"ruger","m","en"
"ruh","f","en"
"ruhaan","m","en"
"ruhaani","f","en"
"ruhama","f","en"
"ruhan","m","en"
"ruhani","f","en"
"ruhee","f","en"
"ruhi","f","en"
"ruhika","f","en"
"rui","f","en"
"ruka","m","en"
"rukia","f","en"
"rumaisa","f","en"
"rumani","f","en"
"rumaysa","f","en"
"rumi","f","en"
"rumor","f","en"
"runa","f","en"
"rune","f","en"
"rupert","m","en"
"ruqaiya","f","en"
"ruqaya","f","en"
"ruqayah","f","en"
"ruqayya","f","en"
"ruqayyah","f","en"
"rurik","m","en"
"rus","f","en"
"rush","f","en"
"rushank","m","en"
"rushda","f","en"
"rushika","f","en"
"ruslan","m","en"
"russ","m","en"
"russel","m","en"
"russell","m","en"
"rustam","m","en"
"rusten","m","en"
"rustin","m","en"
"ruston","m","en"
"rusty","m","en"
"rustyn","m","en"
"rut","f","en"
"ruth","f","en"
"ruthann","f","en"
"ruthanna","f","en"
"ruthanne","f","en"
"rutherford","m","en"
"ruthie","f","en"
"ruthy","f","en"
"rutila","f","en"
"rutledge","m","en"
"rutvi","f","en"
"rutvik","m","en"
"ruvim","m","en"
"ruwaida","f","en"
"ruweyda","f","en"
"ruxin","m","en"
"ruxton","m","en"
"ruya","f","en"
"rya","f","en"
"ryaan","m","en"
"ryah","f","en"
"ryan","m","en"
"ryana","f","en"
"ryann","f","en"
"ryanna","f","en"
"ryanne","f","en"
"ryat","m","en"
"ryatt","f","en"
"ryda","m","en"
"rydan","m","en"
"ryden","m","en"
"ryder","f","en"
"rydge","m","en"
"rye","f","en"
"ryelan","m","en"
"ryeland","m","en"
"ryelee","f","en"
"ryeleigh","f","en"
"ryella","f","en"
"ryelle","f","en"
"ryelynn","f","en"
"ryen","f","en"
"ryer","m","en"
"ryerson","m","en"
"ryett","m","en"
"ryheem","m","en"
"ryiah","f","en"
"ryka","f","en"
"rykar","m","en"
"ryken","m","en"
"ryker","f","en"
"rykker","m","en"
"ryklynn","f","en"
"ryla","f","en"
"rylah","f","en"
"rylan","f","en"
"ryland","f","en"
"rylann","f","en"
"ryle","m","en"
"rylea","f","en"
"rylee","f","en"
"rylei","f","en"
"ryleigh","f","en"
"rylen","f","en"
"ryler","m","en"
"ryles","m","en"
"ryley","f","en"
"ryli","f","en"
"rylie","f","en"
"ryliee","f","en"
"ryliegh","f","en"
"rylin","f","en"
"rylinn","f","en"
"rylo","m","en"
"rylon","m","en"
"rylyn","f","en"
"rylynn","f","en"
"ryman","m","en"
"ryn","f","en"
"ryne","m","en"
"rynlee","f","en"
"rynleigh","f","en"
"rynley","f","en"
"rynn","f","en"
"ryo","m","en"
"ryoma","m","en"
"ryon","m","en"
"ryot","m","en"
"ryott","m","en"
"rysa","f","en"
"ryser","m","en"
"ryson","m","en"
"rythm","f","en"
"ryu","m","en"
"ryver","f","en"
"ryza","f","en"
"ryze","m","en"
"ryzen","m","en"
"rza","m","en"
"saabir","m","en"
"saachi","f","en"
"saad","m","en"
"saadia","f","en"
"saadiq","m","en"
"saahil","m","en"
"saahir","m","en"
"saajan","m","en"
"saajid","m","en"
"saalim","m","en"
"saam","m","en"
"saanjh","f","en"
"saanvi","f","en"
"saanvika","f","en"
"saanvireddy","f","en"
"saara","f","en"
"saarth","m","en"
"saathvik","m","en"
"saatvik","m","en"
"saavi","f","en"
"saayan","m","en"
"saayok","m","en"
"saba","f","en"
"sabah","f","en"
"saban","m","en"
"sabar","f","en"
"sabas","m","en"
"sabastian","m","en"
"sabatino","m","en"
"sabdiel","m","en"
"sabeer","m","en"
"sabela","f","en"
"sabella","f","en"
"saber","m","en"
"sabian","m","en"
"sabiha","f","en"
"sabin","m","en"
"sabina","f","en"
"sabine","f","en"
"sabino","m","en"
"sabir","m","en"
"sabira","f","en"
"sable","f","en"
"sabr","m","en"
"sabra","f","en"
"sabre","f","en"
"sabreen","f","en"
"sabriel","f","en"
"sabrin","f","en"
"sabrina","f","en"
"sacai","m","en"
"sacha","m","en"
"sachi","f","en"
"sachin","m","en"
"sacred","f","en"
"sada","f","en"
"sadaf","f","en"
"sadam","m","en"
"saddie","f","en"
"sade","f","en"
"sadee","f","en"
"sadey","f","en"
"sadhana","f","en"
"sadi","f","en"
"sadia","f","en"
"sadie","f","en"
"sadiejo","f","en"
"sadiel","m","en"
"sadiemae","f","en"
"sadiq","m","en"
"sadira","f","en"
"sadiya","f","en"
"sadler","f","en"
"sadra","f","en"
"sadrac","m","en"
"sady","f","en"
"saeed","m","en"
"saeid","m","en"
"sael","m","en"
"saela","f","en"
"saelah","f","en"
"saelor","f","en"
"saesha","f","en"
"safa","f","en"
"safaa","f","en"
"safah","f","en"
"safal","m","en"
"safana","f","en"
"safaree","m","en"
"safari","f","en"
"safeer","m","en"
"saffa","f","en"
"saffire","f","en"
"saffiyah","f","en"
"saffron","f","en"
"safi","f","en"
"safia","f","en"
"safiatou","f","en"
"safina","f","en"
"safir","m","en"
"safira","f","en"
"safire","f","en"
"safiya","f","en"
"safiyah","f","en"
"safiyya","f","en"
"safiyyah","f","en"
"safreen","f","en"
"safrin","f","en"
"safwaan","m","en"
"safwan","m","en"
"saga","f","en"
"sagal","f","en"
"sagan","f","en"
"sage","f","en"
"sagelynn","f","en"
"sahaad","m","en"
"sahaj","m","en"
"sahalie","f","en"
"sahan","m","en"
"sahana","f","en"
"sahar","f","en"
"sahara","f","en"
"sahari","f","en"
"saharsh","m","en"
"sahas","m","en"
"sahasra","f","en"
"saheed","m","en"
"saheem","m","en"
"sahel","m","en"
"sahib","f","en"
"sahiba","f","en"
"sahid","m","en"
"sahil","m","en"
"sahily","f","en"
"sahir","m","en"
"sahira","f","en"
"sahla","f","en"
"sahmara","f","en"
"sahmir","m","en"
"sahori","f","en"
"sahory","f","en"
"sahra","f","en"
"sai","f","en"
"saia","f","en"
"saiah","f","en"
"saiansh","m","en"
"said","m","en"
"saida","f","en"
"saiden","m","en"
"saidey","f","en"
"saidi","m","en"
"saidou","m","en"
"saidy","f","en"
"saiesha","f","en"
"saif","m","en"
"saifan","m","en"
"saifullah","m","en"
"saige","f","en"
"saigelynn","f","en"
"saija","f","en"
"saije","f","en"
"saila","f","en"
"sailah","f","en"
"sailani","f","en"
"sailas","m","en"
"sailee","f","en"
"sailer","f","en"
"sailor","f","en"
"saily","f","en"
"sailyn","f","en"
"saim","m","en"
"saima","f","en"
"saimir","m","en"
"saimon","m","en"
"saina","f","en"
"sainabou","f","en"
"saint","f","en"
"saiori","f","en"
"sair","m","en"
"saira","f","en"
"saire","m","en"
"saisha","f","en"
"saiya","f","en"
"saiyan","m","en"
"saiyon","m","en"
"saiyori","f","en"
"saiyr","f","en"
"saja","f","en"
"sajad","m","en"
"sajan","m","en"
"sajani","f","en"
"sajdah","f","en"
"saje","f","en"
"sajid","m","en"
"sajjad","m","en"
"sakai","m","en"
"sakani","f","en"
"sakar","m","en"
"sakara","f","en"
"sakari","f","en"
"sakeena","f","en"
"saket","m","en"
"sakhi","f","en"
"sakina","f","en"
"sakinah","f","en"
"sakiya","f","en"
"sakiyah","f","en"
"sakoni","m","en"
"sakori","m","en"
"sakshi","f","en"
"sakura","f","en"
"sal","m","en"
"sala","f","en"
"salaar","m","en"
"salah","f","en"
"salahuddin","m","en"
"salam","f","en"
"salar","m","en"
"salaya","f","en"
"salayah","f","en"
"saleah","f","en"
"saleem","m","en"
"saleen","f","en"
"saleena","f","en"
"saleh","m","en"
"saleha","f","en"
"salem","f","en"
"salena","f","en"
"salene","f","en"
"saleya","f","en"
"salice","f","en"
"salif","m","en"
"salih","m","en"
"saliha","f","en"
"salim","m","en"
"salima","f","en"
"salimah","f","en"
"salina","f","en"
"saliou","m","en"
"salix","f","en"
"saliyah","f","en"
"sallie","f","en"
"sally","f","en"
"salma","f","en"
"salmaan","m","en"
"salman","m","en"
"saloma","f","en"
"salome","f","en"
"salomon","m","en"
"salvador","m","en"
"salvadore","m","en"
"salvatore","m","en"
"salwa","f","en"
"sam","u","en"
"sama","f","en"
"samaa","f","en"
"samaad","m","en"
"samad","m","en"
"samadhi","f","en"
"samadhy","f","en"
"samael","m","en"
"samah","f","en"
"samahj","m","en"
"samai","f","en"
"samaia","f","en"
"samaira","f","en"
"samairah","f","en"
"samaiya","f","en"
"samaj","m","en"
"samaje","m","en"
"samani","f","en"
"samanta","f","en"
"samantha","f","en"
"samanvi","f","en"
"samanvitha","f","en"
"samanyu","m","en"
"samar","f","en"
"samara","f","en"
"samarah","f","en"
"samari","f","en"
"samaria","f","en"
"samariah","f","en"
"samarie","f","en"
"samarion","m","en"
"samariya","f","en"
"samarpan","m","en"
"samarth","m","en"
"samarveer","m","en"
"samary","f","en"
"samay","m","en"
"samaya","f","en"
"samayah","f","en"
"samayra","f","en"
"sameeha","f","en"
"sameer","m","en"
"sameera","f","en"
"sameerah","f","en"
"sameir","m","en"
"samer","m","en"
"samera","f","en"
"samere","m","en"
"samhita","f","en"
"sami","f","en"
"samia","f","en"
"samiah","f","en"
"samiel","m","en"
"samier","m","en"
"samiha","f","en"
"samiir","m","en"
"samik","m","en"
"samika","f","en"
"samiksha","f","en"
"samil","m","en"
"samina","f","en"
"samir","f","en"
"samira","f","en"
"samirah","f","en"
"samisha","f","en"
"samisoni","m","en"
"samiullah","m","en"
"samiya","f","en"
"samiyah","f","en"
"sammi","f","en"
"sammie","f","en"
"sammuel","m","en"
"sammy","f","en"
"samone","f","en"
"samora","f","en"
"samorah","f","en"
"samori","f","en"
"samoria","f","en"
"samoura","f","en"
"sampson","m","en"
"samraj","m","en"
"samrath","m","en"
"samreen","f","en"
"samriddhi","f","en"
"samson","m","en"
"samual","m","en"
"samuel","m","en"
"samuela","m","en"
"samuella","f","en"
"samuil","m","en"
"samved","m","en"
"samvel","m","en"
"samwell","m","en"
"samwise","m","en"
"samy","m","en"
"samya","f","en"
"samyah","f","en"
"samyar","m","en"
"samyog","m","en"
"samyra","f","en"
"samyrah","f","en"
"samyuktha","f","en"
"sana","f","en"
"sanaa","f","en"
"sanad","m","en"
"sanae","f","en"
"sanaf","m","en"
"sanah","f","en"
"sanai","f","en"
"sanaia","f","en"
"sanaii","f","en"
"sanaiya","f","en"
"sanam","f","en"
"sanari","f","en"
"sanav","m","en"
"sanavi","f","en"
"sanaya","f","en"
"sanayah","f","en"
"sanchez","m","en"
"sander","m","en"
"sanders","m","en"
"sandi","f","en"
"sandler","m","en"
"sandor","m","en"
"sandra","f","en"
"sandrine","f","en"
"sandro","m","en"
"sandy","f","en"
"sanem","f","en"
"sanford","m","en"
"sani","f","en"
"sania","f","en"
"saniah","f","en"
"sanika","f","en"
"saniya","f","en"
"saniyah","f","en"
"sanjana","f","en"
"sanjay","m","en"
"sanji","m","en"
"sankalp","m","en"
"sanna","f","en"
"sanova","f","en"
"sansa","f","en"
"sanskriti","f","en"
"santa","f","en"
"santana","f","en"
"sante","m","en"
"santee","m","en"
"santhiago","m","en"
"santi","f","en"
"santiago","m","en"
"santiano","m","en"
"santiel","m","en"
"santina","f","en"
"santino","m","en"
"santo","m","en"
"santonio","m","en"
"santos","m","en"
"santy","m","en"
"sanvi","f","en"
"sanvika","f","en"
"sanya","f","en"
"sanye","f","en"
"sanyiah","f","en"
"sanyla","f","en"
"saoirse","f","en"
"saori","f","en"
"saory","f","en"
"saphia","f","en"
"saphir","m","en"
"saphira","f","en"
"saphire","f","en"
"sapna","f","en"
"sapphira","f","en"
"sapphire","f","en"
"sara","f","en"
"sarabeth","f","en"
"sarabi","f","en"
"sarae","f","en"
"sarafina","f","en"
"sarah","f","en"
"sarahann","f","en"
"sarahi","f","en"
"sarahjane","f","en"
"sarahy","f","en"
"sarai","f","en"
"saraiah","f","en"
"saraii","f","en"
"saraiya","f","en"
"saraiyah","f","en"
"saralyn","f","en"
"saran","f","en"
"sarang","f","en"
"saransh","m","en"
"saraphina","f","en"
"saray","f","en"
"saraya","f","en"
"sarayah","f","en"
"sarayu","f","en"
"sare","f","en"
"sareena","f","en"
"sareli","f","en"
"sarena","f","en"
"sarenity","f","en"
"sareth","f","en"
"sargis","m","en"
"sargun","f","en"
"sari","f","en"
"saria","f","en"
"sariah","f","en"
"sariel","m","en"
"sarika","f","en"
"sarim","m","en"
"sarina","f","en"
"sarita","f","en"
"sariya","f","en"
"sariyah","f","en"
"sarkis","m","en"
"sarp","m","en"
"sarrah","f","en"
"sartaj","m","en"
"sarthak","m","en"
"sarvani","f","en"
"sarvesh","m","en"
"sarvi","f","en"
"sarya","f","en"
"saryah","f","en"
"saryia","f","en"
"saryiah","f","en"
"saryn","f","en"
"sascha","f","en"
"sasha","u","en"
"sashi","f","en"
"saskia","f","en"
"sasuke","m","en"
"sathvik","m","en"
"sativa","f","en"
"satori","f","en"
"satoshi","m","en"
"saturn","f","en"
"saturnino","m","en"
"satvik","m","en"
"satya","m","en"
"saud","m","en"
"saul","m","en"
"saulo","m","en"
"sava","m","en"
"savage","m","en"
"savana","f","en"
"savanah","f","en"
"savani","f","en"
"savanna","f","en"
"savannah","f","en"
"savanni","f","en"
"savant","m","en"
"savaya","f","en"
"savayah","f","en"
"savea","f","en"
"saveah","f","en"
"saveliy","m","en"
"savera","f","en"
"saverio","m","en"
"saveya","f","en"
"savi","f","en"
"savia","f","en"
"savian","m","en"
"saviana","f","en"
"savien","m","en"
"savier","m","en"
"savilla","f","en"
"savina","f","en"
"savino","m","en"
"savio","m","en"
"savion","m","en"
"savior","f","en"
"saviour","m","en"
"savon","m","en"
"savreen","f","en"
"savva","m","en"
"savvas","m","en"
"savvy","f","en"
"savy","f","en"
"savya","f","en"
"saw","m","en"
"sawdah","f","en"
"sawyer","f","en"
"saxon","m","en"
"saxton","m","en"
"saya","f","en"
"sayan","m","en"
"sayana","f","en"
"sayani","f","en"
"sayanna","f","en"
"sayat","f","en"
"sayda","f","en"
"sayde","f","en"
"saydee","f","en"
"sayden","m","en"
"saydi","f","en"
"saydie","f","en"
"sayed","m","en"
"sayeed","m","en"
"sayer","m","en"
"sayesha","f","en"
"sayf","m","en"
"sayge","f","en"
"sayid","m","en"
"sayir","m","en"
"sayla","f","en"
"saylah","f","en"
"saylee","f","en"
"saylem","f","en"
"sayler","f","en"
"saylor","f","en"
"saynt","m","en"
"sayon","m","en"
"sayona","f","en"
"sayora","f","en"
"sayori","f","en"
"sayorii","f","en"
"sayouri","f","en"
"sayra","f","en"
"sayre","f","en"
"sayuri","f","en"
"sayvion","m","en"
"sayvior","m","en"
"sayvon","m","en"
"sayyora","f","en"
"scarlet","f","en"
"scarleth","f","en"
"scarlett","f","en"
"scarlette","f","en"
"scarlettrose","f","en"
"schaefer","m","en"
"schneider","m","en"
"schneur","m","en"
"schuyler","f","en"
"scion","m","en"
"scot","m","en"
"scotia","f","en"
"scotland","f","en"
"scotlyn","f","en"
"scotlynd","f","en"
"scotlynn","f","en"
"scott","m","en"
"scotti","f","en"
"scottie","f","en"
"scottlyn","f","en"
"scottlynd","f","en"
"scottlynn","f","en"
"scotty","f","en"
"scout","f","en"
"scylla","f","en"
"seager","m","en"
"seamus","m","en"
"sean","m","en"
"seana","f","en"
"seanna","f","en"
"seara","f","en"
"searcy","f","en"
"sebas","m","en"
"sebashtian","m","en"
"sebastain","m","en"
"sebasthian","m","en"
"sebastian","m","en"
"sebastiana","f","en"
"sebastiano","m","en"
"sebastien","m","en"
"sebastion","m","en"
"sebatian","m","en"
"secilia","f","en"
"secret","f","en"
"sedna","f","en"
"sedona","f","en"
"sedra","f","en"
"sedric","m","en"
"sedrick","m","en"
"seedra","f","en"
"seela","f","en"
"seeley","f","en"
"seema","f","en"
"seerat","f","en"
"seetha","f","en"
"sefora","f","en"
"sega","m","en"
"seger","m","en"
"sehaj","f","en"
"sehar","f","en"
"seher","f","en"
"sehraj","m","en"
"sehrish","f","en"
"seidy","f","en"
"seif","m","en"
"seiji","m","en"
"seila","f","en"
"seilah","f","en"
"sejal","f","en"
"sekai","f","en"
"sekani","f","en"
"sekhani","m","en"
"sekou","m","en"
"sela","f","en"
"selah","f","en"
"selahgrace","f","en"
"selani","f","en"
"selayah","f","en"
"seleem","m","en"
"seleen","f","en"
"selen","f","en"
"selena","f","en"
"selene","f","en"
"seleni","f","en"
"selenia","f","en"
"seleny","f","en"
"seleste","f","en"
"selia","f","en"
"selihom","f","en"
"selim","m","en"
"selin","f","en"
"selina","f","en"
"seline","f","en"
"sella","f","en"
"selma","f","en"
"selvin","m","en"
"selyna","f","en"
"sema","f","en"
"semaj","f","en"
"semir","m","en"
"semira","f","en"
"semisi","m","en"
"sena","f","en"
"senai","f","en"
"senan","m","en"
"senay","m","en"
"sender","m","en"
"seneca","f","en"
"senia","f","en"
"seniyah","f","en"
"senna","f","en"
"senora","f","en"
"sensei","m","en"
"senua","f","en"
"seo","m","en"
"seona","f","en"
"seoni","f","en"
"seonie","f","en"
"seoul","f","en"
"sephira","f","en"
"sephora","f","en"
"sephorah","f","en"
"september","f","en"
"sequoia","f","en"
"sequoya","f","en"
"sequoyah","f","en"
"sera","f","en"
"serafin","m","en"
"serafina","f","en"
"serafino","m","en"
"serah","f","en"
"serai","f","en"
"seraiah","f","en"
"seraj","m","en"
"serana","f","en"
"serani","m","en"
"seraph","m","en"
"seraphim","m","en"
"seraphima","f","en"
"seraphina","f","en"
"seraphine","f","en"
"seras","f","en"
"seraya","f","en"
"serayah","f","en"
"sereen","f","en"
"sereena","f","en"
"sereia","f","en"
"serein","f","en"
"serel","f","en"
"seren","f","en"
"serena","f","en"
"serendipity","f","en"
"serene","f","en"
"serenitee","f","en"
"sereniti","f","en"
"serenity","f","en"
"serge","m","en"
"sergey","m","en"
"sergi","m","en"
"sergio","m","en"
"seri","f","en"
"seriah","f","en"
"serigne","m","en"
"serin","f","en"
"serina","f","en"
"seriniti","f","en"
"serinity","f","en"
"seriyah","f","en"
"serra","f","en"
"sersi","f","en"
"servando","m","en"
"sery","f","en"
"setayesh","f","en"
"seth","m","en"
"seti","m","en"
"sev","m","en"
"seva","f","en"
"sevan","m","en"
"sevana","f","en"
"sevani","f","en"
"sevastian","m","en"
"sevda","f","en"
"seve","m","en"
"seven","f","en"
"sevenn","m","en"
"severide","m","en"
"severin","m","en"
"severo","m","en"
"severus","m","en"
"sevi","f","en"
"sevin","f","en"
"sevion","m","en"
"sevn","f","en"
"sevon","m","en"
"sevryn","m","en"
"sevy","f","en"
"sevyen","m","en"
"sevyn","f","en"
"sevynn","f","en"
"seyani","f","en"
"seydina","m","en"
"seyla","f","en"
"seylah","f","en"
"seymour","m","en"
"seynabou","f","en"
"seyon","m","en"
"seyori","f","en"
"seyven","f","en"
"seyvn","f","en"
"shaan","m","en"
"shaanvi","f","en"
"shaarav","m","en"
"shaarvi","f","en"
"shabani","m","en"
"shabazz","m","en"
"shabnam","f","en"
"shabsi","m","en"
"shad","m","en"
"shaddai","f","en"
"shade","m","en"
"shaden","f","en"
"shadi","m","en"
"shadia","f","en"
"shadow","f","en"
"shadrach","m","en"
"shady","m","en"
"shae","f","en"
"shael","m","en"
"shaela","f","en"
"shaelee","f","en"
"shaelyn","f","en"
"shaelynn","f","en"
"shah","m","en"
"shahab","m","en"
"shahad","f","en"
"shahan","m","en"
"shahana","f","en"
"shahd","f","en"
"shahed","f","en"
"shaheed","m","en"
"shaheem","m","en"
"shaheen","m","en"
"shaheer","m","en"
"shahem","m","en"
"shahid","m","en"
"shahim","m","en"
"shahin","m","en"
"shahir","m","en"
"shahm","m","en"
"shahmeer","m","en"
"shahmir","m","en"
"shahram","m","en"
"shahveer","m","en"
"shahzad","m","en"
"shahzain","m","en"
"shai","f","en"
"shaia","f","en"
"shaiden","m","en"
"shaila","f","en"
"shailee","f","en"
"shailene","f","en"
"shaili","f","en"
"shaily","f","en"
"shailyn","f","en"
"shaima","f","en"
"shaina","f","en"
"shaindel","f","en"
"shaindy","f","en"
"shaira","f","en"
"shaiya","f","en"
"shakai","m","en"
"shakeem","m","en"
"shakir","m","en"
"shakira","f","en"
"shakti","f","en"
"shakur","m","en"
"shaley","f","en"
"shaliyah","f","en"
"shalom","f","en"
"shalva","f","en"
"sham","f","en"
"shama","f","en"
"shamar","m","en"
"shamara","f","en"
"shamari","f","en"
"shambhavi","f","en"
"shameek","m","en"
"shameer","m","en"
"shamel","m","en"
"shamir","m","en"
"shamira","f","en"
"shamiyah","f","en"
"shammah","f","en"
"shamon","m","en"
"shams","f","en"
"shamshon","m","en"
"shamus","m","en"
"shamya","f","en"
"shan","m","en"
"shana","f","en"
"shanaika","f","en"
"shanav","m","en"
"shanay","m","en"
"shanaya","f","en"
"shane","f","en"
"shanel","f","en"
"shanell","f","en"
"shanelle","f","en"
"shani","f","en"
"shania","f","en"
"shaniah","f","en"
"shanice","f","en"
"shaniya","f","en"
"shaniyah","f","en"
"shanley","f","en"
"shanna","f","en"
"shannel","f","en"
"shannen","f","en"
"shannon","f","en"
"shant","m","en"
"shantal","f","en"
"shante","f","en"
"shantel","f","en"
"shanti","f","en"
"shanvi","f","en"
"shanvika","f","en"
"shany","f","en"
"shanya","f","en"
"shanyla","f","en"
"shanzay","f","en"
"shaquan","m","en"
"shaquille","m","en"
"sharanya","f","en"
"sharav","m","en"
"sharaya","f","en"
"sharbel","m","en"
"shareef","m","en"
"shari","f","en"
"shariah","f","en"
"sharif","m","en"
"sharifa","f","en"
"sharina","f","en"
"shariya","f","en"
"shariyah","f","en"
"sharlene","f","en"
"sharlotte","f","en"
"sharod","m","en"
"sharon","f","en"
"sharva","m","en"
"sharvi","f","en"
"sharvil","m","en"
"sharvin","m","en"
"shashwat","m","en"
"shasta","f","en"
"shaul","m","en"
"shaun","m","en"
"shauna","f","en"
"shaurya","m","en"
"shavy","f","en"
"shaw","m","en"
"shawn","f","en"
"shawna","f","en"
"shawnee","f","en"
"shay","f","en"
"shaya","f","en"
"shayaan","m","en"
"shayan","m","en"
"shayden","m","en"
"shaye","f","en"
"shayla","f","en"
"shaylah","f","en"
"shaylee","f","en"
"shayleigh","f","en"
"shaylen","f","en"
"shaylene","f","en"
"shayli","f","en"
"shaylin","f","en"
"shaylyn","f","en"
"shaylynn","f","en"
"shayna","f","en"
"shayne","f","en"
"shayra","f","en"
"shazain","m","en"
"shazia","f","en"
"shazim","m","en"
"shea","f","en"
"shealee","f","en"
"shealynn","f","en"
"sheamus","m","en"
"sheba","f","en"
"sheccid","f","en"
"shedeur","m","en"
"shedrick","m","en"
"sheena","f","en"
"shehbaaz","m","en"
"shehzad","m","en"
"sheikh","m","en"
"sheila","f","en"
"sheily","f","en"
"sheilyn","f","en"
"sheina","f","en"
"sheindy","f","en"
"shekinah","f","en"
"shelbee","f","en"
"shelbie","f","en"
"shelby","f","en"
"sheldon","m","en"
"shelia","f","en"
"shelley","f","en"
"shelly","f","en"
"shelsy","f","en"
"shelton","m","en"
"shem","m","en"
"shema","m","en"
"shemaiah","f","en"
"shemar","m","en"
"shemuel","m","en"
"sheni","f","en"
"sheny","f","en"
"shep","m","en"
"shepard","m","en"
"shephard","m","en"
"shepherd","m","en"
"sheppard","m","en"
"sher","m","en"
"sheree","f","en"
"sheri","f","en"
"sheridan","f","en"
"sheriff","m","en"
"sherilyn","f","en"
"sherley","f","en"
"sherlin","f","en"
"sherly","f","en"
"sherlyn","f","en"
"sherman","m","en"
"sherri","f","en"
"sherrod","m","en"
"sherry","f","en"
"shervin","m","en"
"sherwin","m","en"
"sherwood","m","en"
"sheryl","f","en"
"sheva","f","en"
"shevy","f","en"
"sheyla","f","en"
"sheyli","f","en"
"sheylin","f","en"
"sheynnis","f","en"
"shia","f","en"
"shiah","m","en"
"shianne","f","en"
"shiffy","f","en"
"shifra","f","en"
"shihab","m","en"
"shila","f","en"
"shilah","f","en"
"shilo","f","en"
"shiloh","f","en"
"shimmy","m","en"
"shimon","m","en"
"shimshon","m","en"
"shine","f","en"
"shion","m","en"
"shiori","f","en"
"shiphrah","f","en"
"shira","f","en"
"shire","f","en"
"shireen","f","en"
"shirel","f","en"
"shirin","f","en"
"shirley","f","en"
"shiro","m","en"
"shiv","m","en"
"shiva","m","en"
"shivaan","m","en"
"shivaansh","m","en"
"shivaay","m","en"
"shivaksh","m","en"
"shivam","m","en"
"shivan","m","en"
"shivani","f","en"
"shivank","m","en"
"shivansh","m","en"
"shivanshi","f","en"
"shivanya","f","en"
"shivay","m","en"
"shiven","m","en"
"shivin","m","en"
"shivya","f","en"
"shiyah","f","en"
"shiyi","f","en"
"shiza","f","en"
"shlay","f","en"
"shloima","m","en"
"shloime","m","en"
"shloimy","m","en"
"shlok","m","en"
"shloka","f","en"
"shloma","m","en"
"shlome","m","en"
"shlomo","m","en"
"shlomy","m","en"
"shmaya","m","en"
"shmeil","m","en"
"shmiel","m","en"
"shmuel","m","en"
"shneur","m","en"
"sho","m","en"
"shoaib","m","en"
"shohei","m","en"
"sholom","m","en"
"shon","m","en"
"shooter","m","en"
"shoshana","f","en"
"shoshanna","f","en"
"shota","m","en"
"shourya","m","en"
"shraddha","f","en"
"shraga","m","en"
"shravan","m","en"
"shravya","f","en"
"shray","m","en"
"shree","f","en"
"shreeja","f","en"
"shreenika","f","en"
"shreesha","f","en"
"shreeya","f","en"
"shreeyan","m","en"
"shreshta","f","en"
"shresta","f","en"
"shrey","m","en"
"shreya","f","en"
"shreyaan","m","en"
"shreyan","m","en"
"shreyansh","m","en"
"shreyanvi","f","en"
"shreyas","m","en"
"shrihan","m","en"
"shrika","f","en"
"shrina","f","en"
"shrinika","f","en"
"shrisha","f","en"
"shrithik","m","en"
"shritik","m","en"
"shrivi","f","en"
"shriya","f","en"
"shriyaan","m","en"
"shriyan","m","en"
"shriyansh","m","en"
"shterna","f","en"
"shu","m","en"
"shua","m","en"
"shuaib","m","en"
"shuayb","m","en"
"shubh","m","en"
"shubham","m","en"
"shubhdeep","m","en"
"shukri","f","en"
"shukrona","f","en"
"shulamis","f","en"
"shulem","m","en"
"shulim","m","en"
"shun","m","en"
"shuraim","m","en"
"shuri","f","en"
"shy","f","en"
"shya","f","en"
"shyann","f","en"
"shyanna","f","en"
"shyanne","f","en"
"shyheim","m","en"
"shyla","f","en"
"shylah","f","en"
"shylee","f","en"
"shylo","f","en"
"shyloh","f","en"
"shylynn","f","en"
"shyne","f","en"
"shyra","f","en"
"sia","f","en"
"siah","f","en"
"siaire","m","en"
"siam","m","en"
"sian","f","en"
"siana","f","en"
"siani","f","en"
"sianna","f","en"
"sianni","f","en"
"sianny","f","en"
"siaosi","m","en"
"siar","m","en"
"siara","f","en"
"siarah","f","en"
"sibel","f","en"
"sibyl","f","en"
"sicilia","f","en"
"sicily","f","en"
"sid","m","en"
"sidak","m","en"
"siddalee","f","en"
"siddhan","m","en"
"siddhant","m","en"
"siddhanth","m","en"
"siddharth","m","en"
"siddhartha","m","en"
"siddhi","f","en"
"siddiq","m","en"
"sidharth","m","en"
"sidney","f","en"
"sidra","f","en"
"sidrah","f","en"
"sidratul","f","en"
"sieanna","f","en"
"siegfried","m","en"
"siella","f","en"
"siem","m","en"
"siena","f","en"
"sienna","f","en"
"siennah","f","en"
"sienne","f","en"
"sierra","f","en"
"sifa","f","en"
"sifat","f","en"
"sigmund","m","en"
"signe","f","en"
"sigourney","f","en"
"sigrid","f","en"
"sigurd","m","en"
"siham","f","en"
"sihana","f","en"
"sikandar","m","en"
"sila","f","en"
"silah","f","en"
"silas","m","en"
"silayah","f","en"
"silo","m","en"
"silus","m","en"
"silva","f","en"
"silvan","m","en"
"silvana","f","en"
"silvano","m","en"
"silvanus","m","en"
"silver","f","en"
"silverio","m","en"
"silvester","m","en"
"silvestre","m","en"
"silvia","f","en"
"silviano","m","en"
"silvie","f","en"
"silvino","m","en"
"silvio","m","en"
"sima","f","en"
"simara","f","en"
"simaya","f","en"
"simba","m","en"
"simcha","f","en"
"simeon","m","en"
"simi","f","en"
"simir","m","en"
"simisola","f","en"
"simon","m","en"
"simona","f","en"
"simone","f","en"
"simora","f","en"
"simran","f","en"
"simrat","f","en"
"sina","f","en"
"sinahi","f","en"
"sinai","f","en"
"sinan","m","en"
"sincere","f","en"
"sincerity","f","en"
"sinclair","f","en"
"sinclaire","f","en"
"sindy","f","en"
"sinead","f","en"
"sinit","f","en"
"sinthia","f","en"
"siobhan","f","en"
"siomara","f","en"
"sion","m","en"
"siona","f","en"
"sione","m","en"
"sipara","f","en"
"sir","m","en"
"sira","f","en"
"siraj","m","en"
"sirat","f","en"
"sire","m","en"
"sireen","f","en"
"siren","f","en"
"sirena","f","en"
"sirenity","f","en"
"siri","f","en"
"siria","f","en"
"siris","m","en"
"sirius","m","en"
"sirmichael","m","en"
"sirr","m","en"
"sirron","m","en"
"sirroyal","m","en"
"sirus","m","en"
"sisilia","f","en"
"sisira","f","en"
"sistine","f","en"
"sita","f","en"
"sitara","f","en"
"sithara","f","en"
"sitka","m","en"
"sivan","f","en"
"siwoo","m","en"
"sixto","m","en"
"sixx","m","en"
"siya","f","en"
"siyah","f","en"
"siyan","m","en"
"siyana","f","en"
"siyani","f","en"
"siyanni","f","en"
"siyara","f","en"
"siyere","m","en"
"siyir","m","en"
"siyon","m","en"
"siyona","f","en"
"sj","m","en"
"skadi","f","en"
"skai","f","en"
"skaii","f","en"
"skailyn","f","en"
"skailynn","f","en"
"skanda","m","en"
"skarlet","f","en"
"skarleth","f","en"
"skarlett","f","en"
"skarlette","f","en"
"skii","f","en"
"skilar","f","en"
"skilynn","f","en"
"skip","m","en"
"sky","f","en"
"skya","f","en"
"skyah","f","en"
"skye","f","en"
"skyelar","f","en"
"skyelynn","f","en"
"skyla","f","en"
"skylah","f","en"
"skylan","f","en"
"skyland","f","en"
"skylar","f","en"
"skylarrose","f","en"
"skylee","f","en"
"skylei","f","en"
"skyleigh","f","en"
"skylen","f","en"
"skyler","f","en"
"skylett","f","en"
"skylie","f","en"
"skylin","f","en"
"skyllar","f","en"
"skylor","f","en"
"skylyn","f","en"
"skylynn","f","en"
"skyra","f","en"
"skyy","f","en"
"slade","m","en"
"slader","m","en"
"slate","m","en"
"slater","f","en"
"slayde","m","en"
"slayden","m","en"
"slayder","m","en"
"slayter","m","en"
"slayton","m","en"
"sloan","f","en"
"sloane","f","en"
"sloka","f","en"
"slone","f","en"
"smaya","f","en"
"smayan","m","en"
"smith","f","en"
"snayder","m","en"
"sneijder","m","en"
"sneyder","m","en"
"snoh","f","en"
"snow","f","en"
"snyder","m","en"
"sobhan","m","en"
"socorro","f","en"
"soe","f","en"
"soffia","f","en"
"sofhia","f","en"
"sofi","f","en"
"sofia","f","en"
"sofian","m","en"
"sofiarose","f","en"
"sofie","f","en"
"sofiia","f","en"
"sofija","f","en"
"sofina","f","en"
"sofiya","f","en"
"sofiyah","f","en"
"sofya","f","en"
"soha","f","en"
"sohaib","m","en"
"sohail","m","en"
"sohaila","f","en"
"soham","m","en"
"sohan","m","en"
"sohana","f","en"
"sohrab","m","en"
"sohum","m","en"
"sokhna","f","en"
"sol","f","en"
"sola","f","en"
"solace","f","en"
"solae","f","en"
"solai","f","en"
"solaire","f","en"
"solan","m","en"
"solana","f","en"
"solange","f","en"
"solani","f","en"
"solanna","f","en"
"solanus","m","en"
"solany","f","en"
"solar","f","en"
"solara","f","en"
"solaris","f","en"
"solaya","f","en"
"sole","f","en"
"solea","f","en"
"soledad","f","en"
"solei","f","en"
"soleia","f","en"
"soleil","f","en"
"solena","f","en"
"solene","f","en"
"solenne","f","en"
"soley","f","en"
"soleya","f","en"
"soli","f","en"
"solia","f","en"
"soliana","f","en"
"soliel","f","en"
"solielle","f","en"
"soliha","f","en"
"soliman","m","en"
"solimar","f","en"
"solina","f","en"
"soline","f","en"
"solis","m","en"
"soliyana","f","en"
"solo","m","en"
"soloman","m","en"
"solomia","f","en"
"solomiia","f","en"
"solomiya","f","en"
"solomon","m","en"
"solon","m","en"
"solstice","f","en"
"soluna","f","en"
"solvei","f","en"
"solveig","f","en"
"solvej","f","en"
"solyana","f","en"
"solymar","f","en"
"soma","f","en"
"somaya","f","en"
"somer","f","en"
"somi","f","en"
"sommer","f","en"
"somtochukwu","m","en"
"sona","f","en"
"sonali","f","en"
"sonam","f","en"
"sonaya","f","en"
"sonder","m","en"
"sondor","f","en"
"sondos","f","en"
"song","f","en"
"sonia","f","en"
"soniya","f","en"
"sonja","f","en"
"sonnet","f","en"
"sonni","f","en"
"sonnie","f","en"
"sonny","f","en"
"sonoma","f","en"
"sonora","f","en"
"sonya","f","en"
"sophee","f","en"
"sophi","f","en"
"sophia","f","en"
"sophiah","f","en"
"sophiamarie","f","en"
"sophiana","f","en"
"sophiarose","f","en"
"sophie","f","en"
"sophina","f","en"
"sophira","f","en"
"sophiya","f","en"
"sophronia","f","en"
"sophy","f","en"
"sophya","f","en"
"sora","f","en"
"sorah","f","en"
"soraia","f","en"
"soraiya","f","en"
"soraya","f","en"
"sorayah","f","en"
"sorcha","f","en"
"soren","f","en"
"soreya","f","en"
"soriah","f","en"
"sorin","f","en"
"soriya","f","en"
"soriyah","f","en"
"sorrel","f","en"
"sorren","m","en"
"sorsha","f","en"
"soryn","f","en"
"sosa","m","en"
"sosaia","m","en"
"sosefina","f","en"
"sosi","f","en"
"sosie","f","en"
"sossy","f","en"
"sosuke","m","en"
"sota","m","en"
"soteria","f","en"
"sotirios","m","en"
"soul","f","en"
"soule","f","en"
"soulene","f","en"
"souleymane","m","en"
"souline","f","en"
"southern","f","en"
"sovereign","f","en"
"spade","m","en"
"sparkle","f","en"
"sparrow","f","en"
"spence","m","en"
"spencer","f","en"
"spenser","m","en"
"spirit","f","en"
"spiro","m","en"
"spiros","m","en"
"spring","f","en"
"spruha","f","en"
"sravya","f","en"
"sreeyan","m","en"
"sreshta","f","en"
"sriansh","m","en"
"srihaan","m","en"
"srihan","m","en"
"srihith","m","en"
"srihitha","f","en"
"srinidhi","f","en"
"srinika","f","en"
"sriram","m","en"
"srisha","f","en"
"srishti","f","en"
"sritha","f","en"
"sriya","f","en"
"sriyaan","m","en"
"sriyan","m","en"
"sriyansh","m","en"
"sruly","m","en"
"stacey","f","en"
"staci","f","en"
"stacia","f","en"
"stacie","f","en"
"stacy","f","en"
"stafford","m","en"
"staley","f","en"
"stan","m","en"
"stanford","m","en"
"stanislaw","m","en"
"stanlee","m","en"
"stanley","m","en"
"stanton","m","en"
"star","f","en"
"stark","m","en"
"starla","f","en"
"starlee","f","en"
"starlet","f","en"
"starlett","f","en"
"starlette","f","en"
"starley","f","en"
"starlie","f","en"
"starlin","m","en"
"starling","f","en"
"starlit","f","en"
"starlyn","f","en"
"starlynn","f","en"
"starr","f","en"
"stasia","f","en"
"stassi","f","en"
"statler","m","en"
"stavros","m","en"
"stavroula","f","en"
"steel","m","en"
"steele","f","en"
"steeley","f","en"
"steelie","f","en"
"steely","f","en"
"steevenson","m","en"
"stefan","m","en"
"stefani","f","en"
"stefania","f","en"
"stefanie","f","en"
"stefano","m","en"
"stefanos","m","en"
"stefany","f","en"
"stefen","m","en"
"steffan","m","en"
"steffany","f","en"
"steffen","m","en"
"steffon","m","en"
"stefon","m","en"
"steisy","f","en"
"stela","f","en"
"stella","f","en"
"stellah","f","en"
"stellaluna","f","en"
"stellamae","f","en"
"stellamarie","f","en"
"stellamaris","f","en"
"stellan","f","en"
"stellar","f","en"
"stellarose","f","en"
"stellen","m","en"
"stepan","m","en"
"stephan","m","en"
"stephane","m","en"
"stephani","f","en"
"stephania","f","en"
"stephanie","f","en"
"stephano","m","en"
"stephany","f","en"
"stephen","m","en"
"stephenie","f","en"
"stephon","m","en"
"sterlin","m","en"
"sterling","f","en"
"stetsen","m","en"
"stetson","f","en"
"stetsyn","f","en"
"stevan","m","en"
"steve","m","en"
"stevee","f","en"
"steven","m","en"
"stevens","m","en"
"stevenson","m","en"
"stevey","f","en"
"stevi","f","en"
"stevie","f","en"
"stevielynn","f","en"
"stevin","m","en"
"stevon","m","en"
"stewart","m","en"
"sthefany","f","en"
"stiles","m","en"
"stilez","m","en"
"stina","f","en"
"stiorra","f","en"
"stirling","m","en"
"stiven","m","en"
"stockton","m","en"
"stoic","m","en"
"stokely","f","en"
"stokes","m","en"
"stone","f","en"
"stoney","f","en"
"stoni","f","en"
"stonie","f","en"
"storey","f","en"
"stori","f","en"
"storie","f","en"
"storiee","f","en"
"storii","f","en"
"storm","f","en"
"stormee","f","en"
"stormi","f","en"
"stormie","f","en"
"stormii","f","en"
"stormy","f","en"
"storri","f","en"
"story","f","en"
"stowe","m","en"
"stratton","m","en"
"strider","m","en"
"striker","m","en"
"stryder","m","en"
"stryker","m","en"
"stuart","m","en"
"sturgill","m","en"
"stuti","f","en"
"styles","m","en"
"stylez","m","en"
"su","f","en"
"sua","f","en"
"suad","f","en"
"suany","f","en"
"subham","m","en"
"subhan","m","en"
"success","f","en"
"sucely","f","en"
"sudais","m","en"
"sudiksha","f","en"
"sue","f","en"
"suede","f","en"
"sufi","f","en"
"sufian","m","en"
"sufiyan","m","en"
"sufyaan","m","en"
"sufyan","m","en"
"sugey","f","en"
"suha","f","en"
"suhaan","m","en"
"suhaani","f","en"
"suhaib","m","en"
"suhail","m","en"
"suhaila","f","en"
"suhailah","f","en"
"suhaira","f","en"
"suhan","f","en"
"suhana","f","en"
"suhani","f","en"
"suhayb","m","en"
"suhayla","f","en"
"suhaylah","f","en"
"suheyb","m","en"
"suheyla","f","en"
"sui","f","en"
"sujey","f","en"
"sujood","f","en"
"sukaina","f","en"
"sukhmani","f","en"
"suki","f","en"
"sula","f","en"
"sulaiman","m","en"
"sulamita","f","en"
"sulayman","m","en"
"suleidy","f","en"
"suleiman","m","en"
"sulema","f","en"
"suleman","m","en"
"suleyma","f","en"
"suleyman","m","en"
"suleymi","f","en"
"suliman","m","en"
"sullen","m","en"
"sullivan","f","en"
"sully","f","en"
"sultaan","m","en"
"sultan","m","en"
"sultana","f","en"
"sumaira","f","en"
"sumaiya","f","en"
"sumaiyah","f","en"
"sumaya","f","en"
"sumayah","f","en"
"sumayya","f","en"
"sumayyah","f","en"
"sumer","f","en"
"sumeya","f","en"
"sumi","f","en"
"summer","f","en"
"summerlyn","f","en"
"summerlynn","f","en"
"summerrose","f","en"
"summit","f","en"
"summitt","m","en"
"sumner","f","en"
"sun","f","en"
"sundae","f","en"
"sundai","f","en"
"sunday","f","en"
"sundus","f","en"
"sunflower","f","en"
"suni","f","en"
"sunia","m","en"
"sunisa","f","en"
"sunita","f","en"
"suniyah","f","en"
"sunjai","f","en"
"sunna","f","en"
"sunni","f","en"
"sunnie","f","en"
"sunniva","f","en"
"sunny","f","en"
"sunset","f","en"
"sunshine","f","en"
"sunshyne","f","en"
"supreme","m","en"
"sura","f","en"
"surah","f","en"
"surai","f","en"
"suraiya","f","en"
"suraj","m","en"
"suraya","f","en"
"surayah","f","en"
"surem","m","en"
"suren","m","en"
"sureya","f","en"
"suri","f","en"
"suriyah","f","en"
"sury","f","en"
"surya","f","en"
"suryansh","m","en"
"susan","f","en"
"susana","f","en"
"susanna","f","en"
"susannah","f","en"
"susanne","f","en"
"susej","f","en"
"susie","f","en"
"sussy","f","en"
"susy","f","en"
"sutten","m","en"
"sutter","m","en"
"sutton","f","en"
"suttyn","f","en"
"suvi","f","en"
"suzan","f","en"
"suzana","f","en"
"suzanna","f","en"
"suzannah","f","en"
"suzanne","f","en"
"suzette","f","en"
"suzie","f","en"
"suzu","f","en"
"suzy","f","en"
"svana","f","en"
"svara","f","en"
"svea","f","en"
"sven","m","en"
"svetlana","f","en"
"sviatoslav","m","en"
"swade","m","en"
"swae","f","en"
"swara","f","en"
"swasti","f","en"
"sway","f","en"
"swayde","f","en"
"swayze","f","en"
"swayzee","f","en"
"swayzi","f","en"
"swayzie","f","en"
"sy","m","en"
"sya","f","en"
"syair","m","en"
"syaire","f","en"
"syan","m","en"
"syana","f","en"
"syani","f","en"
"syanna","f","en"
"syari","f","en"
"sybella","f","en"
"sybil","f","en"
"sydelle","f","en"
"sydnee","f","en"
"sydney","f","en"
"sydni","f","en"
"sydnie","f","en"
"syed","m","en"
"syeda","f","en"
"syeir","m","en"
"syer","m","en"
"syere","m","en"
"syha","f","en"
"syheir","m","en"
"syhir","m","en"
"syier","m","en"
"syion","m","en"
"syir","m","en"
"syire","m","en"
"syla","f","en"
"sylah","f","en"
"sylar","f","en"
"sylas","f","en"
"syler","m","en"
"sylias","m","en"
"sylis","m","en"
"sylphrena","f","en"
"sylus","m","en"
"sylvan","f","en"
"sylvana","f","en"
"sylvanas","f","en"
"sylvanna","f","en"
"sylvanus","m","en"
"sylvee","f","en"
"sylver","f","en"
"sylvester","m","en"
"sylvestre","m","en"
"sylvi","f","en"
"sylvia","f","en"
"sylviana","f","en"
"sylvie","f","en"
"symeir","m","en"
"symere","m","en"
"symiah","f","en"
"symir","m","en"
"symon","m","en"
"symone","f","en"
"symphani","f","en"
"symphanie","f","en"
"symphany","f","en"
"symphoni","f","en"
"symphonie","f","en"
"symphony","f","en"
"synai","f","en"
"syncere","f","en"
"syniah","f","en"
"synova","f","en"
"synthia","f","en"
"syon","m","en"
"sypher","m","en"
"syra","f","en"
"syrai","f","en"
"syre","m","en"
"syren","f","en"
"syrena","f","en"
"syrenity","f","en"
"syria","f","en"
"syriah","f","en"
"syris","m","en"
"syrus","m","en"
"syven","f","en"
"syx","f","en"
"syxx","f","en"
"szymon","m","en"
"taahir","m","en"
"taaj","m","en"
"taaliah","f","en"
"taaliyah","f","en"
"taara","f","en"
"taavi","m","en"
"tabari","m","en"
"tabassum","f","en"
"tabatha","f","en"
"tabias","m","en"
"tabitha","f","en"
"tabor","m","en"
"tacari","m","en"
"tad","m","en"
"tadarius","m","en"
"tadashi","m","en"
"tadei","m","en"
"taden","m","en"
"tadeo","m","en"
"tadeusz","m","en"
"tadgh","m","en"
"tadhg","m","en"
"tae","m","en"
"taeden","m","en"
"taedyn","m","en"
"taegan","f","en"
"taelin","m","en"
"taelon","m","en"
"taelor","f","en"
"taelyn","f","en"
"taelynn","f","en"
"taeo","m","en"
"taeshaun","m","en"
"taeshawn","m","en"
"taetum","f","en"
"taeveon","m","en"
"taevion","m","en"
"taevon","m","en"
"taevyn","m","en"
"tafari","m","en"
"taft","m","en"
"tage","m","en"
"taha","m","en"
"tahani","f","en"
"tahari","f","en"
"taheem","m","en"
"taher","m","en"
"tahir","m","en"
"tahira","f","en"
"tahirah","f","en"
"tahiri","f","en"
"tahiry","f","en"
"tahiya","f","en"
"tahj","f","en"
"tahjae","m","en"
"tahjir","m","en"
"tahlani","f","en"
"tahlia","f","en"
"tahmir","m","en"
"tahsin","m","en"
"tai","f","en"
"taia","f","en"
"taiana","f","en"
"taiba","f","en"
"taicyn","m","en"
"taiden","m","en"
"taidyn","m","en"
"taiga","m","en"
"taika","m","en"
"taila","f","en"
"tailani","f","en"
"tailee","f","en"
"tailyn","f","en"
"tailynn","f","en"
"taim","m","en"
"taimane","f","en"
"taimoor","m","en"
"taimur","m","en"
"taina","f","en"
"taino","m","en"
"taio","m","en"
"taisei","m","en"
"taisha","f","en"
"taisley","f","en"
"taison","m","en"
"tait","m","en"
"taite","f","en"
"taiten","m","en"
"taitum","f","en"
"taivon","m","en"
"taiwan","m","en"
"taiyari","f","en"
"taiyo","m","en"
"taj","f","en"
"taja","f","en"
"tajae","f","en"
"tajh","m","en"
"taji","m","en"
"tajveer","m","en"
"takai","m","en"
"takari","m","en"
"takeo","m","en"
"takeshi","m","en"
"takhari","m","en"
"takhi","m","en"
"takiyah","f","en"
"takoa","m","en"
"takoda","m","en"
"takota","m","en"
"takrim","m","en"
"taksh","m","en"
"takshvi","f","en"
"takumi","m","en"
"tal","m","en"
"tala","f","en"
"talaia","f","en"
"talal","m","en"
"talan","m","en"
"talani","f","en"
"talaya","f","en"
"talayah","f","en"
"talaysia","f","en"
"talea","f","en"
"taleah","f","en"
"taleen","f","en"
"talei","f","en"
"taleia","f","en"
"taleigha","f","en"
"talen","m","en"
"taleya","f","en"
"taleyah","f","en"
"talha","m","en"
"tali","f","en"
"talia","f","en"
"taliah","f","en"
"taliana","f","en"
"talib","m","en"
"taliesin","m","en"
"talilah","f","en"
"talin","f","en"
"talina","f","en"
"taline","f","en"
"talion","m","en"
"talis","f","en"
"talise","f","en"
"talisha","f","en"
"talita","f","en"
"talitha","f","en"
"taliya","f","en"
"taliyah","f","en"
"tallen","m","en"
"tallie","f","en"
"tallon","m","en"
"tallula","f","en"
"tallulah","f","en"
"tally","f","en"
"tallyn","f","en"
"talmadge","m","en"
"talmage","m","en"
"talon","f","en"
"talula","f","en"
"talulah","f","en"
"talulla","f","en"
"talullah","f","en"
"talya","f","en"
"talyah","f","en"
"talyn","f","en"
"talynn","f","en"
"tam","f","en"
"tamana","f","en"
"tamani","f","en"
"tamar","f","en"
"tamara","f","en"
"tamari","f","en"
"tamarion","m","en"
"tamatoa","m","en"
"tamaya","f","en"
"tameem","m","en"
"tamen","m","en"
"tamer","m","en"
"tamera","f","en"
"tami","f","en"
"tamia","f","en"
"tamiah","f","en"
"tamila","f","en"
"tamim","m","en"
"tamina","f","en"
"tamir","m","en"
"tamira","f","en"
"tamiya","f","en"
"tamiyah","f","en"
"tammie","f","en"
"tammy","f","en"
"tamryn","f","en"
"tamsin","f","en"
"tamsyn","f","en"
"tamya","f","en"
"tamyra","f","en"
"tana","f","en"
"tanasia","f","en"
"tanay","m","en"
"tanaya","f","en"
"tania","f","en"
"taniah","f","en"
"taniela","m","en"
"tanielu","m","en"
"tanish","m","en"
"tanisha","f","en"
"tanishi","f","en"
"tanishka","f","en"
"tanitoluwa","f","en"
"taniya","f","en"
"taniyah","f","en"
"taniyla","f","en"
"tanjiro","m","en"
"tanna","f","en"
"tannen","m","en"
"tanner","f","en"
"tannon","m","en"
"tansy","f","en"
"tanush","m","en"
"tanvi","f","en"
"tanvika","f","en"
"tanya","f","en"
"tanyiah","f","en"
"tanyla","f","en"
"tanylah","f","en"
"tao","m","en"
"taos","m","en"
"taqdeer","f","en"
"taquan","m","en"
"taqwa","f","en"
"tara","f","en"
"taraf","f","en"
"tarah","f","en"
"taraji","f","en"
"tarak","m","en"
"taran","m","en"
"taras","m","en"
"tarek","m","en"
"tari","f","en"
"tariah","f","en"
"tarik","m","en"
"tarini","f","en"
"tariq","m","en"
"tarique","m","en"
"tariya","f","en"
"tariyah","f","en"
"tarlo","m","en"
"taro","m","en"
"taron","m","en"
"tarteel","f","en"
"taryn","f","en"
"tarynn","f","en"
"tasha","f","en"
"tashaun","m","en"
"tashawn","m","en"
"tashfin","m","en"
"tashi","f","en"
"tashvi","f","en"
"tashya","f","en"
"tasi","m","en"
"tasia","f","en"
"tasneem","f","en"
"tasnia","f","en"
"tasnim","f","en"
"tasrif","m","en"
"tate","f","en"
"tatem","f","en"
"taten","m","en"
"tateum","m","en"
"tateyn","m","en"
"tatiana","f","en"
"tatianna","f","en"
"tatum","f","en"
"tatumn","f","en"
"tatyana","f","en"
"tatym","f","en"
"taurean","m","en"
"tauren","m","en"
"tauriel","f","en"
"taurus","m","en"
"tavares","m","en"
"tavari","m","en"
"tavaris","m","en"
"tavarus","m","en"
"taven","m","en"
"taveon","m","en"
"tavi","f","en"
"tavia","f","en"
"tavian","m","en"
"tavin","m","en"
"tavion","m","en"
"tavis","m","en"
"tavish","m","en"
"tavita","m","en"
"tavius","m","en"
"tavon","m","en"
"tawheed","m","en"
"tawhid","m","en"
"tawny","f","en"
"taya","f","en"
"tayah","f","en"
"tayanna","f","en"
"tayden","m","en"
"taydon","m","en"
"taye","m","en"
"tayen","f","en"
"taygen","m","en"
"tayla","f","en"
"taylah","f","en"
"taylan","f","en"
"taylani","f","en"
"taylar","f","en"
"taylee","f","en"
"tayleigh","f","en"
"taylen","f","en"
"tayler","f","en"
"taylie","f","en"
"taylin","f","en"
"taylinn","f","en"
"taylon","f","en"
"tayloni","f","en"
"taylor","f","en"
"taylour","f","en"
"taylyn","f","en"
"taylynn","f","en"
"taym","m","en"
"taymir","m","en"
"tayo","m","en"
"tayon","m","en"
"tayron","m","en"
"taysen","m","en"
"taysha","f","en"
"tayshaun","m","en"
"tayshawn","m","en"
"taysom","m","en"
"tayson","m","en"
"tayt","m","en"
"tayte","f","en"
"taytem","f","en"
"tayten","m","en"
"tayton","f","en"
"taytum","f","en"
"tayven","m","en"
"tayveon","m","en"
"tayvian","m","en"
"tayvin","m","en"
"tayvion","m","en"
"tayvon","m","en"
"tayyiba","f","en"
"taz","m","en"
"tazara","f","en"
"tea","f","en"
"teagan","f","en"
"teagen","f","en"
"teaghan","f","en"
"teague","m","en"
"teagyn","f","en"
"teah","f","en"
"teal","f","en"
"teanna","f","en"
"teari","f","en"
"tearii","f","en"
"teasia","f","en"
"tecuani","m","en"
"ted","m","en"
"teddi","f","en"
"teddie","f","en"
"teddy","f","en"
"tedrick","m","en"
"tedy","m","en"
"tee","m","en"
"teegan","f","en"
"teejay","m","en"
"tegan","f","en"
"tegh","m","en"
"tehani","f","en"
"tehila","f","en"
"tehilla","f","en"
"tehillah","f","en"
"tehlani","f","en"
"tehya","f","en"
"teia","f","en"
"teigan","f","en"
"teigen","f","en"
"teighan","f","en"
"teighlor","f","en"
"teion","m","en"
"tej","m","en"
"tejas","m","en"
"tekoa","m","en"
"tel","m","en"
"telani","f","en"
"telayah","f","en"
"telesia","f","en"
"telia","f","en"
"teliah","f","en"
"tell","m","en"
"teller","f","en"
"tema","f","en"
"temari","f","en"
"temesgen","m","en"
"temi","f","en"
"temidayo","m","en"
"temilade","f","en"
"temiloluwa","f","en"
"temima","f","en"
"temmy","f","en"
"temperance","f","en"
"tempest","f","en"
"temujin","m","en"
"tena","f","en"
"tenaya","f","en"
"tenille","f","en"
"teniola","f","en"
"tenlee","f","en"
"tenleigh","f","en"
"tenley","f","en"
"tennessee","f","en"
"tennison","m","en"
"tennyson","f","en"
"tenoch","m","en"
"tensley","f","en"
"tenuun","m","en"
"tenzin","f","en"
"teo","m","en"
"teodor","m","en"
"teodora","f","en"
"teodoro","m","en"
"teofilo","m","en"
"teoman","m","en"
"teon","m","en"
"teona","f","en"
"tequan","m","en"
"tera","f","en"
"terell","m","en"
"terence","m","en"
"teresa","f","en"
"teresita","f","en"
"tereza","f","en"
"teri","f","en"
"teriyah","f","en"
"teron","m","en"
"terra","f","en"
"terrah","f","en"
"terran","m","en"
"terrance","m","en"
"terrel","m","en"
"terrell","m","en"
"terrence","m","en"
"terri","f","en"
"terrian","m","en"
"terrill","m","en"
"terrion","m","en"
"terriyah","f","en"
"terron","m","en"
"terry","f","en"
"terryn","f","en"
"terryon","m","en"
"teryn","f","en"
"tesa","f","en"
"teshawn","m","en"
"tesla","f","en"
"tesneem","f","en"
"tesni","f","en"
"tess","f","en"
"tessa","f","en"
"tessie","f","en"
"teuila","f","en"
"teva","f","en"
"tevin","m","en"
"tevita","m","en"
"tevon","m","en"
"tewodros","m","en"
"tex","m","en"
"texas","m","en"
"teya","f","en"
"teyana","f","en"
"teyanna","f","en"
"teyla","f","en"
"teyo","m","en"
"teyonna","f","en"
"thabit","m","en"
"thad","m","en"
"thaddaeus","m","en"
"thaddeus","m","en"
"thaddius","m","en"
"thadeo","m","en"
"thai","m","en"
"thaila","f","en"
"thailan","m","en"
"thailand","m","en"
"thaily","f","en"
"thais","f","en"
"thaison","m","en"
"thaleia","f","en"
"thalia","f","en"
"thaliah","f","en"
"thaliana","f","en"
"thalya","f","en"
"thane","m","en"
"thang","f","en"
"thania","f","en"
"thaniel","m","en"
"thanos","m","en"
"thanvi","f","en"
"thanvik","m","en"
"thanvika","f","en"
"thanya","f","en"
"thara","f","en"
"thaswika","f","en"
"thatcher","m","en"
"thaxton","m","en"
"thayer","m","en"
"thaylor","m","en"
"thayne","m","en"
"thea","f","en"
"theadora","f","en"
"theadore","m","en"
"theadosia","f","en"
"theia","f","en"
"thelma","f","en"
"thelonious","m","en"
"thena","f","en"
"theo","f","en"
"theoden","m","en"
"theodin","m","en"
"theodor","m","en"
"theodora","f","en"
"theodore","m","en"
"theodorejames","m","en"
"theodoro","m","en"
"theodoros","m","en"
"theodosia","f","en"
"theon","m","en"
"theophil","m","en"
"theophilus","m","en"
"theordore","m","en"
"theori","f","en"
"theorie","f","en"
"theory","f","en"
"theos","m","en"
"theresa","f","en"
"therese","f","en"
"theron","m","en"
"theseus","m","en"
"theya","f","en"
"thia","f","en"
"thiago","f","en"
"thian","m","en"
"thiana","f","en"
"thiara","f","en"
"thielen","m","en"
"thien","m","en"
"thierno","m","en"
"thierry","m","en"
"thilo","m","en"
"thistle","f","en"
"thiya","f","en"
"thoedore","m","en"
"thomas","m","en"
"thomasin","f","en"
"thomasjames","m","en"
"thompson","m","en"
"thomson","m","en"
"thor","m","en"
"thora","f","en"
"thoren","m","en"
"thorfinn","m","en"
"thorin","m","en"
"thorn","m","en"
"thorne","m","en"
"thornton","m","en"
"thorrin","m","en"
"thorsen","m","en"
"thorson","m","en"
"thorsten","m","en"
"thoryn","m","en"
"three","m","en"
"thrishika","f","en"
"thunder","m","en"
"thurman","m","en"
"thurston","m","en"
"thyago","m","en"
"thyra","f","en"
"thyri","f","en"
"thyrii","f","en"
"tia","f","en"
"tiago","m","en"
"tiam","m","en"
"tian","m","en"
"tiana","f","en"
"tiani","f","en"
"tianna","f","en"
"tianni","f","en"
"tiara","f","en"
"tiaraoluwa","f","en"
"tiare","f","en"
"tiari","f","en"
"tiarra","f","en"
"tiberius","m","en"
"tidus","m","en"
"tiegan","f","en"
"tieghan","f","en"
"tien","m","en"
"tiernan","m","en"
"tierney","f","en"
"tierra","f","en"
"tifa","f","en"
"tifeoluwa","m","en"
"tiferet","f","en"
"tiffani","f","en"
"tiffanie","f","en"
"tiffany","f","en"
"tiger","m","en"
"tigerlily","f","en"
"tighe","m","en"
"tigran","m","en"
"tila","f","en"
"tilak","m","en"
"tilda","f","en"
"tilden","f","en"
"tilia","f","en"
"tilian","m","en"
"till","m","en"
"tiller","m","en"
"tilley","f","en"
"tillian","m","en"
"tillie","f","en"
"tillman","m","en"
"tilly","f","en"
"tilman","m","en"
"tim","m","en"
"tima","f","en"
"timari","f","en"
"timber","f","en"
"timberlee","f","en"
"timberly","f","en"
"timberlyn","f","en"
"timberlynn","f","en"
"timia","f","en"
"timir","m","en"
"timmothy","m","en"
"timmy","m","en"
"timo","m","en"
"timofei","m","en"
"timofey","m","en"
"timoteo","m","en"
"timothee","m","en"
"timotheo","m","en"
"timothy","m","en"
"timur","m","en"
"tina","f","en"
"tinlee","f","en"
"tinleigh","f","en"
"tinley","f","en"
"tino","m","en"
"tinslee","f","en"
"tinsleigh","f","en"
"tinsley","f","en"
"tinzley","f","en"
"tionna","f","en"
"tipton","m","en"
"tirso","m","en"
"tirth","m","en"
"tirzah","f","en"
"tisha","f","en"
"tishya","f","en"
"tissaia","f","en"
"titan","m","en"
"tito","m","en"
"titus","m","en"
"tiwatope","f","en"
"tiya","f","en"
"tiyana","f","en"
"tiyanna","f","en"
"tiyon","m","en"
"tiziano","m","en"
"tj","m","en"
"tjay","m","en"
"tkai","m","en"
"tlalli","f","en"
"tlaloc","m","en"
"toa","m","en"
"toba","f","en"
"tobechi","m","en"
"tobechukwu","m","en"
"tobenna","m","en"
"tobey","m","en"
"tobi","f","en"
"tobiah","m","en"
"tobias","m","en"
"tobie","f","en"
"tobin","f","en"
"toby","f","en"
"toccoa","m","en"
"tod","m","en"
"todd","m","en"
"tokyo","f","en"
"toleen","f","en"
"tolliver","m","en"
"tom","m","en"
"toma","m","en"
"tomas","m","en"
"tomasa","f","en"
"tomasz","m","en"
"tomi","f","en"
"tomias","m","en"
"tomie","f","en"
"tomiris","f","en"
"tommaso","m","en"
"tommi","f","en"
"tommie","f","en"
"tommy","f","en"
"tona","f","en"
"tonantzin","f","en"
"tonatiuh","m","en"
"toney","m","en"
"toni","f","en"
"tonie","f","en"
"tonny","m","en"
"tony","m","en"
"tonya","f","en"
"topanga","f","en"
"topaz","f","en"
"topher","m","en"
"topper","m","en"
"toprak","m","en"
"tor","m","en"
"tora","f","en"
"torah","f","en"
"toran","m","en"
"torben","m","en"
"toren","m","en"
"toretto","m","en"
"torey","m","en"
"tori","f","en"
"toria","f","en"
"torian","m","en"
"toriana","f","en"
"torianna","f","en"
"toriano","m","en"
"toribio","m","en"
"torie","f","en"
"torin","m","en"
"torrance","f","en"
"torren","m","en"
"torrence","m","en"
"torres","m","en"
"torrey","f","en"
"torri","f","en"
"torrian","m","en"
"torrie","f","en"
"torrin","m","en"
"torryn","f","en"
"torsten","m","en"
"torvi","f","en"
"tory","f","en"
"toryn","f","en"
"tosh","m","en"
"toshiro","m","en"
"toula","f","en"
"toussaint","m","en"
"tova","f","en"
"tovah","f","en"
"tove","f","en"
"tovi","f","en"
"tovia","m","en"
"townes","f","en"
"townsend","f","en"
"trace","m","en"
"tracen","m","en"
"tracer","m","en"
"tracey","f","en"
"traci","f","en"
"tracie","f","en"
"tracy","f","en"
"tracyn","m","en"
"trae","m","en"
"traeger","m","en"
"trail","m","en"
"trajan","m","en"
"tralynn","f","en"
"tramaine","m","en"
"tramari","m","en"
"tramel","m","en"
"tramell","m","en"
"traniyah","f","en"
"trany","f","en"
"trapper","m","en"
"trashawn","m","en"
"traven","m","en"
"traveon","m","en"
"travian","m","en"
"travion","m","en"
"travis","m","en"
"travon","m","en"
"traxton","m","en"
"trayce","m","en"
"traycen","m","en"
"traylen","m","en"
"traylin","m","en"
"trayson","m","en"
"trayton","m","en"
"trayveon","m","en"
"trayvon","m","en"
"tre","m","en"
"trea","m","en"
"treasure","f","en"
"treazure","f","en"
"trell","m","en"
"trelyn","m","en"
"trelynn","m","en"
"tremaine","m","en"
"tremani","m","en"
"tremayne","m","en"
"tremir","m","en"
"tremon","m","en"
"trenity","f","en"
"trent","m","en"
"trenten","m","en"
"trentin","m","en"
"trenton","m","en"
"trentyn","m","en"
"tres","m","en"
"tresean","m","en"
"treshaun","m","en"
"treshawn","m","en"
"tressa","f","en"
"treston","m","en"
"tresyn","m","en"
"treu","f","en"
"trevan","m","en"
"treveon","m","en"
"trever","m","en"
"trevian","m","en"
"trevin","m","en"
"trevion","m","en"
"trevon","m","en"
"trevonte","m","en"
"trevor","m","en"
"trevyn","m","en"
"trew","m","en"
"trey","m","en"
"treyce","m","en"
"treyden","m","en"
"treylan","m","en"
"treylen","m","en"
"treylin","m","en"
"treylon","m","en"
"treysen","m","en"
"treyson","m","en"
"treyton","m","en"
"treyvion","m","en"
"treyvon","m","en"
"trezure","f","en"
"triana","f","en"
"trice","m","en"
"tricia","f","en"
"tridha","f","en"
"trigg","m","en"
"trigger","m","en"
"trillion","m","en"
"trina","f","en"
"trinidad","f","en"
"trinitee","f","en"
"triniti","f","en"
"trinity","f","en"
"trino","m","en"
"trip","m","en"
"tripp","m","en"
"trisha","f","en"
"trishaan","m","en"
"trishika","f","en"
"tristan","f","en"
"tristen","m","en"
"tristian","m","en"
"tristin","m","en"
"triston","m","en"
"tristyn","f","en"
"triton","m","en"
"tritt","m","en"
"triumph","m","en"
"trixie","f","en"
"troi","f","en"
"troian","f","en"
"trooper","m","en"
"trophy","m","en"
"troy","f","en"
"tru","f","en"
"truce","m","en"
"trudy","f","en"
"true","f","en"
"truen","m","en"
"truett","f","en"
"truitt","f","en"
"trulee","f","en"
"truleigh","f","en"
"trulove","f","en"
"truly","f","en"
"trulynn","f","en"
"truman","m","en"
"trust","f","en"
"trustin","m","en"
"truth","f","en"
"truu","f","en"
"truveya","f","en"
"truvy","f","en"
"tryce","m","en"
"trygve","m","en"
"trypp","m","en"
"trystan","m","en"
"trysten","m","en"
"tsion","f","en"
"tsireya","f","en"
"tsumugi","f","en"
"tsunade","f","en"
"tuck","m","en"
"tucker","f","en"
"tudor","m","en"
"tuesday","f","en"
"tuf","m","en"
"tuff","m","en"
"tula","f","en"
"tuleen","f","en"
"tuli","m","en"
"tulio","m","en"
"tulip","f","en"
"tullsa","f","en"
"tullulah","f","en"
"tully","f","en"
"tulsa","f","en"
"tulsen","m","en"
"tulsi","f","en"
"tulson","m","en"
"turan","m","en"
"turk","m","en"
"turner","f","en"
"tuuli","f","en"
"tuvia","m","en"
"tvisha","f","en"
"twila","f","en"
"twisha","f","en"
"twyla","f","en"
"ty","m","en"
"tya","f","en"
"tyair","m","en"
"tyaire","m","en"
"tyana","f","en"
"tyani","f","en"
"tyanna","f","en"
"tyari","f","en"
"tyasia","f","en"
"tyberius","m","en"
"tyce","m","en"
"tycen","m","en"
"tycho","m","en"
"tyde","m","en"
"tyden","m","en"
"tydus","m","en"
"tye","f","en"
"tyee","m","en"
"tyger","m","en"
"tyheem","m","en"
"tyheir","m","en"
"tyion","m","en"
"tyjae","m","en"
"tyjai","m","en"
"tyjay","m","en"
"tyjon","m","en"
"tyjuan","m","en"
"tykeem","m","en"
"tyla","f","en"
"tylah","f","en"
"tylan","m","en"
"tyland","m","en"
"tylani","f","en"
"tylann","f","en"
"tylar","f","en"
"tylasia","f","en"
"tylaya","f","en"
"tyleah","f","en"
"tylee","f","en"
"tyleek","m","en"
"tylei","f","en"
"tyleigh","f","en"
"tylen","m","en"
"tyler","f","en"
"tylerjames","m","en"
"tylia","f","en"
"tyliah","f","en"
"tylie","f","en"
"tylin","f","en"
"tyliyah","f","en"
"tylo","m","en"
"tylon","m","en"
"tyloni","f","en"
"tylor","m","en"
"tylus","m","en"
"tylyn","f","en"
"tylynn","f","en"
"tymari","m","en"
"tymarion","m","en"
"tymber","f","en"
"tyme","f","en"
"tymeir","m","en"
"tymere","m","en"
"tymier","m","en"
"tymir","m","en"
"tymire","m","en"
"tymon","m","en"
"tymoteusz","m","en"
"tynan","m","en"
"tynlee","f","en"
"tynslee","f","en"
"tyon","m","en"
"tyonna","f","en"
"tyquan","m","en"
"tyr","m","en"
"tyra","f","en"
"tyrael","m","en"
"tyran","m","en"
"tyrann","m","en"
"tyre","m","en"
"tyrece","m","en"
"tyree","m","en"
"tyreek","m","en"
"tyreese","m","en"
"tyrek","m","en"
"tyreke","m","en"
"tyrel","m","en"
"tyrell","m","en"
"tyrelle","m","en"
"tyren","m","en"
"tyreon","m","en"
"tyrese","m","en"
"tyriah","f","en"
"tyrian","m","en"
"tyrie","m","en"
"tyriek","m","en"
"tyrielle","f","en"
"tyrik","m","en"
"tyrin","m","en"
"tyrion","m","en"
"tyriq","m","en"
"tyrique","m","en"
"tyron","m","en"
"tyrone","m","en"
"tyrrell","m","en"
"tyrson","m","en"
"tyrus","m","en"
"tysean","m","en"
"tysen","m","en"
"tyshaun","m","en"
"tyshawn","m","en"
"tyshon","m","en"
"tyshun","m","en"
"tyson","m","en"
"tytan","m","en"
"tytus","m","en"
"tyus","m","en"
"tyvon","m","en"
"tywan","m","en"
"tyzir","m","en"
"tzila","f","en"
"tzipora","f","en"
"tziporah","f","en"
"tzippora","f","en"
"tzipporah","f","en"
"tzippy","f","en"
"tzirel","f","en"
"tziri","f","en"
"tziry","f","en"
"tzivia","f","en"
"tzivy","f","en"
"tzurty","f","en"
"tzvi","m","en"
"ubaldo","m","en"
"uchechukwu","m","en"
"uchenna","m","en"
"uday","m","en"
"udayveer","m","en"
"udy","f","en"
"ugochukwu","m","en"
"uhtred","m","en"
"uilani","f","en"
"uilliam","m","en"
"ujaan","m","en"
"ujin","f","en"
"ulani","f","en"
"ulanni","f","en"
"uliana","f","en"
"ulices","m","en"
"ulises","m","en"
"ulisses","m","en"
"ulla","f","en"
"ulrich","m","en"
"ulrik","m","en"
"ulyana","f","en"
"ulyses","m","en"
"ulyssa","f","en"
"ulysses","m","en"
"uma","f","en"
"umaima","f","en"
"umair","m","en"
"umaiza","f","en"
"umar","m","en"
"umarbek","m","en"
"umari","m","en"
"umayr","m","en"
"umer","m","en"
"umi","f","en"
"umme","f","en"
"ummehani","f","en"
"umrah","f","en"
"umut","m","en"
"una","f","en"
"unai","m","en"
"ungwa","f","en"
"uni","f","en"
"unik","m","en"
"unique","f","en"
"unity","f","en"
"unknown","f","en"
"unnamed","f","en"
"urania","f","en"
"urban","m","en"
"urenna","f","en"
"uri","f","en"
"uriah","f","en"
"urian","m","en"
"urias","m","en"
"urie","m","en"
"uriel","f","en"
"uriella","f","en"
"urielle","f","en"
"urijah","m","en"
"uriyah","f","en"
"ursa","f","en"
"ursula","f","en"
"urvi","f","en"
"usayd","m","en"
"usher","m","en"
"usiel","m","en"
"usmaan","m","en"
"usman","m","en"
"usmon","m","en"
"uta","f","en"
"uthman","m","en"
"uwais","m","en"
"uwase","f","en"
"uzair","m","en"
"uzay","m","en"
"uziah","m","en"
"uzias","m","en"
"uziel","m","en"
"uzuri","f","en"
"uzziah","m","en"
"uzziel","m","en"
"vaamika","f","en"
"vaani","f","en"
"vaanya","f","en"
"vaayu","m","en"
"vache","m","en"
"vada","f","en"
"vaden","m","en"
"vader","m","en"
"vadhir","m","en"
"vadim","m","en"
"vaeda","f","en"
"vaela","f","en"
"vaelin","m","en"
"vaelyn","f","en"
"vagmi","f","en"
"vahan","m","en"
"vahe","m","en"
"vaibhav","m","en"
"vaida","f","en"
"vaidehi","f","en"
"vail","f","en"
"vaila","f","en"
"vaira","f","en"
"vaishnav","m","en"
"vaishnavi","f","en"
"val","f","en"
"vala","f","en"
"valarie","f","en"
"vale","f","en"
"valen","f","en"
"valena","f","en"
"valencia","f","en"
"valencio","m","en"
"valens","m","en"
"valente","m","en"
"valentim","m","en"
"valentin","m","en"
"valentina","f","en"
"valentine","f","en"
"valentino","m","en"
"valentyna","f","en"
"valeri","f","en"
"valeria","f","en"
"valerian","m","en"
"valeriana","f","en"
"valerie","f","en"
"valerin","f","en"
"valerio","m","en"
"valery","f","en"
"valeska","f","en"
"vali","f","en"
"valia","f","en"
"valiant","m","en"
"valik","m","en"
"valkyrie","f","en"
"valla","f","en"
"vallee","f","en"
"vallen","m","en"
"vallerie","f","en"
"vallery","f","en"
"valley","f","en"
"valli","f","en"
"vallie","f","en"
"vallolet","f","en"
"valloleth","f","en"
"vallory","f","en"
"vallyn","f","en"
"valo","m","en"
"valor","f","en"
"valora","f","en"
"valorie","f","en"
"valtteri","m","en"
"valyn","f","en"
"valynn","f","en"
"valyria","f","en"
"vamika","f","en"
"van","f","en"
"vana","f","en"
"vance","m","en"
"vandan","m","en"
"vander","m","en"
"vanellope","f","en"
"vanelope","f","en"
"vanesa","f","en"
"vanessa","f","en"
"vani","f","en"
"vania","f","en"
"vanisha","f","en"
"vanity","f","en"
"vann","m","en"
"vanna","f","en"
"vannah","f","en"
"vannia","f","en"
"vansh","m","en"
"vanshika","f","en"
"vanya","f","en"
"vara","f","en"
"vardaan","m","en"
"vardan","m","en"
"vardhan","m","en"
"varenya","f","en"
"varian","m","en"
"varnika","f","en"
"varrick","m","en"
"varsha","f","en"
"varshini","f","en"
"varun","m","en"
"varvara","f","en"
"vasco","m","en"
"vash","m","en"
"vashon","m","en"
"vashti","f","en"
"vasile","m","en"
"vasileios","m","en"
"vasili","m","en"
"vasilia","f","en"
"vasilije","m","en"
"vasiliki","f","en"
"vasilios","m","en"
"vasilisa","f","en"
"vasily","m","en"
"vasti","f","en"
"vaughan","m","en"
"vaughn","f","en"
"vaya","f","en"
"vayah","f","en"
"vayda","f","en"
"vayden","m","en"
"vayla","f","en"
"vaylee","f","en"
"vaylen","f","en"
"vayolet","f","en"
"vayu","m","en"
"ved","m","en"
"veda","f","en"
"vedaansh","m","en"
"vedaant","m","en"
"vedansh","m","en"
"vedanshi","f","en"
"vedanshreddy","m","en"
"vedant","m","en"
"vedanth","m","en"
"vedav","m","en"
"vedder","m","en"
"vedh","m","en"
"vedha","f","en"
"vedhansh","m","en"
"vedhika","f","en"
"vedika","f","en"
"vedya","f","en"
"veeha","f","en"
"veeksha","f","en"
"veena","f","en"
"veer","m","en"
"veera","f","en"
"veeraj","m","en"
"vega","f","en"
"vegas","f","en"
"veida","f","en"
"veira","f","en"
"vela","f","en"
"velia","f","en"
"vella","f","en"
"velma","f","en"
"velvet","f","en"
"velzy","f","en"
"vena","f","en"
"venancio","m","en"
"venba","f","en"
"venecia","f","en"
"venelope","f","en"
"venessa","f","en"
"venezia","f","en"
"veniamin","m","en"
"venice","f","en"
"venita","f","en"
"vennela","f","en"
"venture","m","en"
"ventus","m","en"
"venus","f","en"
"venya","f","en"
"vera","f","en"
"verah","f","en"
"veralee","f","en"
"veralyn","f","en"
"veralynn","f","en"
"verena","f","en"
"verenice","f","en"
"vergil","m","en"
"verily","f","en"
"verina","f","en"
"verity","f","en"
"vern","m","en"
"verna","f","en"
"vernon","m","en"
"vero","m","en"
"verona","f","en"
"veronica","f","en"
"veronika","f","en"
"versai","f","en"
"versavia","f","en"
"vesna","f","en"
"vesper","f","en"
"vesta","f","en"
"vetri","m","en"
"veya","f","en"
"veyah","f","en"
"veyda","f","en"
"vi","f","en"
"via","f","en"
"viaan","m","en"
"viaana","f","en"
"viaansh","m","en"
"vian","m","en"
"viana","f","en"
"vianca","f","en"
"vianey","f","en"
"vianka","f","en"
"vianna","f","en"
"vianne","f","en"
"vianney","f","en"
"vianni","f","en"
"vianny","f","en"
"viara","f","en"
"vibha","f","en"
"vibhav","m","en"
"vic","m","en"
"vicent","m","en"
"vicente","m","en"
"vicki","f","en"
"vickie","f","en"
"vicky","f","en"
"victoire","f","en"
"victor","m","en"
"victoria","f","en"
"victoriano","m","en"
"victorina","f","en"
"victorino","m","en"
"victorious","m","en"
"victory","f","en"
"vida","f","en"
"vidal","m","en"
"vidalia","f","en"
"videl","f","en"
"vidharth","m","en"
"vidharthreddy","m","en"
"vidhi","f","en"
"vidit","m","en"
"vidya","f","en"
"vidyut","m","en"
"vidyuth","m","en"
"vielka","f","en"
"viena","f","en"
"vienna","f","en"
"vienne","f","en"
"viera","f","en"
"vierra","f","en"
"viet","m","en"
"vietta","f","en"
"viggo","m","en"
"vigo","m","en"
"viha","f","en"
"vihaa","f","en"
"vihaan","m","en"
"vihaana","f","en"
"vihaanreddy","m","en"
"vihan","m","en"
"vihana","f","en"
"vijay","m","en"
"vika","f","en"
"vikram","m","en"
"vikramaditya","m","en"
"vikrant","m","en"
"vikranth","m","en"
"viktor","m","en"
"viktoria","f","en"
"viktoriya","f","en"
"vikyath","m","en"
"vila","f","en"
"viliami","m","en"
"vilma","f","en"
"vin","f","en"
"vina","f","en"
"vinay","m","en"
"vinaya","f","en"
"vinayak","m","en"
"vince","m","en"
"vincent","m","en"
"vincente","m","en"
"vincenza","f","en"
"vincenzo","m","en"
"vinh","m","en"
"vinicio","m","en"
"vinicius","m","en"
"vinnie","f","en"
"vinny","m","en"
"vinson","m","en"
"vintage","f","en"
"viola","f","en"
"violet","f","en"
"violeta","f","en"
"violeth","f","en"
"violett","f","en"
"violetta","f","en"
"violette","f","en"
"viona","f","en"
"viper","f","en"
"vir","m","en"
"vira","f","en"
"viraaj","m","en"
"viraat","m","en"
"viradhya","f","en"
"viraj","m","en"
"virajreddy","m","en"
"viransh","m","en"
"virat","m","en"
"viren","m","en"
"virgil","m","en"
"virgilio","m","en"
"virginia","f","en"
"viridian","f","en"
"viridiana","f","en"
"virlan","m","en"
"virsaviya","f","en"
"virtue","f","en"
"visenya","f","en"
"viserys","m","en"
"vishaan","m","en"
"vishagan","m","en"
"vishnu","m","en"
"vishrudh","m","en"
"vishrut","m","en"
"vishruth","m","en"
"vishwa","m","en"
"vishwak","m","en"
"vision","f","en"
"vita","f","en"
"vitali","m","en"
"vitalia","f","en"
"vitaliy","m","en"
"vitaly","m","en"
"vito","m","en"
"vitoria","f","en"
"vittoria","f","en"
"vittorio","m","en"
"viva","f","en"
"vivaan","m","en"
"vivaansh","m","en"
"vivan","m","en"
"vivansh","m","en"
"vivek","m","en"
"viveka","f","en"
"vivenna","f","en"
"vivi","f","en"
"vivia","f","en"
"vivian","f","en"
"viviana","f","en"
"viviane","f","en"
"viviann","f","en"
"vivianna","f","en"
"vivianne","f","en"
"vivica","f","en"
"vivie","f","en"
"vivien","f","en"
"vivienne","f","en"
"vivika","f","en"
"vivin","m","en"
"vivy","f","en"
"viya","f","en"
"viyaan","m","en"
"viyan","m","en"
"viyana","f","en"
"viyanshi","f","en"
"viyom","m","en"
"vizion","m","en"
"vlad","m","en"
"vlada","f","en"
"vladimir","m","en"
"vladislav","m","en"
"volodymyr","m","en"
"volvy","m","en"
"von","m","en"
"vonn","m","en"
"vontae","m","en"
"vonte","m","en"
"vraj","m","en"
"vriha","f","en"
"vrinda","f","en"
"vrisha","f","en"
"vuk","m","en"
"vukan","m","en"
"vung","f","en"
"vy","f","en"
"vyan","m","en"
"vyas","m","en"
"vyla","f","en"
"vylah","f","en"
"vylet","f","en"
"vylette","f","en"
"vyolet","f","en"
"vyom","m","en"
"waad","f","en"
"wacey","m","en"
"wade","m","en"
"waden","m","en"
"wadley","m","en"
"wael","m","en"
"waelyn","f","en"
"wafa","f","en"
"wafiq","m","en"
"wagner","m","en"
"wahab","m","en"
"wahaj","m","en"
"waiks","m","en"
"wailyn","f","en"
"wailynn","f","en"
"wajeeha","f","en"
"wajiha","f","en"
"wake","m","en"
"wakely","f","en"
"wakinyan","m","en"
"walden","m","en"
"wale","m","en"
"waleed","m","en"
"walela","f","en"
"waleska","f","en"
"wali","m","en"
"walid","m","en"
"walker","f","en"
"wallace","f","en"
"wallen","m","en"
"wallis","f","en"
"wally","m","en"
"walt","m","en"
"walter","m","en"
"walton","m","en"
"wanda","f","en"
"wander","m","en"
"wania","f","en"
"wanita","f","en"
"waniya","f","en"
"waniyah","f","en"
"wanya","m","en"
"ward","f","en"
"warda","f","en"
"warden","m","en"
"waris","m","en"
"warner","f","en"
"warren","f","en"
"warrick","m","en"
"warrior","m","en"
"waseem","m","en"
"washington","m","en"
"wasif","m","en"
"wasim","m","en"
"wassim","m","en"
"wateen","f","en"
"watson","m","en"
"watts","m","en"
"wattson","m","en"
"wave","m","en"
"waverlee","f","en"
"waverleigh","f","en"
"waverley","f","en"
"waverly","f","en"
"wayde","m","en"
"wayden","m","en"
"waylan","m","en"
"wayland","m","en"
"waylen","f","en"
"waylin","f","en"
"waylon","f","en"
"waylonn","m","en"
"waylyn","f","en"
"waylynn","f","en"
"waymon","m","en"
"wayne","m","en"
"waziha","f","en"
"webb","m","en"
"webster","m","en"
"wednesday","f","en"
"weldon","m","en"
"welker","m","en"
"weller","m","en"
"welles","m","en"
"wellesley","f","en"
"wellington","m","en"
"wells","f","en"
"wendall","m","en"
"wendel","m","en"
"wendell","m","en"
"wendolyn","f","en"
"wendy","f","en"
"wenona","f","en"
"wensley","m","en"
"werner","m","en"
"wes","m","en"
"weslan","m","en"
"weslee","f","en"
"wesleigh","f","en"
"weslen","m","en"
"wesley","m","en"
"weslie","f","en"
"weslin","m","en"
"wesly","m","en"
"weslyn","f","en"
"weslynn","f","en"
"wess","m","en"
"wesson","m","en"
"wessyn","m","en"
"west","m","en"
"westen","m","en"
"western","m","en"
"westin","m","en"
"westlee","m","en"
"westley","f","en"
"westly","m","en"
"westlyn","f","en"
"westlynn","f","en"
"weston","f","en"
"westyn","f","en"
"westynn","m","en"
"weyland","m","en"
"weylin","m","en"
"weylyn","m","en"
"whalen","m","en"
"wheeler","m","en"
"whelan","m","en"
"whelen","m","en"
"whiskey","f","en"
"whisper","f","en"
"whit","m","en"
"whitaker","m","en"
"whitfield","m","en"
"whitlee","f","en"
"whitleigh","f","en"
"whitley","f","en"
"whitman","m","en"
"whitney","f","en"
"whitt","m","en"
"whittaker","m","en"
"whitten","m","en"
"whitton","m","en"
"whyatt","m","en"
"whynter","f","en"
"widley","m","en"
"wiktoria","f","en"
"wil","m","en"
"wilber","m","en"
"wilbert","m","en"
"wilbur","m","en"
"wild","f","en"
"wilde","m","en"
"wilden","m","en"
"wilder","f","en"
"wiley","f","en"
"wilford","m","en"
"wilfred","m","en"
"wilfredo","m","en"
"wilfrido","m","en"
"wilhelm","m","en"
"wilhelmina","f","en"
"wilhelmine","f","en"
"wilhemina","f","en"
"wiliam","m","en"
"wilian","m","en"
"wilianny","f","en"
"wilkes","m","en"
"wilkin","m","en"
"will","m","en"
"willa","f","en"
"willah","f","en"
"willamae","f","en"
"willamina","f","en"
"willard","m","en"
"willem","m","en"
"willemina","f","en"
"willett","m","en"
"william","m","en"
"williams","m","en"
"williamson","m","en"
"willian","m","en"
"willie","f","en"
"willis","m","en"
"willo","f","en"
"willoh","f","en"
"willoughby","f","en"
"willow","f","en"
"willowgrace","f","en"
"willowmae","f","en"
"wills","m","en"
"willy","m","en"
"wilma","f","en"
"wilman","m","en"
"wilmar","m","en"
"wilmary","f","en"
"wilmer","m","en"
"wilondja","m","en"
"wilson","m","en"
"wilton","m","en"
"wilver","m","en"
"wimberley","f","en"
"win","f","en"
"winchester","m","en"
"windell","m","en"
"windsor","f","en"
"winfield","m","en"
"winfred","m","en"
"winifred","f","en"
"winn","f","en"
"winner","f","en"
"winni","f","en"
"winnie","f","en"
"winnifred","f","en"
"winny","f","en"
"winona","f","en"
"winonna","f","en"
"winry","f","en"
"winslet","f","en"
"winsley","f","en"
"winslie","f","en"
"winslow","f","en"
"winsome","f","en"
"winson","m","en"
"winsten","m","en"
"winston","f","en"
"winstyn","m","en"
"winter","f","en"
"winterrose","f","en"
"winthrop","m","en"
"winton","m","en"
"wirth","m","en"
"wisam","m","en"
"wisdom","f","en"
"wise","m","en"
"wissam","m","en"
"wisteria","f","en"
"witt","m","en"
"witten","f","en"
"wizdom","m","en"
"wolf","m","en"
"wolfe","m","en"
"wolfgang","m","en"
"wolfram","m","en"
"wonder","f","en"
"wood","f","en"
"woodensky","m","en"
"woodford","m","en"
"woodland","m","en"
"woodley","m","en"
"woodrow","m","en"
"woods","f","en"
"woodson","m","en"
"woody","m","en"
"woojin","m","en"
"worth","m","en"
"worthy","f","en"
"wrangler","m","en"
"wren","f","en"
"wrenlee","f","en"
"wrenleigh","f","en"
"wrenley","f","en"
"wrenli","f","en"
"wrenlie","f","en"
"wrenly","f","en"
"wrenlyn","f","en"
"wrenlynn","f","en"
"wrenn","f","en"
"wrenna","f","en"
"wrennlee","f","en"
"wrennley","f","en"
"wrett","m","en"
"wright","m","en"
"wrigley","f","en"
"wriley","f","en"
"wrinley","f","en"
"wryder","m","en"
"wryn","f","en"
"wrynlee","f","en"
"wrynleigh","f","en"
"wrynley","f","en"
"wrynn","f","en"
"wulf","m","en"
"wulfric","m","en"
"wyatt","m","en"
"wyeth","m","en"
"wylan","m","en"
"wyland","m","en"
"wylde","m","en"
"wylder","f","en"
"wylee","f","en"
"wyleigh","f","en"
"wyler","m","en"
"wylie","f","en"
"wyllow","f","en"
"wyman","m","en"
"wyn","m","en"
"wyndham","m","en"
"wynn","f","en"
"wynne","f","en"
"wynnie","f","en"
"wynnter","f","en"
"wynona","f","en"
"wynonna","f","en"
"wynston","m","en"
"wynter","f","en"
"wynterrose","f","en"
"wynton","m","en"
"wyoming","f","en"
"wysdom","f","en"
"wyse","m","en"
"wysteria","f","en"
"wyyomi","f","en"
"xabi","m","en"
"xacari","m","en"
"xaden","m","en"
"xadiel","m","en"
"xadrian","m","en"
"xaeden","m","en"
"xael","m","en"
"xaela","f","en"
"xaelyn","m","en"
"xai","m","en"
"xaia","f","en"
"xaiden","m","en"
"xaidyn","m","en"
"xaila","f","en"
"xailee","f","en"
"xailyn","m","en"
"xailynn","f","en"
"xain","m","en"
"xaine","m","en"
"xaire","m","en"
"xaiver","m","en"
"xaiya","f","en"
"xakai","m","en"
"xakari","m","en"
"xalani","f","en"
"xaleigh","f","en"
"xalia","f","en"
"xamara","f","en"
"xamari","f","en"
"xamaya","f","en"
"xamir","m","en"
"xamira","f","en"
"xamora","f","en"
"xan","m","en"
"xana","f","en"
"xander","f","en"
"xandra","f","en"
"xandri","m","en"
"xandria","f","en"
"xandro","m","en"
"xane","m","en"
"xania","f","en"
"xaniah","f","en"
"xaniyah","f","en"
"xanna","f","en"
"xannon","m","en"
"xanthe","f","en"
"xanthi","f","en"
"xanti","m","en"
"xantiago","m","en"
"xara","f","en"
"xareni","f","en"
"xareny","f","en"
"xari","f","en"
"xaria","f","en"
"xariah","f","en"
"xariyah","f","en"
"xavi","m","en"
"xavia","f","en"
"xavian","m","en"
"xavianna","f","en"
"xaviar","m","en"
"xavien","m","en"
"xavier","m","en"
"xaviera","f","en"
"xavion","m","en"
"xavior","m","en"
"xavius","m","en"
"xavyer","m","en"
"xayah","f","en"
"xayden","m","en"
"xayla","f","en"
"xaylah","f","en"
"xaylee","f","en"
"xaylen","m","en"
"xaylin","m","en"
"xayn","m","en"
"xayne","m","en"
"xayvian","m","en"
"xayvier","m","en"
"xayvion","m","en"
"xela","f","en"
"xelena","f","en"
"xen","f","en"
"xena","f","en"
"xenia","f","en"
"xeno","m","en"
"xenobia","f","en"
"xenovia","f","en"
"xeon","m","en"
"xeraphina","f","en"
"xerxes","m","en"
"xhuri","f","en"
"xi","f","en"
"xia","f","en"
"xiadani","f","en"
"xiah","f","en"
"xiaire","m","en"
"xiamara","f","en"
"xiamora","f","en"
"xian","m","en"
"xiana","f","en"
"xiani","f","en"
"xianna","f","en"
"xiara","f","en"
"xiclali","f","en"
"xienna","f","en"
"xila","f","en"
"xilah","f","en"
"xilei","f","en"
"xilena","f","en"
"xilenia","f","en"
"xilo","m","en"
"ximena","f","en"
"ximenna","f","en"
"ximora","f","en"
"xin","f","en"
"xio","f","en"
"xiolani","f","en"
"xiomar","m","en"
"xiomara","f","en"
"xiomari","f","en"
"xiomora","f","en"
"xion","m","en"
"xitali","f","en"
"xitlali","f","en"
"xitlalli","f","en"
"xitlaly","f","en"
"xitllali","f","en"
"xiya","f","en"
"xoan","m","en"
"xochi","f","en"
"xochilt","f","en"
"xochiquetzal","f","en"
"xochitl","f","en"
"xoe","f","en"
"xoelie","f","en"
"xoemi","f","en"
"xoey","f","en"
"xoie","f","en"
"xola","f","en"
"xolani","f","en"
"xolany","f","en"
"xora","f","en"
"xori","f","en"
"xuri","f","en"
"xya","f","en"
"xyair","m","en"
"xyaire","m","en"
"xyan","m","en"
"xyani","f","en"
"xyelle","f","en"
"xyion","m","en"
"xyla","f","en"
"xylah","f","en"
"xylan","m","en"
"xylani","f","en"
"xylee","f","en"
"xyleigh","f","en"
"xylen","m","en"
"xyler","m","en"
"xylia","f","en"
"xyliah","f","en"
"xylie","f","en"
"xylo","f","en"
"xylon","m","en"
"xymir","m","en"
"xyon","m","en"
"xyra","f","en"
"xzander","m","en"
"xzavia","f","en"
"xzavian","m","en"
"xzavien","m","en"
"xzavier","m","en"
"xzavion","m","en"
"xzavior","m","en"
"xzayvier","m","en"
"xzayvion","m","en"
"yaa","f","en"
"yaakov","m","en"
"yaamir","m","en"
"yaara","f","en"
"yaasir","m","en"
"yachet","f","en"
"yacine","f","en"
"yacob","m","en"
"yacoub","m","en"
"yadel","m","en"
"yader","m","en"
"yadiel","m","en"
"yadier","m","en"
"yadir","m","en"
"yadira","f","en"
"yadriel","m","en"
"yael","f","en"
"yaeli","f","en"
"yaelis","f","en"
"yaelle","f","en"
"yafa","f","en"
"yafet","m","en"
"yaffa","f","en"
"yago","m","en"
"yahaira","f","en"
"yahari","f","en"
"yahel","m","en"
"yaheli","f","en"
"yahia","m","en"
"yahir","m","en"
"yahki","m","en"
"yahlani","f","en"
"yahmari","m","en"
"yahmir","m","en"
"yahna","f","en"
"yahra","f","en"
"yahri","f","en"
"yahritza","f","en"
"yahshua","m","en"
"yahsir","m","en"
"yahvi","f","en"
"yahweh","m","en"
"yahya","m","en"
"yahye","m","en"
"yahziel","m","en"
"yaiden","m","en"
"yailani","f","en"
"yaileen","f","en"
"yailin","f","en"
"yailyn","f","en"
"yair","m","en"
"yaira","f","en"
"yaiza","f","en"
"yajaira","f","en"
"yajat","m","en"
"yakelin","f","en"
"yakim","m","en"
"yakira","f","en"
"yakov","m","en"
"yalani","f","en"
"yalda","f","en"
"yalena","f","en"
"yaleni","f","en"
"yali","f","en"
"yalia","f","en"
"yalina","f","en"
"yalit","f","en"
"yalitza","f","en"
"yaliyah","f","en"
"yaman","m","en"
"yamari","f","en"
"yameen","m","en"
"yameiry","f","en"
"yameli","f","en"
"yamen","m","en"
"yami","f","en"
"yamil","m","en"
"yamila","f","en"
"yamile","f","en"
"yamilet","f","en"
"yamileth","f","en"
"yamilett","f","en"
"yamilette","f","en"
"yamilex","f","en"
"yamin","m","en"
"yamina","f","en"
"yaminah","f","en"
"yamir","m","en"
"yamira","f","en"
"yan","m","en"
"yana","f","en"
"yanai","f","en"
"yanaisy","f","en"
"yanal","m","en"
"yanara","f","en"
"yanay","f","en"
"yanaya","f","en"
"yancarlos","m","en"
"yandel","m","en"
"yandiel","m","en"
"yandriel","m","en"
"yaneisy","f","en"
"yaneli","f","en"
"yanelis","f","en"
"yaneliz","f","en"
"yanelli","f","en"
"yanelly","f","en"
"yanely","f","en"
"yanet","f","en"
"yaneth","f","en"
"yani","f","en"
"yaniel","m","en"
"yanina","f","en"
"yanira","f","en"
"yanis","f","en"
"yanitza","f","en"
"yaniv","m","en"
"yaniyah","f","en"
"yaniyla","f","en"
"yanky","m","en"
"yann","m","en"
"yanna","f","en"
"yanni","f","en"
"yannick","m","en"
"yannis","f","en"
"yansel","m","en"
"yansh","m","en"
"yanuel","m","en"
"yao","m","en"
"yaqeen","f","en"
"yaqoob","m","en"
"yaqoub","m","en"
"yaqub","m","en"
"yaquelin","f","en"
"yar","f","en"
"yara","f","en"
"yarah","f","en"
"yarden","m","en"
"yared","m","en"
"yarel","m","en"
"yareli","f","en"
"yarelis","f","en"
"yareliz","f","en"
"yarelli","f","en"
"yarely","f","en"
"yaremi","f","en"
"yaren","f","en"
"yareni","f","en"
"yaret","f","en"
"yareth","m","en"
"yaretzi","f","en"
"yaretzy","f","en"
"yari","f","en"
"yariah","f","en"
"yariana","f","en"
"yariel","m","en"
"yarielis","f","en"
"yarieliz","f","en"
"yarielys","f","en"
"yarin","f","en"
"yaritza","f","en"
"yaritzel","f","en"
"yaritzi","f","en"
"yaritzy","f","en"
"yariyah","f","en"
"yarizel","f","en"
"yarleny","f","en"
"yaron","m","en"
"yaroslav","m","en"
"yarra","f","en"
"yarrow","m","en"
"yaryna","f","en"
"yasai","m","en"
"yasani","f","en"
"yasaniy","f","en"
"yaseen","m","en"
"yaseer","m","en"
"yaseera","f","en"
"yasemin","f","en"
"yaser","m","en"
"yash","m","en"
"yasha","m","en"
"yashi","f","en"
"yashika","f","en"
"yashua","m","en"
"yashveer","m","en"
"yashvi","f","en"
"yashwin","m","en"
"yasiah","m","en"
"yasiel","m","en"
"yasiin","m","en"
"yasin","m","en"
"yasina","f","en"
"yasir","m","en"
"yasira","f","en"
"yaslin","f","en"
"yaslyn","f","en"
"yasma","f","en"
"yasmeen","f","en"
"yasmin","f","en"
"yasmina","f","en"
"yasmine","f","en"
"yasna","f","en"
"yasser","m","en"
"yassiel","m","en"
"yassin","m","en"
"yassine","m","en"
"yassir","m","en"
"yassira","f","en"
"yassmine","f","en"
"yasuke","m","en"
"yasuo","m","en"
"yates","m","en"
"yatharth","m","en"
"yatzari","f","en"
"yatzary","f","en"
"yatzil","f","en"
"yatziri","f","en"
"yatziry","f","en"
"yavani","f","en"
"yavi","f","en"
"yaw","m","en"
"yaxel","m","en"
"yaxeni","f","en"
"yaxiel","m","en"
"yaya","m","en"
"yaz","f","en"
"yazan","m","en"
"yazari","f","en"
"yazdan","m","en"
"yazeed","m","en"
"yazen","m","en"
"yazhan","m","en"
"yazhini","f","en"
"yazid","m","en"
"yaziel","m","en"
"yazin","m","en"
"yazir","m","en"
"yazira","f","en"
"yazlin","f","en"
"yazlyn","f","en"
"yazlynn","f","en"
"yazmeen","f","en"
"yazmin","f","en"
"yazmina","f","en"
"yazmine","f","en"
"yazmyn","f","en"
"yeab","m","en"
"yeager","m","en"
"yecheskel","m","en"
"yechezkel","m","en"
"yechiel","m","en"
"yedidya","m","en"
"yeferson","m","en"
"yefferson","m","en"
"yefri","m","en"
"yefry","m","en"
"yehia","m","en"
"yehoshua","m","en"
"yehuda","m","en"
"yehudah","m","en"
"yehudis","f","en"
"yehudit","f","en"
"yehya","m","en"
"yeico","m","en"
"yeicob","m","en"
"yeidan","m","en"
"yeiden","m","en"
"yeider","m","en"
"yeiko","m","en"
"yeilani","f","en"
"yeiler","m","en"
"yeilin","f","en"
"yeily","f","en"
"yeilyn","f","en"
"yeimi","f","en"
"yeimy","f","en"
"yeiner","m","en"
"yeiren","m","en"
"yeison","m","en"
"yelani","f","en"
"yelena","f","en"
"yelenny","f","en"
"yelianny","f","en"
"yelina","f","en"
"yelitza","f","en"
"yeltsin","m","en"
"yemariam","f","en"
"yemaryam","f","en"
"yemaya","f","en"
"yemi","f","en"
"yena","f","en"
"yeni","f","en"
"yenifer","f","en"
"yennefer","f","en"
"yennifer","f","en"
"yenty","f","en"
"yera","f","en"
"yerachmiel","m","en"
"yerai","m","en"
"yeral","m","en"
"yeray","m","en"
"yeremi","m","en"
"yeremiah","m","en"
"yeremy","m","en"
"yerick","m","en"
"yeriel","m","en"
"yerik","m","en"
"yesbeth","f","en"
"yesenia","f","en"
"yeshaya","m","en"
"yeshua","m","en"
"yesica","f","en"
"yesli","f","en"
"yeslin","f","en"
"yesly","f","en"
"yessenia","f","en"
"yessica","f","en"
"yetta","f","en"
"yetzael","m","en"
"yetzali","f","en"
"yetzel","m","en"
"yeva","f","en"
"yexalen","f","en"
"yeyetzi","f","en"
"yeyson","m","en"
"yezen","m","en"
"yeziel","m","en"
"ygnacio","m","en"
"yhael","m","en"
"yi","f","en"
"yian","f","en"
"yianni","m","en"
"yiannis","m","en"
"yichen","m","en"
"yicheng","m","en"
"yida","m","en"
"yiddy","m","en"
"yidel","m","en"
"yides","f","en"
"yien","m","en"
"yifan","m","en"
"yildiz","f","en"
"yilin","f","en"
"yimi","m","en"
"yiming","m","en"
"yina","f","en"
"yireh","m","en"
"yirmeyah","m","en"
"yisel","f","en"
"yisell","f","en"
"yiselle","f","en"
"yiseth","f","en"
"yishai","m","en"
"yisrael","m","en"
"yisraela","f","en"
"yisroel","m","en"
"yissel","f","en"
"yissochor","m","en"
"yitta","f","en"
"yitty","f","en"
"yitzchak","m","en"
"yitzchok","m","en"
"yitzhak","m","en"
"yixin","f","en"
"yiyang","m","en"
"yiyi","f","en"
"yliana","f","en"
"ylva","f","en"
"ymir","m","en"
"ynez","f","en"
"yoab","m","en"
"yoadan","f","en"
"yoakin","m","en"
"yoalli","f","en"
"yoan","m","en"
"yoana","f","en"
"yoandri","m","en"
"yoani","f","en"
"yoann","m","en"
"yoanna","f","en"
"yoas","m","en"
"yoatzi","f","en"
"yoav","m","en"
"yobani","m","en"
"yocelin","f","en"
"yocelyn","f","en"
"yochanan","m","en"
"yocheved","f","en"
"yoel","m","en"
"yogi","m","en"
"yohaan","m","en"
"yohan","m","en"
"yohana","f","en"
"yohanan","m","en"
"yohance","m","en"
"yohanes","m","en"
"yohann","m","en"
"yohanna","f","en"
"yohannes","m","en"
"yojana","f","en"
"yolanda","f","en"
"yolandi","f","en"
"yolani","f","en"
"yolany","f","en"
"yomi","f","en"
"yomii","f","en"
"yona","f","en"
"yonael","m","en"
"yonah","f","en"
"yonas","m","en"
"yonatan","m","en"
"yonathan","m","en"
"yoni","m","en"
"yonis","m","en"
"yoona","f","en"
"yordan","m","en"
"yordany","m","en"
"yordi","m","en"
"yordin","m","en"
"yordy","m","en"
"yori","f","en"
"yorick","m","en"
"yoridan","m","en"
"yoriel","m","en"
"york","m","en"
"yorleny","f","en"
"yosef","m","en"
"yoselin","f","en"
"yoseline","f","en"
"yoselyn","f","en"
"yoseph","m","en"
"yoshi","m","en"
"yoshmel","m","en"
"yoshua","m","en"
"yosiah","m","en"
"yosiel","m","en"
"yosmar","m","en"
"yosohn","m","en"
"yosra","f","en"
"yossef","m","en"
"yosselin","f","en"
"yossi","m","en"
"yostin","m","en"
"yostina","f","en"
"yosuani","f","en"
"youmna","f","en"
"younes","m","en"
"younis","m","en"
"younus","m","en"
"yousaf","m","en"
"yousef","m","en"
"yousif","m","en"
"yousra","f","en"
"youssef","m","en"
"youssouf","m","en"
"yousuf","m","en"
"yovani","m","en"
"yovanni","m","en"
"yovanny","m","en"
"yovany","m","en"
"yoyo","f","en"
"ysabel","f","en"
"ysabella","f","en"
"ysabelle","f","en"
"ysela","f","en"
"ysmael","m","en"
"ysrael","m","en"
"ytzel","f","en"
"yu","m","en"
"yuan","m","en"
"yuda","m","en"
"yudiel","m","en"
"yudith","f","en"
"yue","f","en"
"yug","m","en"
"yugan","m","en"
"yui","f","en"
"yujin","m","en"
"yuka","f","en"
"yuki","f","en"
"yuktha","f","en"
"yul","m","en"
"yulani","f","en"
"yuleidy","f","en"
"yuleimi","f","en"
"yuleimy","f","en"
"yuleini","f","en"
"yuleiny","f","en"
"yuleisy","f","en"
"yuleysi","f","en"
"yuli","f","en"
"yulia","f","en"
"yulian","m","en"
"yuliana","f","en"
"yulianna","f","en"
"yulianny","f","en"
"yuliet","f","en"
"yulieth","f","en"
"yulisa","f","en"
"yulissa","f","en"
"yulitza","f","en"
"yuliza","f","en"
"yuma","m","en"
"yume","f","en"
"yumi","f","en"
"yumiko","f","en"
"yumna","f","en"
"yuna","f","en"
"yunalesca","f","en"
"yunay","m","en"
"yunes","m","en"
"yunior","m","en"
"yunis","m","en"
"yuniza","f","en"
"yunuen","m","en"
"yunus","m","en"
"yura","f","en"
"yurani","f","en"
"yurem","m","en"
"yuri","f","en"
"yuriah","f","en"
"yuriana","f","en"
"yuridia","f","en"
"yuriel","m","en"
"yuritza","f","en"
"yuritzi","f","en"
"yuritzy","f","en"
"yusef","m","en"
"yusha","m","en"
"yusif","m","en"
"yusra","f","en"
"yusrah","f","en"
"yussef","m","en"
"yussuf","m","en"
"yusuf","m","en"
"yuthiel","m","en"
"yuto","m","en"
"yuva","m","en"
"yuvaan","m","en"
"yuvaansh","m","en"
"yuvan","m","en"
"yuvansh","m","en"
"yuven","m","en"
"yuvi","m","en"
"yuvia","f","en"
"yuvik","m","en"
"yuvika","f","en"
"yuvin","m","en"
"yuvinreddy","m","en"
"yuvraj","m","en"
"yuxuan","m","en"
"yuzu","f","en"
"yvaine","f","en"
"yvan","m","en"
"yvana","f","en"
"yvanna","f","en"
"yves","f","en"
"yvette","f","en"
"yvie","f","en"
"yvonne","f","en"
"yzabella","f","en"
"yzael","m","en"
"zaahir","m","en"
"zaara","f","en"
"zabdiel","m","en"
"zabella","f","en"
"zabibu","f","en"
"zabrina","f","en"
"zac","m","en"
"zacai","m","en"
"zacardi","m","en"
"zacari","f","en"
"zacariah","m","en"
"zacarias","m","en"
"zacarri","m","en"
"zaccai","m","en"
"zaccari","m","en"
"zacchaeus","m","en"
"zach","m","en"
"zachari","m","en"
"zacharia","m","en"
"zachariah","m","en"
"zacharias","m","en"
"zacharie","m","en"
"zachary","m","en"
"zachery","m","en"
"zack","m","en"
"zackariah","m","en"
"zackary","m","en"
"zackery","m","en"
"zada","f","en"
"zadarius","m","en"
"zadaya","f","en"
"zade","m","en"
"zaden","m","en"
"zadie","f","en"
"zadiel","m","en"
"zadkiel","m","en"
"zadok","m","en"
"zadquiel","m","en"
"zadrian","m","en"
"zadriel","m","en"
"zadyn","m","en"
"zae","m","en"
"zaeda","f","en"
"zaeden","m","en"
"zaedyn","m","en"
"zaeem","m","en"
"zael","m","en"
"zaela","f","en"
"zaelah","f","en"
"zaelani","f","en"
"zaelen","m","en"
"zaeli","f","en"
"zaelin","m","en"
"zaely","f","en"
"zaelyn","f","en"
"zaelynn","f","en"
"zaevion","m","en"
"zaeya","f","en"
"zafar","m","en"
"zafeera","f","en"
"zafir","m","en"
"zafira","f","en"
"zafirah","f","en"
"zafreen","f","en"
"zagreus","m","en"
"zaha","f","en"
"zahair","m","en"
"zahaire","m","en"
"zahan","m","en"
"zahar","m","en"
"zahara","f","en"
"zaharah","f","en"
"zahari","f","en"
"zaharia","f","en"
"zaharra","f","en"
"zahava","f","en"
"zahavi","m","en"
"zaheem","m","en"
"zaheen","m","en"
"zaheer","m","en"
"zaheim","m","en"
"zahi","m","en"
"zahia","f","en"
"zahid","m","en"
"zahida","f","en"
"zahier","m","en"
"zahil","m","en"
"zahin","m","en"
"zahir","m","en"
"zahira","f","en"
"zahirah","f","en"
"zahire","m","en"
"zahkai","m","en"
"zahkari","m","en"
"zahkeem","m","en"
"zahki","m","en"
"zahlia","f","en"
"zahmari","m","en"
"zahmere","m","en"
"zahmir","m","en"
"zahniyah","f","en"
"zahra","f","en"
"zahraa","f","en"
"zahrah","f","en"
"zahran","m","en"
"zahria","f","en"
"zahriah","f","en"
"zahriya","f","en"
"zahriyah","f","en"
"zahyan","m","en"
"zai","f","en"
"zaia","f","en"
"zaiah","f","en"
"zaid","m","en"
"zaida","f","en"
"zaidah","f","en"
"zaidan","m","en"
"zaide","m","en"
"zaidee","f","en"
"zaiden","m","en"
"zaidin","m","en"
"zaidy","f","en"
"zaidyn","m","en"
"zaiel","m","en"
"zaier","m","en"
"zaila","f","en"
"zailah","f","en"
"zailan","m","en"
"zailani","f","en"
"zailee","f","en"
"zaileigh","f","en"
"zailen","m","en"
"zailey","f","en"
"zaily","f","en"
"zailyn","f","en"
"zailynn","f","en"
"zaim","m","en"
"zaima","f","en"
"zain","f","en"
"zaina","f","en"
"zainab","f","en"
"zainah","f","en"
"zaine","m","en"
"zaion","m","en"
"zaiori","f","en"
"zair","m","en"
"zaira","f","en"
"zairah","f","en"
"zaire","f","en"
"zaisha","f","en"
"zaivion","m","en"
"zaiya","f","en"
"zaiyah","f","en"
"zaiyan","m","en"
"zaiyden","m","en"
"zaiyn","m","en"
"zaiyon","m","en"
"zak","m","en"
"zakai","f","en"
"zakaiah","m","en"
"zakaii","m","en"
"zakaius","m","en"
"zakaiyah","f","en"
"zakani","m","en"
"zakar","m","en"
"zakari","f","en"
"zakaria","f","en"
"zakariah","f","en"
"zakarie","m","en"
"zakarii","m","en"
"zakariya","m","en"
"zakariyah","m","en"
"zakariye","m","en"
"zakariyya","m","en"
"zakarri","m","en"
"zakary","m","en"
"zakhai","m","en"
"zakhar","m","en"
"zakhari","f","en"
"zakhi","m","en"
"zaki","m","en"
"zakia","f","en"
"zakiah","f","en"
"zakir","m","en"
"zakira","f","en"
"zakirah","f","en"
"zakius","m","en"
"zakiy","m","en"
"zakiya","f","en"
"zakiyah","f","en"
"zakiyus","m","en"
"zakkai","m","en"
"zakkary","m","en"
"zakye","m","en"
"zakyiah","f","en"
"zakyius","m","en"
"zakyla","f","en"
"zakylah","f","en"
"zakyra","f","en"
"zakyrie","m","en"
"zala","f","en"
"zalaiya","f","en"
"zalaiyah","f","en"
"zalani","f","en"
"zalaya","f","en"
"zalayah","f","en"
"zalayla","f","en"
"zale","m","en"
"zalea","f","en"
"zaleah","f","en"
"zaleigh","f","en"
"zaleigha","f","en"
"zalen","m","en"
"zalena","f","en"
"zaley","f","en"
"zaleya","f","en"
"zaleyah","f","en"
"zali","f","en"
"zalia","f","en"
"zaliah","f","en"
"zalina","f","en"
"zaliya","f","en"
"zaliyah","f","en"
"zalman","m","en"
"zalmen","m","en"
"zalylah","f","en"
"zamani","f","en"
"zamar","f","en"
"zamara","f","en"
"zamarah","f","en"
"zamari","f","en"
"zamaria","f","en"
"zamariah","f","en"
"zamarion","m","en"
"zamariya","f","en"
"zamariyah","f","en"
"zamaya","f","en"
"zameer","m","en"
"zameera","f","en"
"zameir","m","en"
"zamere","m","en"
"zamia","f","en"
"zamiah","f","en"
"zamien","m","en"
"zamier","m","en"
"zamin","m","en"
"zamina","f","en"
"zamir","m","en"
"zamira","f","en"
"zamirah","f","en"
"zamire","m","en"
"zamiri","f","en"
"zamiria","f","en"
"zamiya","f","en"
"zamiyah","f","en"
"zamoni","f","en"
"zamora","f","en"
"zamorah","f","en"
"zamoura","f","en"
"zamya","f","en"
"zamyah","f","en"
"zamyia","f","en"
"zamyiah","f","en"
"zamyla","f","en"
"zamyr","m","en"
"zamyra","f","en"
"zamzam","f","en"
"zan","m","en"
"zana","f","en"
"zanae","f","en"
"zanai","f","en"
"zanaiya","f","en"
"zanari","f","en"
"zanaria","f","en"
"zanaya","f","en"
"zanayah","f","en"
"zanden","m","en"
"zander","m","en"
"zandon","m","en"
"zandria","f","en"
"zandyr","m","en"
"zane","f","en"
"zaneri","f","en"
"zaneya","f","en"
"zani","f","en"
"zania","f","en"
"zaniah","f","en"
"zaniya","f","en"
"zaniyah","f","en"
"zaniyla","f","en"
"zaniylah","f","en"
"zanna","f","en"
"zannah","f","en"
"zanobia","f","en"
"zanova","f","en"
"zanovah","f","en"
"zanovia","f","en"
"zanoviah","f","en"
"zanya","f","en"
"zanyah","f","en"
"zanyiah","f","en"
"zanyla","f","en"
"zanylah","f","en"
"zao","m","en"
"zaphira","f","en"
"zaqueo","m","en"
"zara","f","en"
"zarae","f","en"
"zarah","f","en"
"zarahi","f","en"
"zarai","f","en"
"zaraiah","f","en"
"zaraiya","f","en"
"zaraiyah","f","en"
"zaraya","f","en"
"zarayah","f","en"
"zared","m","en"
"zareen","f","en"
"zareh","m","en"
"zarek","m","en"
"zareth","f","en"
"zareyah","f","en"
"zarha","f","en"
"zari","f","en"
"zaria","f","en"
"zariah","f","en"
"zarian","m","en"
"zariana","f","en"
"zarianna","f","en"
"zarie","f","en"
"zariel","f","en"
"zarielle","f","en"
"zarii","f","en"
"zarina","f","en"
"zarion","m","en"
"zarissa","f","en"
"zarius","m","en"
"zariya","f","en"
"zariyah","f","en"
"zaron","m","en"
"zaroon","m","en"
"zarra","f","en"
"zarrah","f","en"
"zarrar","m","en"
"zarriah","f","en"
"zarya","f","en"
"zaryah","f","en"
"zaryan","m","en"
"zaryia","f","en"
"zaryiah","f","en"
"zaryn","m","en"
"zatanna","f","en"
"zavannah","f","en"
"zavaya","f","en"
"zavayah","f","en"
"zaveah","f","en"
"zaven","m","en"
"zaveon","m","en"
"zaveya","f","en"
"zavi","m","en"
"zavia","f","en"
"zaviah","f","en"
"zavian","m","en"
"zaviar","m","en"
"zavien","m","en"
"zavier","m","en"
"zavina","f","en"
"zavion","m","en"
"zavior","m","en"
"zaviyaar","m","en"
"zaviyan","m","en"
"zaviyar","m","en"
"zavon","m","en"
"zawadi","f","en"
"zaxton","m","en"
"zaxtyn","m","en"
"zay","m","en"
"zaya","f","en"
"zayaan","m","en"
"zayah","f","en"
"zayair","m","en"
"zayan","m","en"
"zayana","f","en"
"zayani","f","en"
"zayanna","f","en"
"zayari","f","en"
"zayd","m","en"
"zayda","f","en"
"zaydaan","m","en"
"zaydan","m","en"
"zayde","m","en"
"zaydee","f","en"
"zayden","f","en"
"zaydenn","m","en"
"zaydi","f","en"
"zaydia","f","en"
"zaydin","m","en"
"zaydn","m","en"
"zaydon","m","en"
"zaydrian","m","en"
"zaydyn","m","en"
"zaye","m","en"
"zayed","m","en"
"zayen","m","en"
"zayid","m","en"
"zayin","m","en"
"zayion","m","en"
"zayir","m","en"
"zayla","f","en"
"zaylah","f","en"
"zaylan","m","en"
"zayland","m","en"
"zaylani","f","en"
"zayleah","f","en"
"zaylee","f","en"
"zayleen","f","en"
"zaylei","f","en"
"zayleigh","f","en"
"zaylen","f","en"
"zaylene","f","en"
"zayley","f","en"
"zayli","f","en"
"zaylia","f","en"
"zayliah","f","en"
"zayliana","f","en"
"zaylie","f","en"
"zaylin","f","en"
"zaylon","m","en"
"zaylor","m","en"
"zaylyn","f","en"
"zaylynn","f","en"
"zaymar","m","en"
"zaymir","m","en"
"zayn","f","en"
"zayna","f","en"
"zaynab","f","en"
"zaynah","f","en"
"zayne","f","en"
"zayneb","f","en"
"zayon","m","en"
"zayra","f","en"
"zayrah","f","en"
"zayshawn","m","en"
"zayven","m","en"
"zayveon","m","en"
"zayvia","f","en"
"zayvian","m","en"
"zayvien","m","en"
"zayvier","m","en"
"zayvin","m","en"
"zayvion","m","en"
"zayvon","m","en"
"zayyan","m","en"
"zazie","f","en"
"ze","m","en"
"zeal","m","en"
"zealan","m","en"
"zealand","f","en"
"zeanna","f","en"
"zeanni","f","en"
"zeb","m","en"
"zebadiah","m","en"
"zebastian","m","en"
"zebedee","m","en"
"zebediah","m","en"
"zebulon","m","en"
"zebulun","m","en"
"zecharia","m","en"
"zechariah","m","en"
"zed","m","en"
"zedekiah","m","en"
"zedrick","m","en"
"zee","m","en"
"zeek","m","en"
"zeena","f","en"
"zeenat","f","en"
"zeeshan","m","en"
"zeev","m","en"
"zeeva","f","en"
"zef","m","en"
"zeferino","m","en"
"zehaan","m","en"
"zehan","m","en"
"zehava","f","en"
"zehlani","f","en"
"zehra","f","en"
"zeid","m","en"
"zeidan","m","en"
"zeiden","m","en"
"zeidy","f","en"
"zeila","f","en"
"zein","m","en"
"zeina","f","en"
"zeinab","f","en"
"zeineth","f","en"
"zekai","m","en"
"zekani","m","en"
"zekari","m","en"
"zeke","m","en"
"zekiah","m","en"
"zekiel","m","en"
"zela","f","en"
"zelah","f","en"
"zelaia","f","en"
"zeland","m","en"
"zelani","f","en"
"zelaya","f","en"
"zelayah","f","en"
"zelda","f","en"
"zeldris","m","en"
"zeldy","f","en"
"zelena","f","en"
"zelia","f","en"
"zelie","f","en"
"zelig","m","en"
"zelina","f","en"
"zell","m","en"
"zella","f","en"
"zellie","f","en"
"zelma","f","en"
"zelyiana","f","en"
"zema","f","en"
"zemira","f","en"
"zemirah","f","en"
"zen","f","en"
"zena","f","en"
"zenab","f","en"
"zenaida","f","en"
"zenaya","f","en"
"zenayah","f","en"
"zenayda","f","en"
"zendaya","f","en"
"zendayah","f","en"
"zendeya","f","en"
"zeneyda","f","en"
"zeni","f","en"
"zenia","f","en"
"zeniah","f","en"
"zenith","f","en"
"zeniya","f","en"
"zeniyah","f","en"
"zenley","f","en"
"zenn","m","en"
"zenna","f","en"
"zenni","f","en"
"zennia","f","en"
"zeno","m","en"
"zenobia","f","en"
"zenon","m","en"
"zenora","f","en"
"zenovia","f","en"
"zenya","f","en"
"zenyah","f","en"
"zeo","m","en"
"zeon","m","en"
"zeph","m","en"
"zephan","m","en"
"zephaniah","f","en"
"zephyr","f","en"
"zephyra","f","en"
"zephyrus","m","en"
"zeplin","m","en"
"zeplynn","f","en"
"zeppelin","f","en"
"zepplin","m","en"
"zepplyn","m","en"
"zepplynn","f","en"
"zera","f","en"
"zerah","f","en"
"zerek","m","en"
"zeremiah","m","en"
"zerenity","f","en"
"zeriah","f","en"
"zerrick","m","en"
"zeruiah","f","en"
"zeta","f","en"
"zeth","m","en"
"zetta","f","en"
"zeus","m","en"
"zev","m","en"
"zeven","m","en"
"zevi","m","en"
"zevin","m","en"
"zeya","f","en"
"zeyad","m","en"
"zeyah","f","en"
"zeyd","m","en"
"zeyden","m","en"
"zeyla","f","en"
"zeylani","f","en"
"zeyn","m","en"
"zeyna","f","en"
"zeynab","f","en"
"zeyneb","f","en"
"zeynep","f","en"
"zeynet","f","en"
"zeyneth","f","en"
"zhair","m","en"
"zhaire","m","en"
"zhamir","m","en"
"zhamira","f","en"
"zhane","f","en"
"zhanna","f","en"
"zhara","f","en"
"zhari","f","en"
"zharia","f","en"
"zhavia","f","en"
"zhaviah","f","en"
"zhen","m","en"
"zhia","f","en"
"zhoe","f","en"
"zhuri","f","en"
"zhyair","m","en"
"zhyaire","m","en"
"zhyeir","m","en"
"zhymir","m","en"
"zhyon","m","en"
"zia","f","en"
"ziaan","m","en"
"ziad","m","en"
"ziah","f","en"
"ziair","m","en"
"ziaire","m","en"
"zian","m","en"
"ziana","f","en"
"ziani","f","en"
"zianna","f","en"
"ziar","m","en"
"ziara","f","en"
"ziarah","f","en"
"ziare","m","en"
"zias","m","en"
"zidaan","m","en"
"zidan","m","en"
"zidane","m","en"
"ziel","m","en"
"zienna","f","en"
"ziere","m","en"
"ziggy","f","en"
"zigmund","m","en"
"zihan","m","en"
"zikora","f","en"
"zila","f","en"
"zilah","f","en"
"zilani","f","en"
"zilas","m","en"
"ziley","f","en"
"zillah","f","en"
"zillion","m","en"
"zilyana","f","en"
"zilynn","f","en"
"zimal","f","en"
"zimara","f","en"
"zimir","m","en"
"zimri","f","en"
"zina","f","en"
"zinat","f","en"
"zinaya","f","en"
"zinnia","f","en"
"zino","m","en"
"ziomara","f","en"
"zion","f","en"
"ziona","f","en"
"zionna","f","en"
"zior","m","en"
"ziora","f","en"
"zipporah","f","en"
"zira","f","en"
"zirachi","f","en"
"ziraili","f","en"
"zirwa","f","en"
"zisha","m","en"
"zishe","m","en"
"zissel","f","en"
"zissy","f","en"
"zita","f","en"
"ziv","m","en"
"ziva","f","en"
"zivah","f","en"
"ziven","m","en"
"zivon","m","en"
"ziya","f","en"
"ziyaan","m","en"
"ziyad","m","en"
"ziyah","f","en"
"ziyair","m","en"
"ziyan","m","en"
"ziyana","f","en"
"ziyanna","f","en"
"ziyi","f","en"
"ziyir","m","en"
"ziyla","f","en"
"ziyon","m","en"
"ziza","f","en"
"zkai","m","en"
"zlata","f","en"
"zlatan","m","en"
"zlaty","f","en"
"zniyah","f","en"
"zo","f","en"
"zoa","f","en"
"zoah","m","en"
"zoe","f","en"
"zoee","f","en"
"zoei","f","en"
"zoejane","f","en"
"zoel","m","en"
"zoeli","f","en"
"zoella","f","en"
"zoelle","f","en"
"zoemi","f","en"
"zoemy","f","en"
"zoey","f","en"
"zofia","f","en"
"zoha","f","en"
"zohaan","m","en"
"zohaib","m","en"
"zohal","f","en"
"zohan","m","en"
"zohar","f","en"
"zohara","f","en"
"zohemy","f","en"
"zohra","f","en"
"zoi","f","en"
"zoie","f","en"
"zoiee","f","en"
"zoila","f","en"
"zola","f","en"
"zolan","m","en"
"zolani","f","en"
"zoltan","m","en"
"zona","f","en"
"zooey","f","en"
"zophia","f","en"
"zora","f","en"
"zorah","f","en"
"zoraida","f","en"
"zorain","m","en"
"zoraiz","m","en"
"zoran","m","en"
"zoravar","m","en"
"zorawar","m","en"
"zoraya","f","en"
"zoren","m","en"
"zori","f","en"
"zoria","f","en"
"zoriah","f","en"
"zorian","m","en"
"zoriana","f","en"
"zorie","f","en"
"zorina","f","en"
"zorion","m","en"
"zoriyah","f","en"
"zoro","m","en"
"zorro","m","en"
"zorya","f","en"
"zosia","f","en"
"zoya","f","en"
"zriyah","f","en"
"zuany","f","en"
"zubair","m","en"
"zubayr","m","en"
"zuha","f","en"
"zuhaib","m","en"
"zuhal","f","en"
"zuhayr","m","en"
"zuhra","f","en"
"zuhrah","f","en"
"zuhri","f","en"
"zuko","m","en"
"zula","f","en"
"zulaikha","f","en"
"zulay","f","en"
"zuleika","f","en"
"zuleima","f","en"
"zuleimy","f","en"
"zulema","f","en"
"zulett","f","en"
"zuley","f","en"
"zuleyka","f","en"
"zuleyma","f","en"
"zuleymi","f","en"
"zuli","f","en"
"zuliana","f","en"
"zully","f","en"
"zulma","f","en"
"zulqarnain","m","en"
"zuly","f","en"
"zuma","m","en"
"zunair","m","en"
"zunaira","f","en"
"zunairah","f","en"
"zunaisha","f","en"
"zuni","f","en"
"zura","f","en"
"zurah","f","en"
"zurain","m","en"
"zuree","f","en"
"zuri","f","en"
"zuria","f","en"
"zuriah","f","en"
"zuriana","f","en"
"zurianna","f","en"
"zurich","m","en"
"zurie","f","en"
"zuriel","f","en"
"zurielle","f","en"
"zurii","f","en"
"zurina","f","en"
"zurisadai","f","en"
"zuriya","f","en"
"zuriyah","f","en"
"zurmani","f","en"
"zurri","f","en"
"zury","f","en"
"zusha","m","en"
"zuzanna","f","en"
"zuzu","f","en"
"zvi","m","en"
"zy","m","en"
"zya","f","en"
"zyaan","m","en"
"zyah","f","en"
"zyahir","m","en"
"zyair","f","en"
"zyaira","f","en"
"zyairah","f","en"
"zyaire","f","en"
"zyamir","m","en"
"zyan","m","en"
"zyana","f","en"
"zyani","f","en"
"zyann","f","en"
"zyanna","f","en"
"zyanni","f","en"
"zyanya","f","en"
"zyari","f","en"
"zyarie","m","en"
"zyasia","f","en"
"zyden","m","en"
"zydn","m","en"
"zye","m","en"
"zyeir","m","en"
"zyel","m","en"
"zyell","m","en"
"zyelle","f","en"
"zyen","m","en"
"zyere","m","en"
"zygmunt","m","en"
"zyhaire","m","en"
"zyheir","m","en"
"zyhir","m","en"
"zyiah","f","en"
"zyian","m","en"
"zyier","m","en"
"zyion","m","en"
"zyir","m","en"
"zyire","m","en"
"zykari","m","en"
"zyking","m","en"
"zyla","f","en"
"zylah","f","en"
"zylan","m","en"
"zylani","f","en"
"zylas","m","en"
"zylee","f","en"
"zylen","m","en"
"zyler","m","en"
"zylia","f","en"
"zyliah","f","en"
"zylie","f","en"
"zylin","m","en"
"zylo","m","en"
"zylon","m","en"
"zylus","m","en"
"zylynn","f","en"
"zymarion","m","en"
"zymeir","m","en"
"zymere","m","en"
"zymeria","f","en"
"zymier","m","en"
"zymiere","m","en"
"zymir","m","en"
"zymira","f","en"
"zymire","m","en"
"zymirr","m","en"
"zyn","f","en"
"zynecia","f","en"
"zyniah","f","en"
"zynlee","f","en"
"zynn","f","en"
"zynnia","f","en"
"zyon","f","en"
"zyonn","m","en"
"zyonna","f","en"
"zyquan","m","en"
"zyra","f","en"
"zyrah","f","en"
"zyre","m","en"
"zyrell","m","en"
"zyren","m","en"
"zyri","f","en"
"zyria","f","en"
"zyriah","f","en"
"zyrie","m","en"
"zyrin","m","en"
"zyrus","m","en"
"zyshawn","m","en"
"zyva","f","en"
"aaron","m","es"
"abril","f","es"
"adrian","m","es"
"adriana","f","es"
"agnes","f","es"
"agustin","m","es"
"agustina","f","es"
"ainara","f","es"
"ainhoa","f","es"
"aitana","f","es"
"aitor","m","es"
"alaia","f","es"
"alba","f","es"
"alberto","m","es"
"alejandra","f","es"
"alejandro","m","es"
"alex","m","es"
"alfredo","m","es"
"alicia","f","es"
"alma","f","es"
"alvaro","m","es"
"amaia","f","es"
"amir","m","es"
"amparo","f","es"
"ana","f","es"
"ander","m","es"
"andoni","m","es"
"andrea","f","es"
"andres","m","es"
"ane","f","es"
"angel","m","es"
"angela","f","es"
"angeles","f","es"
"angustias","f","es"
"aniol","m","es"
"anna","f","es"
"antonella","f","es"
"antonio","m","es"
"ariadna","f","es"
"aritz","m","es"
"arlet","f","es"
"armando","m","es"
"arnau","m","es"
"aroa","f","es"
"arturo","m","es"
"ascension","f","es"
"asier","m","es"
"asuncion","f","es"
"aurora","f","es"
"axel","m","es"
"beatriz","f","es"
"belen","f","es"
"beñat","m","es"
"bernat","m","es"
"berta","f","es"
"bianca","f","es"
"biel","m","es"
"blanca","f","es"
"bruno","m","es"
"camila","f","es"
"candela","f","es"
"caridad","f","es"
"carla","f","es"
"carlos","m","es"
"carme","f","es"
"carmen","f","es"
"carolina","f","es"
"catalina","f","es"
"celia","f","es"
"cesar","m","es"
"clara","f","es"
"claudia","f","es"
"cloe","f","es"
"concepcion","f","es"
"conchi","f","es"
"constanza","f","es"
"consuelo","f","es"
"cristian","m","es"
"cristina","f","es"
"daniel","m","es"
"daniela","f","es"
"david","m","es"
"diana","f","es"
"diego","m","es"
"dolores","f","es"
"dolors","f","es"
"duna","f","es"
"dylan","m","es"
"eduardo","m","es"
"elena","f","es"
"elias","m","es"
"elsa","f","es"
"emilia","f","es"
"emilio","m","es"
"emma","f","es"
"encarna","f","es"
"encarnacion","f","es"
"eneko","m","es"
"enrique","m","es"
"eric","m","es"
"ernesto","m","es"
"esperanza","f","es"
"esteban","m","es"
"estrella","f","es"
"fabio","m","es"
"fe","f","es"
"felipe","m","es"
"fernando","m","es"
"florencia","f","es"
"francisca","f","es"
"francisco","m","es"
"gabriel","m","es"
"gabriela","f","es"
"gael","m","es"
"gala","f","es"
"garazi","f","es"
"gemma","f","es"
"gerardo","m","es"
"gisela","f","es"
"gloria","f","es"
"gonzalo","m","es"
"gorka","m","es"
"gregorio","m","es"
"guillem","m","es"
"guillermo","m","es"
"haizea","f","es"
"hector","m","es"
"helena","f","es"
"hugo","m","es"
"ian","m","es"
"ibai","m","es"
"ignacio","m","es"
"iker","m","es"
"ines","f","es"
"inmaculada","f","es"
"irati","f","es"
"irene","f","es"
"iris","f","es"
"isabel","f","es"
"isidora","f","es"
"ismael","m","es"
"ivan","m","es"
"izan","m","es"
"izaro","f","es"
"jaime","m","es"
"jan","m","es"
"jana","f","es"
"javier","m","es"
"jimena","f","es"
"joan","m","es"
"joaquin","m","es"
"jon","m","es"
"jorge","m","es"
"jose","m","es"
"josefa","f","es"
"josefina","f","es"
"juan","m","es"
"julen","m","es"
"julia","f","es"
"june","f","es"
"koldo","m","es"
"laia","f","es"
"laura","f","es"
"leire","f","es"
"leo","m","es"
"leonor","f","es"
"leyre","f","es"
"lia","f","es"
"liam","m","es"
"lluc","m","es"
"lola","f","es"
"lorenzo","m","es"
"loreto","f","es"
"lourdes","f","es"
"luca","m","es"
"lucas","m","es"
"lucia","f","es"
"luis","m","es"
"luisa","f","es"
"luna","f","es"
"luz","f","es"
"maite","f","es"
"manuel","m","es"
"manuela","f","es"
"mar","f","es"
"mara","f","es"
"marc","m","es"
"marco","m","es"
"marcos","m","es"
"margarita","f","es"
"maria","f","es"
"mariana","f","es"
"maribel","f","es"
"maricarmen","f","es"
"marina","f","es"
"mario","m","es"
"marisol","f","es"
"markel","m","es"
"marta","f","es"
"marti","m","es"
"martin","m","es"
"martina","f","es"
"mateo","m","es"
"matilde","f","es"
"mauricio","m","es"
"maya","f","es"
"melissa","f","es"
"mercedes","f","es"
"meritxell","f","es"
"mia","f","es"
"miguel","m","es"
"mikel","m","es"
"milagros","f","es"
"mireia","f","es"
"monica","f","es"
"montserrat","f","es"
"nahia","f","es"
"naia","f","es"
"naiara","f","es"
"natalia","f","es"
"nerea","f","es"
"nico","m","es"
"nicolas","m","es"
"nicole","f","es"
"nieves","f","es"
"nil","m","es"
"noa","f","es"
"noelia","f","es"
"nora","f","es"
"nuria","f","es"
"octavio","m","es"
"oier","m","es"
"oliver","m","es"
"olivia","f","es"
"ona","f","es"
"oriol","m","es"
"oscar","m","es"
"pablo","m","es"
"pascual","m","es"
"patricia","f","es"
"pau","m","es"
"paula","f","es"
"paz","f","es"
"pedro","m","es"
"pilar","f","es"
"pol","m","es"
"purificacion","f","es"
"queralt","f","es"
"rafael","m","es"
"rafaela","f","es"
"ramon","m","es"
"raquel","f","es"
"raul","m","es"
"remedios","f","es"
"renata","f","es"
"ricardo","m","es"
"rocio","f","es"
"rodrigo","m","es"
"roger","m","es"
"rosalia","f","es"
"rosario","f","es"
"roser","f","es"
"ruben","m","es"
"ruth","f","es"
"sagrario","f","es"
"salvador","m","es"
"sandra","f","es"
"santiago","m","es"
"sara","f","es"
"saul","m","es"
"sergio","m","es"
"silvia","f","es"
"simon","m","es"
"socorro","f","es"
"sofia","f","es"
"soledad","f","es"
"teresa","f","es"
"thiago","m","es"
"tomas","m","es"
"trini","f","es"
"trinidad","f","es"
"unai","m","es"
"valentina","f","es"
"valeria","f","es"
"vega","f","es"
"vera","f","es"
"veronica","f","es"
"vicenta","f","es"
"victor","m","es"
"victoria","f","es"
"virtudes","f","es"
"visitacion","f","es"
"yolanda","f","es"
"aaron","m","fr"
"adam","m","fr"
"adele","f","fr"
"adrien","m","fr"
"agathe","f","fr"
"alain","m","fr"
"albert","m","fr"
"alexandre","m","fr"
"alexia","f","fr"
"alfred","m","fr"
"alice","f","fr"
"ambre","f","fr"
"amina","f","fr"
"anais","f","fr"
"andre","m","fr"
"andree","f","fr"
"andrée","f","fr"
"anna","f","fr"
"anne","f","fr"
"annie","f","fr"
"antoine","m","fr"
"apolline","f","fr"
"apollon","m","fr"
"arthur","m","fr"
"audrey","f","fr"
"auguste","m","fr"
"augustin","m","fr"
"aurelie","f","fr"
"axel","m","fr"
"balthazar","m","fr"
"Baptiste","m","fr"
"basile","m","fr"
"benjamin","m","fr"
"bernard","m","fr"
"brigitte","f","fr"
"camille","f","fr"
"capucine","f","fr"
"catherine","f","fr"
"celine","f","fr"
"cesar","m","fr"
"chantal","f","fr"
"charles","m","fr"
"charlie","m","fr"
"charlotte","f","fr"
"chiara","f","fr"
"chloe","f","fr"
"christian","m","fr"
"christine","f","fr"
"christophe","m","fr"
"claire","f","fr"
"clara","f","fr"
"clemence","f","fr"
"clement","m","fr"
"clementine","f","fr"
"colette","f","fr"
"côme","m","fr"
"constance","f","fr"
"daniel","m","fr"
"danielle","f","fr"
"daphne","f","fr"
"delphine","f","fr"
"denise","f","fr"
"diane","f","fr"
"dominique","f","fr"
"dylan","m","fr"
"eden","f","fr"
"edouard","m","fr"
"elena","f","fr"
"elias","m","fr"
"eliott","m","fr"
"elise","f","fr"
"elodie","f","fr"
"eloise","f","fr"
"elsa","f","fr"
"emile","m","fr"
"emilie","f","fr"
"emma","f","fr"
"enzo","m","fr"
"esteban","m","fr"
"estelle","f","fr"
"ethan","m","fr"
"eugene","m","fr"
"eva","f","fr"
"evan","m","fr"
"fanny","f","fr"
"felix","m","fr"
"félix","m","fr"
"fernand","m","fr"
"fernande","f","fr"
"flora","f","fr"
"florian","m","fr"
"francois","m","fr"
"francoise","f","fr"
"gabin","m","fr"
"gabriel","m","fr"
"gabrielle","f","fr"
"gaspard","m","fr"
"gaston","m","fr"
"georges","m","fr"
"georgette","f","fr"
"gerard","m","fr"
"germaine","f","fr"
"ginette","f","fr"
"giulia","f","fr"
"hadrien","m","fr"
"hanna","f","fr"
"helene","f","fr"
"henri","m","fr"
"henriette","f","fr"
"hugo","m","fr"
"inaya","f","fr"
"ines","f","fr"
"iris","f","fr"
"isaac","m","fr"
"isabelle","f","fr"
"jacqueline","f","fr"
"jacques","m","fr"
"jade","f","fr"
"jeanne","f","fr"
"jeannine","f","fr"
"jennifer","f","fr"
"jeremy","m","fr"
"jessica","f","fr"
"joachim","m","fr"
"joseph","m","fr"
"josephine","f","fr"
"josette","f","fr"
"jules","m","fr"
"julia","f","fr"
"julie","f","fr"
"julien","m","fr"
"juliette","f","fr"
"kevin","m","fr"
"kiara","f","fr"
"laetitia","f","fr"
"laurent","m","fr"
"lea","f","fr"
"lena","f","fr"
"leo","m","fr"
"leon","m","fr"
"liam","m","fr"
"lila","f","fr"
"lina","f","fr"
"livia","f","fr"
"lola","f","fr"
"lou","f","fr"
"louis","m","fr"
"louise","f","fr"
"lucas","m","fr"
"lucie","f","fr"
"lucien","m","fr"
"lucienne","f","fr"
"luna","f","fr"
"madeleine","f","fr"
"mael","m","fr"
"maël","m","fr"
"maelys","f","fr"
"mahaut","f","fr"
"malo","m","fr"
"manon","f","fr"
"marcel","m","fr"
"marcelle","f","fr"
"margaux","f","fr"
"margot","f","fr"
"marguerite","f","fr"
"marie","f","fr"
"marine","f","fr"
"marion","f","fr"
"marius","m","fr"
"martin","m","fr"
"martine","f","fr"
"matheo","m","fr"
"mathias","m","fr"
"mathieu","m","fr"
"mathilde","f","fr"
"mathis","m","fr"
"matteo","m","fr"
"maurice","m","fr"
"maxence","m","fr"
"maxime","m","fr"
"maya","f","fr"
"melanie","f","fr"
"melissa","f","fr"
"michel","m","fr"
"michele","f","fr"
"mila","f","fr"
"milo","m","fr"
"monique","f","fr"
"morgane","f","fr"
"nael","m","fr"
"nathalie","f","fr"
"nathan","m","fr"
"nell","f","fr"
"nicolas","m","fr"
"nicole","f","fr"
"nina","f","fr"
"nino","m","fr"
"noah","m","fr"
"noam","m","fr"
"noé","m","fr"
"noemie","f","fr"
"nolan","m","fr"
"nour","f","fr"
"oceane","f","fr"
"octave","m","fr"
"olivier","m","fr"
"olympe","f","fr"
"oscar","m","fr"
"patricia","f","fr"
"patrick","m","fr"
"paul","m","fr"
"paulette","f","fr"
"pauline","f","fr"
"philippe","m","fr"
"philomene","f","fr"
"pierre","m","fr"
"pierrette","f","fr"
"quentin","m","fr"
"raphael","m","fr"
"raphaelle","f","fr"
"raymond","m","fr"
"raymonde","f","fr"
"remi","m","fr"
"rene","m","fr"
"renee","f","fr"
"robert","m","fr"
"robin","m","fr"
"roger","m","fr"
"romain","m","fr"
"romane","f","fr"
"rose","f","fr"
"sacha","m","fr"
"salome","f","fr"
"samuel","m","fr"
"sandra","f","fr"
"sarah","f","fr"
"selene","f","fr"
"simon","m","fr"
"simone","f","fr"
"sofia","f","fr"
"sophie","f","fr"
"stanislas","m","fr"
"stephanie","f","fr"
"suzanne","f","fr"
"sylvie","f","fr"
"thelma","f","fr"
"theo","m","fr"
"therese","f","fr"
"thomas","m","fr"
"tiago","m","fr"
"timeo","m","fr"
"timothe","m","fr"
"timothée","m","fr"
"tom","m","fr"
"ulysse","m","fr"
"valentin","m","fr"
"valentine","f","fr"
"vanessa","f","fr"
"victoire","f","fr"
"victor","m","fr"
"victoria","f","fr"
"vincent","m","fr"
"violette","f","fr"
"yanis","m","fr"
"yasmine","f","fr"
"yvette","f","fr"
"yvonne","f","fr"
"zoe","f","fr"
"zoey","f","fr"
